Starting server with Config HP="127.0.0.1:54562"|T="15000"|R="false"|L="trace"
time="2026-09-19T10:58:46-07:00" level=debug msg="Loading events"
time="2026-09-19T10:58:46-07:00" level=info msg="Creating root@localhost superuser"
time="2026-09-19T10:58:46-07:00" level=trace msg="Starting eventExecutor"
time="2026-09-19T10:58:46-07:00" level=trace msg="eventExecutor quiescing (no events, all databases quiescable)"
time="2026-09-19T10:58:46-07:00" level=trace msg="no previous replication running state; not auto starting replication"
time="2026-09-19T10:58:46-07:00" level=info msg="Server ready. Accepting connections."
time="2026-09-19T10:58:46-07:00" level=warning msg="secure_file_priv is set to \"\", which is insecure."
time="2026-09-19T10:58:46-07:00" level=warning msg="Any user with GRANT FILE privileges will be able to read any file which the sql-server process can read."
time="2026-09-19T10:58:46-07:00" level=warning msg="Please consider restarting the server with secure_file_priv set to a safe (or non-existent) directory."
time="2026-09-19T10:58:46-07:00" level=info msg=NewConnection DisableClientMultiStatements=false connectionID=1
time="2026-09-19T10:58:46-07:00" level=info msg=ConnectionClosed connectionID=1
time="2026-09-19T10:58:46-07:00" level=info msg=NewConnection DisableClientMultiStatements=false connectionID=2
time="2026-09-19T10:58:46-07:00" level=debug msg="Starting query" connectTime="2026-09-19 10:58:46.47337 -0700 PDT m=+0.479225501" connectionID=2 query="SHOW VARIABLES WHERE Variable_name IN ('dolt_author_name','dolt_author_email','dolt_committer_name','dolt_committer_email')" queryTime="2026-09-19 10:58:46.474722 -0700 PDT m=+0.480577460"
time="2026-09-19T10:58:46-07:00" level=trace msg="beginning execution" connectTime="2026-09-19 10:58:46.47337 -0700 PDT m=+0.479225501" connectionID=2 query="SHOW VARIABLES WHERE Variable_name IN ('dolt_author_name','dolt_author_email','dolt_committer_name','dolt_committer_email')" queryTime="2026-09-19 10:58:46.474842 -0700 PDT m=+0.480696793"
time="2026-09-19T10:58:46-07:00" level=trace msg="beginning new transaction" connectTime="2026-09-19 10:58:46.47337 -0700 PDT m=+0.479225501" connectionID=2 query="SHOW VARIABLES WHERE Variable_name IN ('dolt_author_name','dolt_author_email','dolt_committer_name','dolt_committer_email')"
time="2026-09-19T10:58:46-07:00" level=trace msg="spooling result row [VARCHAR(\"dolt_author_email\") VARCHAR(\"\")]" connectTime="2026-09-19 10:58:46.47337 -0700 PDT m=+0.479225501" connectionID=2 query="SHOW VARIABLES WHERE Variable_name IN ('dolt_author_name','dolt_author_email','dolt_committer_name','dolt_committer_email')"
time="2026-09-19T10:58:46-07:00" level=trace msg="spooling result row [VARCHAR(\"dolt_author_name\") VARCHAR(\"\")]" connectTime="2026-09-19 10:58:46.47337 -0700 PDT m=+0.479225501" connectionID=2 query="SHOW VARIABLES WHERE Variable_name IN ('dolt_author_name','dolt_author_email','dolt_committer_name','dolt_committer_email')"
time="2026-09-19T10:58:46-07:00" level=trace msg="spooling result row [VARCHAR(\"dolt_committer_email\") VARCHAR(\"\")]" connectTime="2026-09-19 10:58:46.47337 -0700 PDT m=+0.479225501" connectionID=2 query="SHOW VARIABLES WHERE Variable_name IN ('dolt_author_name','dolt_author_email','dolt_committer_name','dolt_committer_email')"
time="2026-09-19T10:58:46-07:00" level=trace msg="spooling result row [VARCHAR(\"dolt_committer_name\") VARCHAR(\"\")]" connectTime="2026-09-19 10:58:46.47337 -0700 PDT m=+0.479225501" connectionID=2 query="SHOW VARIABLES WHERE Variable_name IN ('dolt_author_name','dolt_author_email','dolt_committer_name','dolt_committer_email')"
time="2026-09-19T10:58:46-07:00" level=trace msg="committing transaction DoltTransaction" connectTime="2026-09-19 10:58:46.47337 -0700 PDT m=+0.479225501" connectionID=2 query="SHOW VARIABLES WHERE Variable_name IN ('dolt_author_name','dolt_author_email','dolt_committer_name','dolt_committer_email')"
time="2026-09-19T10:58:46-07:00" level=debug msg="Query finished in 43 ms" connectTime="2026-09-19 10:58:46.47337 -0700 PDT m=+0.479225501" connectionID=2 query="SHOW VARIABLES WHERE Variable_name IN ('dolt_author_name','dolt_author_email','dolt_committer_name','dolt_committer_email')" queryTime="2026-09-19 10:58:46.517587 -0700 PDT m=+0.523442501"
time="2026-09-19T10:58:46-07:00" level=debug msg="Starting query" connectTime="2026-09-19 10:58:46.47337 -0700 PDT m=+0.479225501" connectionID=2 query="SET @@SESSION.dolt_author_email = \"diagnostic@example.invalid\", @@SESSION.dolt_author_name = \"Diagnostic\", @@SESSION.dolt_committer_email = \"diagnostic@example.invalid\", @@SESSION.dolt_committer_name = \"Diagnostic\"" queryTime="2026-09-19 10:58:46.519425 -0700 PDT m=+0.525279710"
time="2026-09-19T10:58:46-07:00" level=trace msg="beginning execution" connectTime="2026-09-19 10:58:46.47337 -0700 PDT m=+0.479225501" connectionID=2 query="SET @@SESSION.dolt_author_email = \"diagnostic@example.invalid\", @@SESSION.dolt_author_name = \"Diagnostic\", @@SESSION.dolt_committer_email = \"diagnostic@example.invalid\", @@SESSION.dolt_committer_name = \"Diagnostic\"" queryTime="2026-09-19 10:58:46.519521 -0700 PDT m=+0.525376251"
time="2026-09-19T10:58:46-07:00" level=trace msg="beginning new transaction" connectTime="2026-09-19 10:58:46.47337 -0700 PDT m=+0.479225501" connectionID=2 query="SET @@SESSION.dolt_author_email = \"diagnostic@example.invalid\", @@SESSION.dolt_author_name = \"Diagnostic\", @@SESSION.dolt_committer_email = \"diagnostic@example.invalid\", @@SESSION.dolt_committer_name = \"Diagnostic\""
time="2026-09-19T10:58:46-07:00" level=trace msg="committing transaction DoltTransaction" connectTime="2026-09-19 10:58:46.47337 -0700 PDT m=+0.479225501" connectionID=2 query="SET @@SESSION.dolt_author_email = \"diagnostic@example.invalid\", @@SESSION.dolt_author_name = \"Diagnostic\", @@SESSION.dolt_committer_email = \"diagnostic@example.invalid\", @@SESSION.dolt_committer_name = \"Diagnostic\""
time="2026-09-19T10:58:46-07:00" level=trace msg="returning empty result" connectTime="2026-09-19 10:58:46.47337 -0700 PDT m=+0.479225501" connectionID=2 query="SET @@SESSION.dolt_author_email = \"diagnostic@example.invalid\", @@SESSION.dolt_author_name = \"Diagnostic\", @@SESSION.dolt_committer_email = \"diagnostic@example.invalid\", @@SESSION.dolt_committer_name = \"Diagnostic\""
time="2026-09-19T10:58:46-07:00" level=debug msg="Query finished in 6 ms" connectTime="2026-09-19 10:58:46.47337 -0700 PDT m=+0.479225501" connectionID=2 query="SET @@SESSION.dolt_author_email = \"diagnostic@example.invalid\", @@SESSION.dolt_author_name = \"Diagnostic\", @@SESSION.dolt_committer_email = \"diagnostic@example.invalid\", @@SESSION.dolt_committer_name = \"Diagnostic\"" queryTime="2026-09-19 10:58:46.525573 -0700 PDT m=+0.531428460"
time="2026-09-19T10:58:46-07:00" level=debug msg="Starting query" connectTime="2026-09-19 10:58:46.47337 -0700 PDT m=+0.479225501" connectionID=2 query="CREATE DATABASE hq" queryTime="2026-09-19 10:58:46.529289 -0700 PDT m=+0.535144210"
time="2026-09-19T10:58:46-07:00" level=trace msg="beginning execution" connectTime="2026-09-19 10:58:46.47337 -0700 PDT m=+0.479225501" connectionID=2 query="CREATE DATABASE hq" queryTime="2026-09-19 10:58:46.529445 -0700 PDT m=+0.535300418"
time="2026-09-19T10:58:46-07:00" level=trace msg="beginning new transaction" connectTime="2026-09-19 10:58:46.47337 -0700 PDT m=+0.479225501" connectionID=2 query="CREATE DATABASE hq"
time="2026-09-19T10:58:46-07:00" level=trace msg="eventExecutor woke from quiesce"
time="2026-09-19T10:58:46-07:00" level=trace msg="committing transaction DoltTransaction" connectTime="2026-09-19 10:58:46.47337 -0700 PDT m=+0.479225501" connectionID=2 query="CREATE DATABASE hq"
time="2026-09-19T10:58:46-07:00" level=trace msg="returning empty result" connectTime="2026-09-19 10:58:46.47337 -0700 PDT m=+0.479225501" connectionID=2 query="CREATE DATABASE hq"
time="2026-09-19T10:58:46-07:00" level=debug msg="Query finished in 117 ms" connectTime="2026-09-19 10:58:46.47337 -0700 PDT m=+0.479225501" connectionID=2 query="CREATE DATABASE hq" queryTime="2026-09-19 10:58:46.646609 -0700 PDT m=+0.652463126"
time="2026-09-19T10:58:46-07:00" level=trace msg="eventExecutor quiescing (no events, all databases quiescable)"
time="2026-09-19T10:58:46-07:00" level=info msg=ConnectionClosed connectionID=2
time="2026-09-19T10:58:48-07:00" level=info msg=NewConnection DisableClientMultiStatements=false connectionID=3
time="2026-09-19T10:58:48-07:00" level=info msg=NewConnection DisableClientMultiStatements=false connectionID=4
time="2026-09-19T10:58:48-07:00" level=info msg=ConnectionClosed connectionID=3
time="2026-09-19T10:58:48-07:00" level=debug msg="Starting query" connectTime="2026-09-19 10:58:48.459272 -0700 PDT m=+2.465119710" connectionID=4 query="SELECT @@max_allowed_packet" queryTime="2026-09-19 10:58:48.517261 -0700 PDT m=+2.523109293"
time="2026-09-19T10:58:48-07:00" level=trace msg="beginning execution" connectTime="2026-09-19 10:58:48.459272 -0700 PDT m=+2.465119710" connectionID=4 query="SELECT @@max_allowed_packet" queryTime="2026-09-19 10:58:48.521998 -0700 PDT m=+2.527845126"
time="2026-09-19T10:58:48-07:00" level=trace msg="beginning new transaction" connectTime="2026-09-19 10:58:48.459272 -0700 PDT m=+2.465119710" connectionID=4 query="SELECT @@max_allowed_packet"
time="2026-09-19T10:58:48-07:00" level=trace msg="spooling result row [UINT64(1073741824)]" connectTime="2026-09-19 10:58:48.459272 -0700 PDT m=+2.465119710" connectionID=4 query="SELECT @@max_allowed_packet"
time="2026-09-19T10:58:48-07:00" level=trace msg="committing transaction DoltTransaction" connectTime="2026-09-19 10:58:48.459272 -0700 PDT m=+2.465119710" connectionID=4 query="SELECT @@max_allowed_packet"
time="2026-09-19T10:58:48-07:00" level=trace msg="returning result &{[name:\"@@max_allowed_packet\" type:UINT64 org_name:\"@@max_allowed_packet\" column_length:20 charset:255 flags:32] 1 0  [[UINT64(1073741824)]] <nil>}" connectTime="2026-09-19 10:58:48.459272 -0700 PDT m=+2.465119710" connectionID=4 query="SELECT @@max_allowed_packet"
time="2026-09-19T10:58:48-07:00" level=debug msg="Query finished in 258 ms" connectTime="2026-09-19 10:58:48.459272 -0700 PDT m=+2.465119710" connectionID=4 query="SELECT @@max_allowed_packet" queryTime="2026-09-19 10:58:48.741157 -0700 PDT m=+2.747003043"
time="2026-09-19T10:58:48-07:00" level=debug msg="Starting query" connectTime="2026-09-19 10:58:48.459272 -0700 PDT m=+2.465119710" connectionID=4 query="SHOW DATABASES" queryTime="2026-09-19 10:58:48.847954 -0700 PDT m=+2.853799876"
time="2026-09-19T10:58:48-07:00" level=trace msg="beginning execution" connectTime="2026-09-19 10:58:48.459272 -0700 PDT m=+2.465119710" connectionID=4 query="SHOW DATABASES" queryTime="2026-09-19 10:58:48.850702 -0700 PDT m=+2.856547751"
time="2026-09-19T10:58:48-07:00" level=trace msg="beginning new transaction" connectTime="2026-09-19 10:58:48.459272 -0700 PDT m=+2.465119710" connectionID=4 query="SHOW DATABASES"
time="2026-09-19T10:58:48-07:00" level=trace msg="spooling result row [TEXT(\"hq\")]" connectTime="2026-09-19 10:58:48.459272 -0700 PDT m=+2.465119710" connectionID=4 query="SHOW DATABASES"
time="2026-09-19T10:58:48-07:00" level=trace msg="spooling result row [TEXT(\"information_schema\")]" connectTime="2026-09-19 10:58:48.459272 -0700 PDT m=+2.465119710" connectionID=4 query="SHOW DATABASES"
time="2026-09-19T10:58:48-07:00" level=trace msg="spooling result row [TEXT(\"mysql\")]" connectTime="2026-09-19 10:58:48.459272 -0700 PDT m=+2.465119710" connectionID=4 query="SHOW DATABASES"
time="2026-09-19T10:58:48-07:00" level=trace msg="committing transaction DoltTransaction" connectTime="2026-09-19 10:58:48.459272 -0700 PDT m=+2.465119710" connectionID=4 query="SHOW DATABASES"
time="2026-09-19T10:58:48-07:00" level=debug msg="Query finished in 41 ms" connectTime="2026-09-19 10:58:48.459272 -0700 PDT m=+2.465119710" connectionID=4 query="SHOW DATABASES" queryTime="2026-09-19 10:58:48.87202 -0700 PDT m=+2.877866335"
time="2026-09-19T10:58:48-07:00" level=info msg=NewConnection DisableClientMultiStatements=false connectionID=5
time="2026-09-19T10:58:48-07:00" level=debug msg="Starting query" connectTime="2026-09-19 10:58:48.905381 -0700 PDT m=+2.911227085" connectionDb=hq connectionID=5 query="SELECT @@max_allowed_packet" queryTime="2026-09-19 10:58:48.925543 -0700 PDT m=+2.931388543"
time="2026-09-19T10:58:48-07:00" level=trace msg="beginning execution" connectTime="2026-09-19 10:58:48.905381 -0700 PDT m=+2.911227085" connectionDb=hq connectionID=5 query="SELECT @@max_allowed_packet" queryTime="2026-09-19 10:58:48.92579 -0700 PDT m=+2.931635460"
time="2026-09-19T10:58:48-07:00" level=trace msg="beginning new transaction" connectTime="2026-09-19 10:58:48.905381 -0700 PDT m=+2.911227085" connectionDb=hq connectionID=5 query="SELECT @@max_allowed_packet"
time="2026-09-19T10:58:48-07:00" level=trace msg="spooling result row [UINT64(1073741824)]" connectTime="2026-09-19 10:58:48.905381 -0700 PDT m=+2.911227085" connectionDb=hq connectionID=5 query="SELECT @@max_allowed_packet"
time="2026-09-19T10:58:48-07:00" level=trace msg="committing transaction DoltTransaction" connectTime="2026-09-19 10:58:48.905381 -0700 PDT m=+2.911227085" connectionDb=hq connectionID=5 query="SELECT @@max_allowed_packet"
time="2026-09-19T10:58:48-07:00" level=trace msg="returning result &{[name:\"@@max_allowed_packet\" type:UINT64 org_name:\"@@max_allowed_packet\" column_length:20 charset:255 flags:32] 1 0  [[UINT64(1073741824)]] <nil>}" connectTime="2026-09-19 10:58:48.905381 -0700 PDT m=+2.911227085" connectionDb=hq connectionID=5 query="SELECT @@max_allowed_packet"
time="2026-09-19T10:58:48-07:00" level=debug msg="Query finished in 15 ms" connectTime="2026-09-19 10:58:48.905381 -0700 PDT m=+2.911227085" connectionDb=hq connectionID=5 query="SELECT @@max_allowed_packet" queryTime="2026-09-19 10:58:48.937816 -0700 PDT m=+2.943661668"
time="2026-09-19T10:58:48-07:00" level=info msg=ConnectionClosed connectionID=4
time="2026-09-19T10:58:48-07:00" level=debug msg="Starting query" connectTime="2026-09-19 10:58:48.905381 -0700 PDT m=+2.911227085" connectionDb=hq connectionID=5 query="SELECT COUNT(*) FROM information_schema.tables WHERE table_schema = DATABASE() AND table_name = 'schema_migrations'" queryTime="2026-09-19 10:58:48.972437 -0700 PDT m=+2.978282876"
time="2026-09-19T10:58:48-07:00" level=trace msg="beginning execution" connectTime="2026-09-19 10:58:48.905381 -0700 PDT m=+2.911227085" connectionDb=hq connectionID=5 query="SELECT COUNT(*) FROM information_schema.tables WHERE table_schema = DATABASE() AND table_name = 'schema_migrations'" queryTime="2026-09-19 10:58:48.972594 -0700 PDT m=+2.978439918"
time="2026-09-19T10:58:48-07:00" level=trace msg="beginning new transaction" connectTime="2026-09-19 10:58:48.905381 -0700 PDT m=+2.911227085" connectionDb=hq connectionID=5 query="SELECT COUNT(*) FROM information_schema.tables WHERE table_schema = DATABASE() AND table_name = 'schema_migrations'"
time="2026-09-19T10:58:49-07:00" level=trace msg="spooling result row [INT64(0)]" connectTime="2026-09-19 10:58:48.905381 -0700 PDT m=+2.911227085" connectionDb=hq connectionID=5 query="SELECT COUNT(*) FROM information_schema.tables WHERE table_schema = DATABASE() AND table_name = 'schema_migrations'"
time="2026-09-19T10:58:49-07:00" level=trace msg="committing transaction DoltTransaction" connectTime="2026-09-19 10:58:48.905381 -0700 PDT m=+2.911227085" connectionDb=hq connectionID=5 query="SELECT COUNT(*) FROM information_schema.tables WHERE table_schema = DATABASE() AND table_name = 'schema_migrations'"
time="2026-09-19T10:58:49-07:00" level=trace msg="returning result &{[name:\"COUNT(*)\" type:INT64 org_name:\"COUNT(*)\" column_length:20 charset:255 flags:1] 1 0  [[INT64(0)]] <nil>}" connectTime="2026-09-19 10:58:48.905381 -0700 PDT m=+2.911227085" connectionDb=hq connectionID=5 query="SELECT COUNT(*) FROM information_schema.tables WHERE table_schema = DATABASE() AND table_name = 'schema_migrations'"
time="2026-09-19T10:58:49-07:00" level=debug msg="Query finished in 53 ms" connectTime="2026-09-19 10:58:48.905381 -0700 PDT m=+2.911227085" connectionDb=hq connectionID=5 query="SELECT COUNT(*) FROM information_schema.tables WHERE table_schema = DATABASE() AND table_name = 'schema_migrations'" queryTime="2026-09-19 10:58:49.020828 -0700 PDT m=+3.026673251"
time="2026-09-19T10:58:49-07:00" level=info msg=NewConnection DisableClientMultiStatements=false connectionID=6
time="2026-09-19T10:58:49-07:00" level=debug msg="Starting query" connectTime="2026-09-19 10:58:49.061925 -0700 PDT m=+3.067769960" connectionDb=hq connectionID=6 query="SELECT @@max_allowed_packet" queryTime="2026-09-19 10:58:49.067887 -0700 PDT m=+3.073732001"
time="2026-09-19T10:58:49-07:00" level=trace msg="beginning execution" connectTime="2026-09-19 10:58:49.061925 -0700 PDT m=+3.067769960" connectionDb=hq connectionID=6 query="SELECT @@max_allowed_packet" queryTime="2026-09-19 10:58:49.072316 -0700 PDT m=+3.078160918"
time="2026-09-19T10:58:49-07:00" level=trace msg="beginning new transaction" connectTime="2026-09-19 10:58:49.061925 -0700 PDT m=+3.067769960" connectionDb=hq connectionID=6 query="SELECT @@max_allowed_packet"
time="2026-09-19T10:58:49-07:00" level=trace msg="spooling result row [UINT64(1073741824)]" connectTime="2026-09-19 10:58:49.061925 -0700 PDT m=+3.067769960" connectionDb=hq connectionID=6 query="SELECT @@max_allowed_packet"
time="2026-09-19T10:58:49-07:00" level=trace msg="committing transaction DoltTransaction" connectTime="2026-09-19 10:58:49.061925 -0700 PDT m=+3.067769960" connectionDb=hq connectionID=6 query="SELECT @@max_allowed_packet"
time="2026-09-19T10:58:49-07:00" level=trace msg="returning result &{[name:\"@@max_allowed_packet\" type:UINT64 org_name:\"@@max_allowed_packet\" column_length:20 charset:255 flags:32] 1 0  [[UINT64(1073741824)]] <nil>}" connectTime="2026-09-19 10:58:49.061925 -0700 PDT m=+3.067769960" connectionDb=hq connectionID=6 query="SELECT @@max_allowed_packet"
time="2026-09-19T10:58:49-07:00" level=debug msg="Query finished in 9 ms" connectTime="2026-09-19 10:58:49.061925 -0700 PDT m=+3.067769960" connectionDb=hq connectionID=6 query="SELECT @@max_allowed_packet" queryTime="2026-09-19 10:58:49.076917 -0700 PDT m=+3.082762918"
time="2026-09-19T10:58:49-07:00" level=debug msg="Starting query" connectTime="2026-09-19 10:58:49.061925 -0700 PDT m=+3.067769960" connectionDb=hq connectionID=6 query="SELECT COUNT(*) FROM information_schema.tables WHERE table_schema = DATABASE() AND table_name = 'schema_migrations'" queryTime="2026-09-19 10:58:49.080201 -0700 PDT m=+3.086045668"
time="2026-09-19T10:58:49-07:00" level=trace msg="beginning execution" connectTime="2026-09-19 10:58:49.061925 -0700 PDT m=+3.067769960" connectionDb=hq connectionID=6 query="SELECT COUNT(*) FROM information_schema.tables WHERE table_schema = DATABASE() AND table_name = 'schema_migrations'" queryTime="2026-09-19 10:58:49.080401 -0700 PDT m=+3.086246460"
time="2026-09-19T10:58:49-07:00" level=trace msg="beginning new transaction" connectTime="2026-09-19 10:58:49.061925 -0700 PDT m=+3.067769960" connectionDb=hq connectionID=6 query="SELECT COUNT(*) FROM information_schema.tables WHERE table_schema = DATABASE() AND table_name = 'schema_migrations'"
time="2026-09-19T10:58:49-07:00" level=trace msg="spooling result row [INT64(0)]" connectTime="2026-09-19 10:58:49.061925 -0700 PDT m=+3.067769960" connectionDb=hq connectionID=6 query="SELECT COUNT(*) FROM information_schema.tables WHERE table_schema = DATABASE() AND table_name = 'schema_migrations'"
time="2026-09-19T10:58:49-07:00" level=trace msg="committing transaction DoltTransaction" connectTime="2026-09-19 10:58:49.061925 -0700 PDT m=+3.067769960" connectionDb=hq connectionID=6 query="SELECT COUNT(*) FROM information_schema.tables WHERE table_schema = DATABASE() AND table_name = 'schema_migrations'"
time="2026-09-19T10:58:49-07:00" level=trace msg="returning result &{[name:\"COUNT(*)\" type:INT64 org_name:\"COUNT(*)\" column_length:20 charset:255 flags:1] 1 0  [[INT64(0)]] <nil>}" connectTime="2026-09-19 10:58:49.061925 -0700 PDT m=+3.067769960" connectionDb=hq connectionID=6 query="SELECT COUNT(*) FROM information_schema.tables WHERE table_schema = DATABASE() AND table_name = 'schema_migrations'"
time="2026-09-19T10:58:49-07:00" level=debug msg="Query finished in 3 ms" connectTime="2026-09-19 10:58:49.061925 -0700 PDT m=+3.067769960" connectionDb=hq connectionID=6 query="SELECT COUNT(*) FROM information_schema.tables WHERE table_schema = DATABASE() AND table_name = 'schema_migrations'" queryTime="2026-09-19 10:58:49.083505 -0700 PDT m=+3.089350251"
time="2026-09-19T10:58:49-07:00" level=debug msg="Starting query" connectTime="2026-09-19 10:58:49.061925 -0700 PDT m=+3.067769960" connectionDb=hq connectionID=6 query="SELECT DATABASE()" queryTime="2026-09-19 10:58:49.093702 -0700 PDT m=+3.099546543"
time="2026-09-19T10:58:49-07:00" level=trace msg="beginning execution" connectTime="2026-09-19 10:58:49.061925 -0700 PDT m=+3.067769960" connectionDb=hq connectionID=6 query="SELECT DATABASE()" queryTime="2026-09-19 10:58:49.093994 -0700 PDT m=+3.099839335"
time="2026-09-19T10:58:49-07:00" level=trace msg="beginning new transaction" connectTime="2026-09-19 10:58:49.061925 -0700 PDT m=+3.067769960" connectionDb=hq connectionID=6 query="SELECT DATABASE()"
time="2026-09-19T10:58:49-07:00" level=trace msg="spooling result row [TEXT(\"hq\")]" connectTime="2026-09-19 10:58:49.061925 -0700 PDT m=+3.067769960" connectionDb=hq connectionID=6 query="SELECT DATABASE()"
time="2026-09-19T10:58:49-07:00" level=trace msg="committing transaction DoltTransaction" connectTime="2026-09-19 10:58:49.061925 -0700 PDT m=+3.067769960" connectionDb=hq connectionID=6 query="SELECT DATABASE()"
time="2026-09-19T10:58:49-07:00" level=trace msg="returning result &{[name:\"DATABASE()\" type:TEXT org_name:\"DATABASE()\" column_length:4294967295 charset:255] 1 0  [[TEXT(\"hq\")]] <nil>}" connectTime="2026-09-19 10:58:49.061925 -0700 PDT m=+3.067769960" connectionDb=hq connectionID=6 query="SELECT DATABASE()"
time="2026-09-19T10:58:49-07:00" level=debug msg="Query finished in 8 ms" connectTime="2026-09-19 10:58:49.061925 -0700 PDT m=+3.067769960" connectionDb=hq connectionID=6 query="SELECT DATABASE()" queryTime="2026-09-19 10:58:49.101801 -0700 PDT m=+3.107646376"
time="2026-09-19T10:58:49-07:00" level=debug msg="Starting query" connectTime="2026-09-19 10:58:49.061925 -0700 PDT m=+3.067769960" connectionDb=hq connectionID=6 query="SELECT DATABASE()" queryTime="2026-09-19 10:58:49.113738 -0700 PDT m=+3.119583085"
time="2026-09-19T10:58:49-07:00" level=trace msg="beginning execution" connectTime="2026-09-19 10:58:49.061925 -0700 PDT m=+3.067769960" connectionDb=hq connectionID=6 query="SELECT DATABASE()" queryTime="2026-09-19 10:58:49.113848 -0700 PDT m=+3.119693085"
time="2026-09-19T10:58:49-07:00" level=trace msg="beginning new transaction" connectTime="2026-09-19 10:58:49.061925 -0700 PDT m=+3.067769960" connectionDb=hq connectionID=6 query="SELECT DATABASE()"
time="2026-09-19T10:58:49-07:00" level=trace msg="spooling result row [TEXT(\"hq\")]" connectTime="2026-09-19 10:58:49.061925 -0700 PDT m=+3.067769960" connectionDb=hq connectionID=6 query="SELECT DATABASE()"
time="2026-09-19T10:58:49-07:00" level=trace msg="committing transaction DoltTransaction" connectTime="2026-09-19 10:58:49.061925 -0700 PDT m=+3.067769960" connectionDb=hq connectionID=6 query="SELECT DATABASE()"
time="2026-09-19T10:58:49-07:00" level=trace msg="returning result &{[name:\"DATABASE()\" type:TEXT org_name:\"DATABASE()\" column_length:4294967295 charset:255] 1 0  [[TEXT(\"hq\")]] <nil>}" connectTime="2026-09-19 10:58:49.061925 -0700 PDT m=+3.067769960" connectionDb=hq connectionID=6 query="SELECT DATABASE()"
time="2026-09-19T10:58:49-07:00" level=debug msg="Query finished in 19 ms" connectTime="2026-09-19 10:58:49.061925 -0700 PDT m=+3.067769960" connectionDb=hq connectionID=6 query="SELECT DATABASE()" queryTime="2026-09-19 10:58:49.133428 -0700 PDT m=+3.139272460"
time="2026-09-19T10:58:49-07:00" level=debug msg="Starting query" connectTime="2026-09-19 10:58:49.061925 -0700 PDT m=+3.067769960" connectionDb=hq connectionID=6 query="SELECT COUNT(*) FROM information_schema.tables WHERE table_schema = DATABASE() AND table_name = 'schema_migrations'" queryTime="2026-09-19 10:58:49.140911 -0700 PDT m=+3.146756001"
time="2026-09-19T10:58:49-07:00" level=trace msg="beginning execution" connectTime="2026-09-19 10:58:49.061925 -0700 PDT m=+3.067769960" connectionDb=hq connectionID=6 query="SELECT COUNT(*) FROM information_schema.tables WHERE table_schema = DATABASE() AND table_name = 'schema_migrations'" queryTime="2026-09-19 10:58:49.141047 -0700 PDT m=+3.146891668"
time="2026-09-19T10:58:49-07:00" level=trace msg="beginning new transaction" connectTime="2026-09-19 10:58:49.061925 -0700 PDT m=+3.067769960" connectionDb=hq connectionID=6 query="SELECT COUNT(*) FROM information_schema.tables WHERE table_schema = DATABASE() AND table_name = 'schema_migrations'"
time="2026-09-19T10:58:49-07:00" level=trace msg="spooling result row [INT64(0)]" connectTime="2026-09-19 10:58:49.061925 -0700 PDT m=+3.067769960" connectionDb=hq connectionID=6 query="SELECT COUNT(*) FROM information_schema.tables WHERE table_schema = DATABASE() AND table_name = 'schema_migrations'"
time="2026-09-19T10:58:49-07:00" level=trace msg="committing transaction DoltTransaction" connectTime="2026-09-19 10:58:49.061925 -0700 PDT m=+3.067769960" connectionDb=hq connectionID=6 query="SELECT COUNT(*) FROM information_schema.tables WHERE table_schema = DATABASE() AND table_name = 'schema_migrations'"
time="2026-09-19T10:58:49-07:00" level=trace msg="returning result &{[name:\"COUNT(*)\" type:INT64 org_name:\"COUNT(*)\" column_length:20 charset:255 flags:1] 1 0  [[INT64(0)]] <nil>}" connectTime="2026-09-19 10:58:49.061925 -0700 PDT m=+3.067769960" connectionDb=hq connectionID=6 query="SELECT COUNT(*) FROM information_schema.tables WHERE table_schema = DATABASE() AND table_name = 'schema_migrations'"
time="2026-09-19T10:58:49-07:00" level=debug msg="Query finished in 12 ms" connectTime="2026-09-19 10:58:49.061925 -0700 PDT m=+3.067769960" connectionDb=hq connectionID=6 query="SELECT COUNT(*) FROM information_schema.tables WHERE table_schema = DATABASE() AND table_name = 'schema_migrations'" queryTime="2026-09-19 10:58:49.153543 -0700 PDT m=+3.159387960"
time="2026-09-19T10:58:49-07:00" level=debug msg="Starting query" connectTime="2026-09-19 10:58:49.061925 -0700 PDT m=+3.067769960" connectionDb=hq connectionID=6 query="SELECT GET_LOCK('bd_schema_init:hq', 5)" queryTime="2026-09-19 10:58:49.235788 -0700 PDT m=+3.241632168"
time="2026-09-19T10:58:49-07:00" level=trace msg="beginning execution" connectTime="2026-09-19 10:58:49.061925 -0700 PDT m=+3.067769960" connectionDb=hq connectionID=6 query="SELECT GET_LOCK('bd_schema_init:hq', 5)" queryTime="2026-09-19 10:58:49.23588 -0700 PDT m=+3.241724543"
time="2026-09-19T10:58:49-07:00" level=trace msg="beginning new transaction" connectTime="2026-09-19 10:58:49.061925 -0700 PDT m=+3.067769960" connectionDb=hq connectionID=6 query="SELECT GET_LOCK('bd_schema_init:hq', 5)"
time="2026-09-19T10:58:49-07:00" level=trace msg="spooling result row [INT8(1)]" connectTime="2026-09-19 10:58:49.061925 -0700 PDT m=+3.067769960" connectionDb=hq connectionID=6 query="SELECT GET_LOCK('bd_schema_init:hq', 5)"
time="2026-09-19T10:58:49-07:00" level=trace msg="committing transaction DoltTransaction" connectTime="2026-09-19 10:58:49.061925 -0700 PDT m=+3.067769960" connectionDb=hq connectionID=6 query="SELECT GET_LOCK('bd_schema_init:hq', 5)"
time="2026-09-19T10:58:49-07:00" level=trace msg="returning result &{[name:\"GET_LOCK('bd_schema_init:hq', 5)\" type:INT8 org_name:\"GET_LOCK('bd_schema_init:hq', 5)\" column_length:4 charset:255 flags:1] 1 0  [[INT8(1)]] <nil>}" connectTime="2026-09-19 10:58:49.061925 -0700 PDT m=+3.067769960" connectionDb=hq connectionID=6 query="SELECT GET_LOCK('bd_schema_init:hq', 5)"
time="2026-09-19T10:58:49-07:00" level=debug msg="Query finished in 6 ms" connectTime="2026-09-19 10:58:49.061925 -0700 PDT m=+3.067769960" connectionDb=hq connectionID=6 query="SELECT GET_LOCK('bd_schema_init:hq', 5)" queryTime="2026-09-19 10:58:49.241951 -0700 PDT m=+3.247795376"
time="2026-09-19T10:58:49-07:00" level=debug msg="Starting query" connectTime="2026-09-19 10:58:49.061925 -0700 PDT m=+3.067769960" connectionDb=hq connectionID=6 query="SELECT COUNT(*) FROM information_schema.tables WHERE table_schema = DATABASE() AND table_name = 'schema_migrations'" queryTime="2026-09-19 10:58:49.249073 -0700 PDT m=+3.254917418"
time="2026-09-19T10:58:49-07:00" level=trace msg="beginning execution" connectTime="2026-09-19 10:58:49.061925 -0700 PDT m=+3.067769960" connectionDb=hq connectionID=6 query="SELECT COUNT(*) FROM information_schema.tables WHERE table_schema = DATABASE() AND table_name = 'schema_migrations'" queryTime="2026-09-19 10:58:49.249175 -0700 PDT m=+3.255019001"
time="2026-09-19T10:58:49-07:00" level=trace msg="beginning new transaction" connectTime="2026-09-19 10:58:49.061925 -0700 PDT m=+3.067769960" connectionDb=hq connectionID=6 query="SELECT COUNT(*) FROM information_schema.tables WHERE table_schema = DATABASE() AND table_name = 'schema_migrations'"
time="2026-09-19T10:58:49-07:00" level=trace msg="spooling result row [INT64(0)]" connectTime="2026-09-19 10:58:49.061925 -0700 PDT m=+3.067769960" connectionDb=hq connectionID=6 query="SELECT COUNT(*) FROM information_schema.tables WHERE table_schema = DATABASE() AND table_name = 'schema_migrations'"
time="2026-09-19T10:58:49-07:00" level=trace msg="committing transaction DoltTransaction" connectTime="2026-09-19 10:58:49.061925 -0700 PDT m=+3.067769960" connectionDb=hq connectionID=6 query="SELECT COUNT(*) FROM information_schema.tables WHERE table_schema = DATABASE() AND table_name = 'schema_migrations'"
time="2026-09-19T10:58:49-07:00" level=trace msg="returning result &{[name:\"COUNT(*)\" type:INT64 org_name:\"COUNT(*)\" column_length:20 charset:255 flags:1] 1 0  [[INT64(0)]] <nil>}" connectTime="2026-09-19 10:58:49.061925 -0700 PDT m=+3.067769960" connectionDb=hq connectionID=6 query="SELECT COUNT(*) FROM information_schema.tables WHERE table_schema = DATABASE() AND table_name = 'schema_migrations'"
time="2026-09-19T10:58:49-07:00" level=debug msg="Query finished in 0 ms" connectTime="2026-09-19 10:58:49.061925 -0700 PDT m=+3.067769960" connectionDb=hq connectionID=6 query="SELECT COUNT(*) FROM information_schema.tables WHERE table_schema = DATABASE() AND table_name = 'schema_migrations'" queryTime="2026-09-19 10:58:49.249923 -0700 PDT m=+3.255767918"
time="2026-09-19T10:58:49-07:00" level=debug msg="Starting query" connectTime="2026-09-19 10:58:49.061925 -0700 PDT m=+3.067769960" connectionDb=hq connectionID=6 query="SELECT pattern FROM dolt_ignore WHERE pattern IN ('bd_events_journal', 'bd_events_seq', 'ignored_schema_migrations', 'leases', 'local_metadata', 'repo_mtimes', 'wisp_%', 'wisps')" queryTime="2026-09-19 10:58:49.251397 -0700 PDT m=+3.257241293"
time="2026-09-19T10:58:49-07:00" level=trace msg="beginning execution" connectTime="2026-09-19 10:58:49.061925 -0700 PDT m=+3.067769960" connectionDb=hq connectionID=6 query="SELECT pattern FROM dolt_ignore WHERE pattern IN ('bd_events_journal', 'bd_events_seq', 'ignored_schema_migrations', 'leases', 'local_metadata', 'repo_mtimes', 'wisp_%', 'wisps')" queryTime="2026-09-19 10:58:49.251475 -0700 PDT m=+3.257319376"
time="2026-09-19T10:58:49-07:00" level=trace msg="beginning new transaction" connectTime="2026-09-19 10:58:49.061925 -0700 PDT m=+3.067769960" connectionDb=hq connectionID=6 query="SELECT pattern FROM dolt_ignore WHERE pattern IN ('bd_events_journal', 'bd_events_seq', 'ignored_schema_migrations', 'leases', 'local_metadata', 'repo_mtimes', 'wisp_%', 'wisps')"
time="2026-09-19T10:58:49-07:00" level=trace msg="committing transaction DoltTransaction" connectTime="2026-09-19 10:58:49.061925 -0700 PDT m=+3.067769960" connectionDb=hq connectionID=6 query="SELECT pattern FROM dolt_ignore WHERE pattern IN ('bd_events_journal', 'bd_events_seq', 'ignored_schema_migrations', 'leases', 'local_metadata', 'repo_mtimes', 'wisp_%', 'wisps')"
time="2026-09-19T10:58:49-07:00" level=trace msg="returning empty result" connectTime="2026-09-19 10:58:49.061925 -0700 PDT m=+3.067769960" connectionDb=hq connectionID=6 query="SELECT pattern FROM dolt_ignore WHERE pattern IN ('bd_events_journal', 'bd_events_seq', 'ignored_schema_migrations', 'leases', 'local_metadata', 'repo_mtimes', 'wisp_%', 'wisps')"
time="2026-09-19T10:58:49-07:00" level=debug msg="Query finished in 3 ms" connectTime="2026-09-19 10:58:49.061925 -0700 PDT m=+3.067769960" connectionDb=hq connectionID=6 query="SELECT pattern FROM dolt_ignore WHERE pattern IN ('bd_events_journal', 'bd_events_seq', 'ignored_schema_migrations', 'leases', 'local_metadata', 'repo_mtimes', 'wisp_%', 'wisps')" queryTime="2026-09-19 10:58:49.254818 -0700 PDT m=+3.260662376"
time="2026-09-19T10:58:49-07:00" level=debug msg="Starting query" connectTime="2026-09-19 10:58:49.061925 -0700 PDT m=+3.067769960" connectionDb=hq connectionID=6 query="INSERT IGNORE INTO dolt_ignore VALUES ('bd_events_journal', true)" queryTime="2026-09-19 10:58:49.271814 -0700 PDT m=+3.277658793"
time="2026-09-19T10:58:49-07:00" level=trace msg="beginning execution" connectTime="2026-09-19 10:58:49.061925 -0700 PDT m=+3.067769960" connectionDb=hq connectionID=6 query="INSERT IGNORE INTO dolt_ignore VALUES ('bd_events_journal', true)" queryTime="2026-09-19 10:58:49.27189 -0700 PDT m=+3.277734543"
time="2026-09-19T10:58:49-07:00" level=trace msg="beginning new transaction" connectTime="2026-09-19 10:58:49.061925 -0700 PDT m=+3.067769960" connectionDb=hq connectionID=6 query="INSERT IGNORE INTO dolt_ignore VALUES ('bd_events_journal', true)"
time="2026-09-19T10:58:49-07:00" level=trace msg="committing transaction DoltTransaction" connectTime="2026-09-19 10:58:49.061925 -0700 PDT m=+3.067769960" connectionDb=hq connectionID=6 query="INSERT IGNORE INTO dolt_ignore VALUES ('bd_events_journal', true)"
time="2026-09-19T10:58:49-07:00" level=trace msg="returning empty result" connectTime="2026-09-19 10:58:49.061925 -0700 PDT m=+3.067769960" connectionDb=hq connectionID=6 query="INSERT IGNORE INTO dolt_ignore VALUES ('bd_events_journal', true)"
time="2026-09-19T10:58:49-07:00" level=debug msg="Query finished in 93 ms" connectTime="2026-09-19 10:58:49.061925 -0700 PDT m=+3.067769960" connectionDb=hq connectionID=6 query="INSERT IGNORE INTO dolt_ignore VALUES ('bd_events_journal', true)" queryTime="2026-09-19 10:58:49.362015 -0700 PDT m=+3.367859126"
time="2026-09-19T10:58:49-07:00" level=debug msg="Starting query" connectTime="2026-09-19 10:58:49.061925 -0700 PDT m=+3.067769960" connectionDb=hq connectionID=6 query="INSERT IGNORE INTO dolt_ignore VALUES ('bd_events_seq', true)" queryTime="2026-09-19 10:58:49.368155 -0700 PDT m=+3.373999001"
time="2026-09-19T10:58:49-07:00" level=trace msg="beginning execution" connectTime="2026-09-19 10:58:49.061925 -0700 PDT m=+3.067769960" connectionDb=hq connectionID=6 query="INSERT IGNORE INTO dolt_ignore VALUES ('bd_events_seq', true)" queryTime="2026-09-19 10:58:49.368322 -0700 PDT m=+3.374166168"
time="2026-09-19T10:58:49-07:00" level=trace msg="beginning new transaction" connectTime="2026-09-19 10:58:49.061925 -0700 PDT m=+3.067769960" connectionDb=hq connectionID=6 query="INSERT IGNORE INTO dolt_ignore VALUES ('bd_events_seq', true)"
time="2026-09-19T10:58:49-07:00" level=trace msg="committing transaction DoltTransaction" connectTime="2026-09-19 10:58:49.061925 -0700 PDT m=+3.067769960" connectionDb=hq connectionID=6 query="INSERT IGNORE INTO dolt_ignore VALUES ('bd_events_seq', true)"
time="2026-09-19T10:58:49-07:00" level=trace msg="returning empty result" connectTime="2026-09-19 10:58:49.061925 -0700 PDT m=+3.067769960" connectionDb=hq connectionID=6 query="INSERT IGNORE INTO dolt_ignore VALUES ('bd_events_seq', true)"
time="2026-09-19T10:58:49-07:00" level=debug msg="Query finished in 21 ms" connectTime="2026-09-19 10:58:49.061925 -0700 PDT m=+3.067769960" connectionDb=hq connectionID=6 query="INSERT IGNORE INTO dolt_ignore VALUES ('bd_events_seq', true)" queryTime="2026-09-19 10:58:49.388945 -0700 PDT m=+3.394788585"
time="2026-09-19T10:58:49-07:00" level=debug msg="Starting query" connectTime="2026-09-19 10:58:49.061925 -0700 PDT m=+3.067769960" connectionDb=hq connectionID=6 query="INSERT IGNORE INTO dolt_ignore VALUES ('ignored_schema_migrations', true)" queryTime="2026-09-19 10:58:49.398782 -0700 PDT m=+3.404626210"
time="2026-09-19T10:58:49-07:00" level=trace msg="beginning execution" connectTime="2026-09-19 10:58:49.061925 -0700 PDT m=+3.067769960" connectionDb=hq connectionID=6 query="INSERT IGNORE INTO dolt_ignore VALUES ('ignored_schema_migrations', true)" queryTime="2026-09-19 10:58:49.39896 -0700 PDT m=+3.404804251"
time="2026-09-19T10:58:49-07:00" level=trace msg="beginning new transaction" connectTime="2026-09-19 10:58:49.061925 -0700 PDT m=+3.067769960" connectionDb=hq connectionID=6 query="INSERT IGNORE INTO dolt_ignore VALUES ('ignored_schema_migrations', true)"
time="2026-09-19T10:58:49-07:00" level=trace msg="committing transaction DoltTransaction" connectTime="2026-09-19 10:58:49.061925 -0700 PDT m=+3.067769960" connectionDb=hq connectionID=6 query="INSERT IGNORE INTO dolt_ignore VALUES ('ignored_schema_migrations', true)"
time="2026-09-19T10:58:49-07:00" level=trace msg="returning empty result" connectTime="2026-09-19 10:58:49.061925 -0700 PDT m=+3.067769960" connectionDb=hq connectionID=6 query="INSERT IGNORE INTO dolt_ignore VALUES ('ignored_schema_migrations', true)"
time="2026-09-19T10:58:49-07:00" level=debug msg="Query finished in 15 ms" connectTime="2026-09-19 10:58:49.061925 -0700 PDT m=+3.067769960" connectionDb=hq connectionID=6 query="INSERT IGNORE INTO dolt_ignore VALUES ('ignored_schema_migrations', true)" queryTime="2026-09-19 10:58:49.413912 -0700 PDT m=+3.419756126"
time="2026-09-19T10:58:49-07:00" level=debug msg="Starting query" connectTime="2026-09-19 10:58:49.061925 -0700 PDT m=+3.067769960" connectionDb=hq connectionID=6 query="INSERT IGNORE INTO dolt_ignore VALUES ('leases', true)" queryTime="2026-09-19 10:58:49.41851 -0700 PDT m=+3.424353501"
time="2026-09-19T10:58:49-07:00" level=trace msg="beginning execution" connectTime="2026-09-19 10:58:49.061925 -0700 PDT m=+3.067769960" connectionDb=hq connectionID=6 query="INSERT IGNORE INTO dolt_ignore VALUES ('leases', true)" queryTime="2026-09-19 10:58:49.418596 -0700 PDT m=+3.424439960"
time="2026-09-19T10:58:49-07:00" level=trace msg="beginning new transaction" connectTime="2026-09-19 10:58:49.061925 -0700 PDT m=+3.067769960" connectionDb=hq connectionID=6 query="INSERT IGNORE INTO dolt_ignore VALUES ('leases', true)"
time="2026-09-19T10:58:49-07:00" level=trace msg="committing transaction DoltTransaction" connectTime="2026-09-19 10:58:49.061925 -0700 PDT m=+3.067769960" connectionDb=hq connectionID=6 query="INSERT IGNORE INTO dolt_ignore VALUES ('leases', true)"
time="2026-09-19T10:58:49-07:00" level=trace msg="returning empty result" connectTime="2026-09-19 10:58:49.061925 -0700 PDT m=+3.067769960" connectionDb=hq connectionID=6 query="INSERT IGNORE INTO dolt_ignore VALUES ('leases', true)"
time="2026-09-19T10:58:49-07:00" level=debug msg="Query finished in 12 ms" connectTime="2026-09-19 10:58:49.061925 -0700 PDT m=+3.067769960" connectionDb=hq connectionID=6 query="INSERT IGNORE INTO dolt_ignore VALUES ('leases', true)" queryTime="2026-09-19 10:58:49.430528 -0700 PDT m=+3.436372376"
time="2026-09-19T10:58:49-07:00" level=debug msg="Starting query" connectTime="2026-09-19 10:58:49.061925 -0700 PDT m=+3.067769960" connectionDb=hq connectionID=6 query="INSERT IGNORE INTO dolt_ignore VALUES ('local_metadata', true)" queryTime="2026-09-19 10:58:49.435654 -0700 PDT m=+3.441497835"
time="2026-09-19T10:58:49-07:00" level=trace msg="beginning execution" connectTime="2026-09-19 10:58:49.061925 -0700 PDT m=+3.067769960" connectionDb=hq connectionID=6 query="INSERT IGNORE INTO dolt_ignore VALUES ('local_metadata', true)" queryTime="2026-09-19 10:58:49.435942 -0700 PDT m=+3.441785501"
time="2026-09-19T10:58:49-07:00" level=trace msg="beginning new transaction" connectTime="2026-09-19 10:58:49.061925 -0700 PDT m=+3.067769960" connectionDb=hq connectionID=6 query="INSERT IGNORE INTO dolt_ignore VALUES ('local_metadata', true)"
time="2026-09-19T10:58:49-07:00" level=trace msg="committing transaction DoltTransaction" connectTime="2026-09-19 10:58:49.061925 -0700 PDT m=+3.067769960" connectionDb=hq connectionID=6 query="INSERT IGNORE INTO dolt_ignore VALUES ('local_metadata', true)"
time="2026-09-19T10:58:49-07:00" level=trace msg="returning empty result" connectTime="2026-09-19 10:58:49.061925 -0700 PDT m=+3.067769960" connectionDb=hq connectionID=6 query="INSERT IGNORE INTO dolt_ignore VALUES ('local_metadata', true)"
time="2026-09-19T10:58:49-07:00" level=debug msg="Query finished in 5 ms" connectTime="2026-09-19 10:58:49.061925 -0700 PDT m=+3.067769960" connectionDb=hq connectionID=6 query="INSERT IGNORE INTO dolt_ignore VALUES ('local_metadata', true)" queryTime="2026-09-19 10:58:49.441112 -0700 PDT m=+3.446955335"
time="2026-09-19T10:58:49-07:00" level=debug msg="Starting query" connectTime="2026-09-19 10:58:49.061925 -0700 PDT m=+3.067769960" connectionDb=hq connectionID=6 query="INSERT IGNORE INTO dolt_ignore VALUES ('repo_mtimes', true)" queryTime="2026-09-19 10:58:49.442246 -0700 PDT m=+3.448089460"
time="2026-09-19T10:58:49-07:00" level=trace msg="beginning execution" connectTime="2026-09-19 10:58:49.061925 -0700 PDT m=+3.067769960" connectionDb=hq connectionID=6 query="INSERT IGNORE INTO dolt_ignore VALUES ('repo_mtimes', true)" queryTime="2026-09-19 10:58:49.442325 -0700 PDT m=+3.448168460"
time="2026-09-19T10:58:49-07:00" level=trace msg="beginning new transaction" connectTime="2026-09-19 10:58:49.061925 -0700 PDT m=+3.067769960" connectionDb=hq connectionID=6 query="INSERT IGNORE INTO dolt_ignore VALUES ('repo_mtimes', true)"
time="2026-09-19T10:58:49-07:00" level=trace msg="committing transaction DoltTransaction" connectTime="2026-09-19 10:58:49.061925 -0700 PDT m=+3.067769960" connectionDb=hq connectionID=6 query="INSERT IGNORE INTO dolt_ignore VALUES ('repo_mtimes', true)"
time="2026-09-19T10:58:49-07:00" level=trace msg="returning empty result" connectTime="2026-09-19 10:58:49.061925 -0700 PDT m=+3.067769960" connectionDb=hq connectionID=6 query="INSERT IGNORE INTO dolt_ignore VALUES ('repo_mtimes', true)"
time="2026-09-19T10:58:49-07:00" level=debug msg="Query finished in 7 ms" connectTime="2026-09-19 10:58:49.061925 -0700 PDT m=+3.067769960" connectionDb=hq connectionID=6 query="INSERT IGNORE INTO dolt_ignore VALUES ('repo_mtimes', true)" queryTime="2026-09-19 10:58:49.449851 -0700 PDT m=+3.455694793"
time="2026-09-19T10:58:49-07:00" level=debug msg="Starting query" connectTime="2026-09-19 10:58:49.061925 -0700 PDT m=+3.067769960" connectionDb=hq connectionID=6 query="INSERT IGNORE INTO dolt_ignore VALUES ('wisp_%', true)" queryTime="2026-09-19 10:58:49.450266 -0700 PDT m=+3.456109835"
time="2026-09-19T10:58:49-07:00" level=trace msg="beginning execution" connectTime="2026-09-19 10:58:49.061925 -0700 PDT m=+3.067769960" connectionDb=hq connectionID=6 query="INSERT IGNORE INTO dolt_ignore VALUES ('wisp_%', true)" queryTime="2026-09-19 10:58:49.450305 -0700 PDT m=+3.456148418"
time="2026-09-19T10:58:49-07:00" level=trace msg="beginning new transaction" connectTime="2026-09-19 10:58:49.061925 -0700 PDT m=+3.067769960" connectionDb=hq connectionID=6 query="INSERT IGNORE INTO dolt_ignore VALUES ('wisp_%', true)"
time="2026-09-19T10:58:49-07:00" level=trace msg="committing transaction DoltTransaction" connectTime="2026-09-19 10:58:49.061925 -0700 PDT m=+3.067769960" connectionDb=hq connectionID=6 query="INSERT IGNORE INTO dolt_ignore VALUES ('wisp_%', true)"
time="2026-09-19T10:58:49-07:00" level=trace msg="returning empty result" connectTime="2026-09-19 10:58:49.061925 -0700 PDT m=+3.067769960" connectionDb=hq connectionID=6 query="INSERT IGNORE INTO dolt_ignore VALUES ('wisp_%', true)"
time="2026-09-19T10:58:49-07:00" level=debug msg="Query finished in 8 ms" connectTime="2026-09-19 10:58:49.061925 -0700 PDT m=+3.067769960" connectionDb=hq connectionID=6 query="INSERT IGNORE INTO dolt_ignore VALUES ('wisp_%', true)" queryTime="2026-09-19 10:58:49.458363 -0700 PDT m=+3.464206085"
time="2026-09-19T10:58:49-07:00" level=debug msg="Starting query" connectTime="2026-09-19 10:58:49.061925 -0700 PDT m=+3.067769960" connectionDb=hq connectionID=6 query="INSERT IGNORE INTO dolt_ignore VALUES ('wisps', true)" queryTime="2026-09-19 10:58:49.458841 -0700 PDT m=+3.464684585"
time="2026-09-19T10:58:49-07:00" level=trace msg="beginning execution" connectTime="2026-09-19 10:58:49.061925 -0700 PDT m=+3.067769960" connectionDb=hq connectionID=6 query="INSERT IGNORE INTO dolt_ignore VALUES ('wisps', true)" queryTime="2026-09-19 10:58:49.458897 -0700 PDT m=+3.464740710"
time="2026-09-19T10:58:49-07:00" level=trace msg="beginning new transaction" connectTime="2026-09-19 10:58:49.061925 -0700 PDT m=+3.067769960" connectionDb=hq connectionID=6 query="INSERT IGNORE INTO dolt_ignore VALUES ('wisps', true)"
time="2026-09-19T10:58:49-07:00" level=trace msg="committing transaction DoltTransaction" connectTime="2026-09-19 10:58:49.061925 -0700 PDT m=+3.067769960" connectionDb=hq connectionID=6 query="INSERT IGNORE INTO dolt_ignore VALUES ('wisps', true)"
time="2026-09-19T10:58:49-07:00" level=trace msg="returning empty result" connectTime="2026-09-19 10:58:49.061925 -0700 PDT m=+3.067769960" connectionDb=hq connectionID=6 query="INSERT IGNORE INTO dolt_ignore VALUES ('wisps', true)"
time="2026-09-19T10:58:49-07:00" level=debug msg="Query finished in 8 ms" connectTime="2026-09-19 10:58:49.061925 -0700 PDT m=+3.067769960" connectionDb=hq connectionID=6 query="INSERT IGNORE INTO dolt_ignore VALUES ('wisps', true)" queryTime="2026-09-19 10:58:49.46718 -0700 PDT m=+3.473023710"
time="2026-09-19T10:58:49-07:00" level=debug msg="Starting query" connectTime="2026-09-19 10:58:49.061925 -0700 PDT m=+3.067769960" connectionDb=hq connectionID=6 query="SHOW TABLES AS OF 'HEAD' LIKE 'ignored_schema_migrations'" queryTime="2026-09-19 10:58:49.468018 -0700 PDT m=+3.473861543"
time="2026-09-19T10:58:49-07:00" level=trace msg="beginning execution" connectTime="2026-09-19 10:58:49.061925 -0700 PDT m=+3.067769960" connectionDb=hq connectionID=6 query="SHOW TABLES AS OF 'HEAD' LIKE 'ignored_schema_migrations'" queryTime="2026-09-19 10:58:49.468107 -0700 PDT m=+3.473950168"
time="2026-09-19T10:58:49-07:00" level=trace msg="beginning new transaction" connectTime="2026-09-19 10:58:49.061925 -0700 PDT m=+3.067769960" connectionDb=hq connectionID=6 query="SHOW TABLES AS OF 'HEAD' LIKE 'ignored_schema_migrations'"
time="2026-09-19T10:58:49-07:00" level=trace msg="committing transaction DoltTransaction" connectTime="2026-09-19 10:58:49.061925 -0700 PDT m=+3.067769960" connectionDb=hq connectionID=6 query="SHOW TABLES AS OF 'HEAD' LIKE 'ignored_schema_migrations'"
time="2026-09-19T10:58:49-07:00" level=trace msg="returning empty result" connectTime="2026-09-19 10:58:49.061925 -0700 PDT m=+3.067769960" connectionDb=hq connectionID=6 query="SHOW TABLES AS OF 'HEAD' LIKE 'ignored_schema_migrations'"
time="2026-09-19T10:58:49-07:00" level=debug msg="Query finished in 9 ms" connectTime="2026-09-19 10:58:49.061925 -0700 PDT m=+3.067769960" connectionDb=hq connectionID=6 query="SHOW TABLES AS OF 'HEAD' LIKE 'ignored_schema_migrations'" queryTime="2026-09-19 10:58:49.477763 -0700 PDT m=+3.483606418"
time="2026-09-19T10:58:49-07:00" level=debug msg="Starting query" connectTime="2026-09-19 10:58:49.061925 -0700 PDT m=+3.067769960" connectionDb=hq connectionID=6 query="SELECT COUNT(*) FROM INFORMATION_SCHEMA.TABLES WHERE TABLE_SCHEMA = DATABASE() AND TABLE_NAME = '__temp__ignored_schema_migrations_untrack'" queryTime="2026-09-19 10:58:49.486628 -0700 PDT m=+3.492471751"
time="2026-09-19T10:58:49-07:00" level=trace msg="beginning execution" connectTime="2026-09-19 10:58:49.061925 -0700 PDT m=+3.067769960" connectionDb=hq connectionID=6 query="SELECT COUNT(*) FROM INFORMATION_SCHEMA.TABLES WHERE TABLE_SCHEMA = DATABASE() AND TABLE_NAME = '__temp__ignored_schema_migrations_untrack'" queryTime="2026-09-19 10:58:49.486811 -0700 PDT m=+3.492655043"
time="2026-09-19T10:58:49-07:00" level=trace msg="beginning new transaction" connectTime="2026-09-19 10:58:49.061925 -0700 PDT m=+3.067769960" connectionDb=hq connectionID=6 query="SELECT COUNT(*) FROM INFORMATION_SCHEMA.TABLES WHERE TABLE_SCHEMA = DATABASE() AND TABLE_NAME = '__temp__ignored_schema_migrations_untrack'"
time="2026-09-19T10:58:49-07:00" level=trace msg="spooling result row [INT64(0)]" connectTime="2026-09-19 10:58:49.061925 -0700 PDT m=+3.067769960" connectionDb=hq connectionID=6 query="SELECT COUNT(*) FROM INFORMATION_SCHEMA.TABLES WHERE TABLE_SCHEMA = DATABASE() AND TABLE_NAME = '__temp__ignored_schema_migrations_untrack'"
time="2026-09-19T10:58:49-07:00" level=trace msg="committing transaction DoltTransaction" connectTime="2026-09-19 10:58:49.061925 -0700 PDT m=+3.067769960" connectionDb=hq connectionID=6 query="SELECT COUNT(*) FROM INFORMATION_SCHEMA.TABLES WHERE TABLE_SCHEMA = DATABASE() AND TABLE_NAME = '__temp__ignored_schema_migrations_untrack'"
time="2026-09-19T10:58:49-07:00" level=trace msg="returning result &{[name:\"COUNT(*)\" type:INT64 org_name:\"COUNT(*)\" column_length:20 charset:255 flags:1] 1 0  [[INT64(0)]] <nil>}" connectTime="2026-09-19 10:58:49.061925 -0700 PDT m=+3.067769960" connectionDb=hq connectionID=6 query="SELECT COUNT(*) FROM INFORMATION_SCHEMA.TABLES WHERE TABLE_SCHEMA = DATABASE() AND TABLE_NAME = '__temp__ignored_schema_migrations_untrack'"
time="2026-09-19T10:58:49-07:00" level=debug msg="Query finished in 8 ms" connectTime="2026-09-19 10:58:49.061925 -0700 PDT m=+3.067769960" connectionDb=hq connectionID=6 query="SELECT COUNT(*) FROM INFORMATION_SCHEMA.TABLES WHERE TABLE_SCHEMA = DATABASE() AND TABLE_NAME = '__temp__ignored_schema_migrations_untrack'" queryTime="2026-09-19 10:58:49.494334 -0700 PDT m=+3.500177043"
time="2026-09-19T10:58:49-07:00" level=debug msg="Starting query" connectTime="2026-09-19 10:58:49.061925 -0700 PDT m=+3.067769960" connectionDb=hq connectionID=6 query="SELECT COUNT(*) FROM information_schema.tables WHERE table_schema = DATABASE() AND table_name = 'schema_migrations'" queryTime="2026-09-19 10:58:49.499775 -0700 PDT m=+3.505618668"
time="2026-09-19T10:58:49-07:00" level=trace msg="beginning execution" connectTime="2026-09-19 10:58:49.061925 -0700 PDT m=+3.067769960" connectionDb=hq connectionID=6 query="SELECT COUNT(*) FROM information_schema.tables WHERE table_schema = DATABASE() AND table_name = 'schema_migrations'" queryTime="2026-09-19 10:58:49.499874 -0700 PDT m=+3.505717460"
time="2026-09-19T10:58:49-07:00" level=trace msg="beginning new transaction" connectTime="2026-09-19 10:58:49.061925 -0700 PDT m=+3.067769960" connectionDb=hq connectionID=6 query="SELECT COUNT(*) FROM information_schema.tables WHERE table_schema = DATABASE() AND table_name = 'schema_migrations'"
time="2026-09-19T10:58:49-07:00" level=trace msg="spooling result row [INT64(0)]" connectTime="2026-09-19 10:58:49.061925 -0700 PDT m=+3.067769960" connectionDb=hq connectionID=6 query="SELECT COUNT(*) FROM information_schema.tables WHERE table_schema = DATABASE() AND table_name = 'schema_migrations'"
time="2026-09-19T10:58:49-07:00" level=trace msg="committing transaction DoltTransaction" connectTime="2026-09-19 10:58:49.061925 -0700 PDT m=+3.067769960" connectionDb=hq connectionID=6 query="SELECT COUNT(*) FROM information_schema.tables WHERE table_schema = DATABASE() AND table_name = 'schema_migrations'"
time="2026-09-19T10:58:49-07:00" level=trace msg="returning result &{[name:\"COUNT(*)\" type:INT64 org_name:\"COUNT(*)\" column_length:20 charset:255 flags:1] 1 0  [[INT64(0)]] <nil>}" connectTime="2026-09-19 10:58:49.061925 -0700 PDT m=+3.067769960" connectionDb=hq connectionID=6 query="SELECT COUNT(*) FROM information_schema.tables WHERE table_schema = DATABASE() AND table_name = 'schema_migrations'"
time="2026-09-19T10:58:49-07:00" level=debug msg="Query finished in 1 ms" connectTime="2026-09-19 10:58:49.061925 -0700 PDT m=+3.067769960" connectionDb=hq connectionID=6 query="SELECT COUNT(*) FROM information_schema.tables WHERE table_schema = DATABASE() AND table_name = 'schema_migrations'" queryTime="2026-09-19 10:58:49.500997 -0700 PDT m=+3.506840210"
time="2026-09-19T10:58:49-07:00" level=debug msg="Starting query" connectTime="2026-09-19 10:58:49.061925 -0700 PDT m=+3.067769960" connectionDb=hq connectionID=6 query="SELECT s.table_name, s.staged FROM dolt_status s" queryTime="2026-09-19 10:58:49.517038 -0700 PDT m=+3.522881168"
time="2026-09-19T10:58:49-07:00" level=trace msg="beginning execution" connectTime="2026-09-19 10:58:49.061925 -0700 PDT m=+3.067769960" connectionDb=hq connectionID=6 query="SELECT s.table_name, s.staged FROM dolt_status s" queryTime="2026-09-19 10:58:49.517295 -0700 PDT m=+3.523138543"
time="2026-09-19T10:58:49-07:00" level=trace msg="beginning new transaction" connectTime="2026-09-19 10:58:49.061925 -0700 PDT m=+3.067769960" connectionDb=hq connectionID=6 query="SELECT s.table_name, s.staged FROM dolt_status s"
time="2026-09-19T10:58:49-07:00" level=trace msg="spooling result row [TEXT(\"dolt_ignore\") INT8(0)]" connectTime="2026-09-19 10:58:49.061925 -0700 PDT m=+3.067769960" connectionDb=hq connectionID=6 query="SELECT s.table_name, s.staged FROM dolt_status s"
time="2026-09-19T10:58:49-07:00" level=trace msg="committing transaction DoltTransaction" connectTime="2026-09-19 10:58:49.061925 -0700 PDT m=+3.067769960" connectionDb=hq connectionID=6 query="SELECT s.table_name, s.staged FROM dolt_status s"
time="2026-09-19T10:58:49-07:00" level=trace msg="returning result &{[name:\"table_name\" type:TEXT table:\"s\" org_table:\"s\" database:\"hq\" org_name:\"table_name\" column_length:262140 charset:255 flags:1 name:\"staged\" type:INT8 table:\"s\" org_table:\"s\" database:\"hq\" org_name:\"staged\" column_length:4 charset:255 flags:1] 1 0  [[TEXT(\"dolt_ignore\") INT8(0)]] <nil>}" connectTime="2026-09-19 10:58:49.061925 -0700 PDT m=+3.067769960" connectionDb=hq connectionID=6 query="SELECT s.table_name, s.staged FROM dolt_status s"
time="2026-09-19T10:58:49-07:00" level=debug msg="Query finished in 21 ms" connectTime="2026-09-19 10:58:49.061925 -0700 PDT m=+3.067769960" connectionDb=hq connectionID=6 query="SELECT s.table_name, s.staged FROM dolt_status s" queryTime="2026-09-19 10:58:49.531864 -0700 PDT m=+3.537706876"
time="2026-09-19T10:58:49-07:00" level=debug msg="Starting query" connectTime="2026-09-19 10:58:49.061925 -0700 PDT m=+3.067769960" connectionDb=hq connectionID=6 query="CALL DOLT_ADD('dolt_ignore')" queryTime="2026-09-19 10:58:49.533356 -0700 PDT m=+3.539199001"
time="2026-09-19T10:58:49-07:00" level=trace msg="beginning execution" connectTime="2026-09-19 10:58:49.061925 -0700 PDT m=+3.067769960" connectionDb=hq connectionID=6 query="CALL DOLT_ADD('dolt_ignore')" queryTime="2026-09-19 10:58:49.533469 -0700 PDT m=+3.539312126"
time="2026-09-19T10:58:49-07:00" level=trace msg="beginning new transaction" connectTime="2026-09-19 10:58:49.061925 -0700 PDT m=+3.067769960" connectionDb=hq connectionID=6 query="CALL DOLT_ADD('dolt_ignore')"
time="2026-09-19T10:58:49-07:00" level=trace msg="spooling result row [INT64(0)]" connectTime="2026-09-19 10:58:49.061925 -0700 PDT m=+3.067769960" connectionDb=hq connectionID=6 query="CALL DOLT_ADD('dolt_ignore')"
time="2026-09-19T10:58:49-07:00" level=trace msg="committing transaction DoltTransaction" connectTime="2026-09-19 10:58:49.061925 -0700 PDT m=+3.067769960" connectionDb=hq connectionID=6 query="CALL DOLT_ADD('dolt_ignore')"
time="2026-09-19T10:58:49-07:00" level=trace msg="returning result &{[name:\"status\" type:INT64 org_name:\"status\" column_length:20 charset:255 flags:1] 1 0  [[INT64(0)]] <nil>}" connectTime="2026-09-19 10:58:49.061925 -0700 PDT m=+3.067769960" connectionDb=hq connectionID=6 query="CALL DOLT_ADD('dolt_ignore')"
time="2026-09-19T10:58:49-07:00" level=debug msg="Query finished in 46 ms" connectTime="2026-09-19 10:58:49.061925 -0700 PDT m=+3.067769960" connectionDb=hq connectionID=6 query="CALL DOLT_ADD('dolt_ignore')" queryTime="2026-09-19 10:58:49.57998 -0700 PDT m=+3.585822710"
time="2026-09-19T10:58:49-07:00" level=debug msg="Starting query" connectTime="2026-09-19 10:58:49.061925 -0700 PDT m=+3.067769960" connectionDb=hq connectionID=6 query="CALL DOLT_COMMIT('-m', 'schema: seed dolt_ignore patterns')" queryTime="2026-09-19 10:58:49.585169 -0700 PDT m=+3.591012251"
time="2026-09-19T10:58:49-07:00" level=trace msg="beginning execution" connectTime="2026-09-19 10:58:49.061925 -0700 PDT m=+3.067769960" connectionDb=hq connectionID=6 query="CALL DOLT_COMMIT('-m', 'schema: seed dolt_ignore patterns')" queryTime="2026-09-19 10:58:49.585432 -0700 PDT m=+3.591275585"
time="2026-09-19T10:58:49-07:00" level=trace msg="beginning new transaction" connectTime="2026-09-19 10:58:49.061925 -0700 PDT m=+3.067769960" connectionDb=hq connectionID=6 query="CALL DOLT_COMMIT('-m', 'schema: seed dolt_ignore patterns')"
time="2026-09-19T10:58:49-07:00" level=trace msg="spooling result row [TEXT(\"aj1v84dvhbimv6nekih3lofth5u9748t\")]" connectTime="2026-09-19 10:58:49.061925 -0700 PDT m=+3.067769960" connectionDb=hq connectionID=6 query="CALL DOLT_COMMIT('-m', 'schema: seed dolt_ignore patterns')"
time="2026-09-19T10:58:49-07:00" level=trace msg="returning result &{[name:\"hash\" type:TEXT org_name:\"hash\" column_length:4294967295 charset:255 flags:1] 1 0  [[TEXT(\"aj1v84dvhbimv6nekih3lofth5u9748t\")]] <nil>}" connectTime="2026-09-19 10:58:49.061925 -0700 PDT m=+3.067769960" connectionDb=hq connectionID=6 query="CALL DOLT_COMMIT('-m', 'schema: seed dolt_ignore patterns')"
time="2026-09-19T10:58:49-07:00" level=debug msg="Query finished in 12 ms" connectTime="2026-09-19 10:58:49.061925 -0700 PDT m=+3.067769960" connectionDb=hq connectionID=6 query="CALL DOLT_COMMIT('-m', 'schema: seed dolt_ignore patterns')" queryTime="2026-09-19 10:58:49.59699 -0700 PDT m=+3.602832960"
time="2026-09-19T10:58:49-07:00" level=debug msg="Starting query" connectTime="2026-09-19 10:58:49.061925 -0700 PDT m=+3.067769960" connectionDb=hq connectionID=6 query="SELECT s.table_name, s.staged FROM dolt_status s WHERE NOT EXISTS ( SELECT 1 FROM dolt_ignore di WHERE di.ignored = 1 AND s.table_name LIKE di.pattern )" queryTime="2026-09-19 10:58:49.601845 -0700 PDT m=+3.607688251"
time="2026-09-19T10:58:49-07:00" level=trace msg="beginning execution" connectTime="2026-09-19 10:58:49.061925 -0700 PDT m=+3.067769960" connectionDb=hq connectionID=6 query="SELECT s.table_name, s.staged FROM dolt_status s WHERE NOT EXISTS ( SELECT 1 FROM dolt_ignore di WHERE di.ignored = 1 AND s.table_name LIKE di.pattern )" queryTime="2026-09-19 10:58:49.601976 -0700 PDT m=+3.607819085"
time="2026-09-19T10:58:49-07:00" level=trace msg="beginning new transaction" connectTime="2026-09-19 10:58:49.061925 -0700 PDT m=+3.067769960" connectionDb=hq connectionID=6 query="SELECT s.table_name, s.staged FROM dolt_status s WHERE NOT EXISTS ( SELECT 1 FROM dolt_ignore di WHERE di.ignored = 1 AND s.table_name LIKE di.pattern )"
time="2026-09-19T10:58:49-07:00" level=trace msg="committing transaction DoltTransaction" connectTime="2026-09-19 10:58:49.061925 -0700 PDT m=+3.067769960" connectionDb=hq connectionID=6 query="SELECT s.table_name, s.staged FROM dolt_status s WHERE NOT EXISTS ( SELECT 1 FROM dolt_ignore di WHERE di.ignored = 1 AND s.table_name LIKE di.pattern )"
time="2026-09-19T10:58:49-07:00" level=trace msg="returning empty result" connectTime="2026-09-19 10:58:49.061925 -0700 PDT m=+3.067769960" connectionDb=hq connectionID=6 query="SELECT s.table_name, s.staged FROM dolt_status s WHERE NOT EXISTS ( SELECT 1 FROM dolt_ignore di WHERE di.ignored = 1 AND s.table_name LIKE di.pattern )"
time="2026-09-19T10:58:49-07:00" level=debug msg="Query finished in 21 ms" connectTime="2026-09-19 10:58:49.061925 -0700 PDT m=+3.067769960" connectionDb=hq connectionID=6 query="SELECT s.table_name, s.staged FROM dolt_status s WHERE NOT EXISTS ( SELECT 1 FROM dolt_ignore di WHERE di.ignored = 1 AND s.table_name LIKE di.pattern )" queryTime="2026-09-19 10:58:49.62337 -0700 PDT m=+3.629212543"
time="2026-09-19T10:58:49-07:00" level=debug msg="Starting query" connectTime="2026-09-19 10:58:49.061925 -0700 PDT m=+3.067769960" connectionDb=hq connectionID=6 query="SELECT COUNT(*) FROM information_schema.tables WHERE table_schema = DATABASE() AND table_name = 'schema_migrations'" queryTime="2026-09-19 10:58:49.630449 -0700 PDT m=+3.636292501"
time="2026-09-19T10:58:49-07:00" level=trace msg="beginning execution" connectTime="2026-09-19 10:58:49.061925 -0700 PDT m=+3.067769960" connectionDb=hq connectionID=6 query="SELECT COUNT(*) FROM information_schema.tables WHERE table_schema = DATABASE() AND table_name = 'schema_migrations'" queryTime="2026-09-19 10:58:49.630559 -0700 PDT m=+3.636402126"
time="2026-09-19T10:58:49-07:00" level=trace msg="beginning new transaction" connectTime="2026-09-19 10:58:49.061925 -0700 PDT m=+3.067769960" connectionDb=hq connectionID=6 query="SELECT COUNT(*) FROM information_schema.tables WHERE table_schema = DATABASE() AND table_name = 'schema_migrations'"
time="2026-09-19T10:58:49-07:00" level=trace msg="spooling result row [INT64(0)]" connectTime="2026-09-19 10:58:49.061925 -0700 PDT m=+3.067769960" connectionDb=hq connectionID=6 query="SELECT COUNT(*) FROM information_schema.tables WHERE table_schema = DATABASE() AND table_name = 'schema_migrations'"
time="2026-09-19T10:58:49-07:00" level=trace msg="committing transaction DoltTransaction" connectTime="2026-09-19 10:58:49.061925 -0700 PDT m=+3.067769960" connectionDb=hq connectionID=6 query="SELECT COUNT(*) FROM information_schema.tables WHERE table_schema = DATABASE() AND table_name = 'schema_migrations'"
time="2026-09-19T10:58:49-07:00" level=trace msg="returning result &{[name:\"COUNT(*)\" type:INT64 org_name:\"COUNT(*)\" column_length:20 charset:255 flags:1] 1 0  [[INT64(0)]] <nil>}" connectTime="2026-09-19 10:58:49.061925 -0700 PDT m=+3.067769960" connectionDb=hq connectionID=6 query="SELECT COUNT(*) FROM information_schema.tables WHERE table_schema = DATABASE() AND table_name = 'schema_migrations'"
time="2026-09-19T10:58:49-07:00" level=debug msg="Query finished in 1 ms" connectTime="2026-09-19 10:58:49.061925 -0700 PDT m=+3.067769960" connectionDb=hq connectionID=6 query="SELECT COUNT(*) FROM information_schema.tables WHERE table_schema = DATABASE() AND table_name = 'schema_migrations'" queryTime="2026-09-19 10:58:49.631738 -0700 PDT m=+3.637581293"
time="2026-09-19T10:58:49-07:00" level=debug msg="Starting query" connectTime="2026-09-19 10:58:49.061925 -0700 PDT m=+3.067769960" connectionDb=hq connectionID=6 query="SELECT COUNT(*) FROM information_schema.tables WHERE table_schema = DATABASE() AND table_name = 'ignored_schema_migrations'" queryTime="2026-09-19 10:58:49.633068 -0700 PDT m=+3.638910543"
time="2026-09-19T10:58:49-07:00" level=trace msg="beginning execution" connectTime="2026-09-19 10:58:49.061925 -0700 PDT m=+3.067769960" connectionDb=hq connectionID=6 query="SELECT COUNT(*) FROM information_schema.tables WHERE table_schema = DATABASE() AND table_name = 'ignored_schema_migrations'" queryTime="2026-09-19 10:58:49.634714 -0700 PDT m=+3.640556626"
time="2026-09-19T10:58:49-07:00" level=trace msg="beginning new transaction" connectTime="2026-09-19 10:58:49.061925 -0700 PDT m=+3.067769960" connectionDb=hq connectionID=6 query="SELECT COUNT(*) FROM information_schema.tables WHERE table_schema = DATABASE() AND table_name = 'ignored_schema_migrations'"
time="2026-09-19T10:58:49-07:00" level=trace msg="spooling result row [INT64(0)]" connectTime="2026-09-19 10:58:49.061925 -0700 PDT m=+3.067769960" connectionDb=hq connectionID=6 query="SELECT COUNT(*) FROM information_schema.tables WHERE table_schema = DATABASE() AND table_name = 'ignored_schema_migrations'"
time="2026-09-19T10:58:49-07:00" level=trace msg="committing transaction DoltTransaction" connectTime="2026-09-19 10:58:49.061925 -0700 PDT m=+3.067769960" connectionDb=hq connectionID=6 query="SELECT COUNT(*) FROM information_schema.tables WHERE table_schema = DATABASE() AND table_name = 'ignored_schema_migrations'"
time="2026-09-19T10:58:49-07:00" level=trace msg="returning result &{[name:\"COUNT(*)\" type:INT64 org_name:\"COUNT(*)\" column_length:20 charset:255 flags:1] 1 0  [[INT64(0)]] <nil>}" connectTime="2026-09-19 10:58:49.061925 -0700 PDT m=+3.067769960" connectionDb=hq connectionID=6 query="SELECT COUNT(*) FROM information_schema.tables WHERE table_schema = DATABASE() AND table_name = 'ignored_schema_migrations'"
time="2026-09-19T10:58:49-07:00" level=debug msg="Query finished in 3 ms" connectTime="2026-09-19 10:58:49.061925 -0700 PDT m=+3.067769960" connectionDb=hq connectionID=6 query="SELECT COUNT(*) FROM information_schema.tables WHERE table_schema = DATABASE() AND table_name = 'ignored_schema_migrations'" queryTime="2026-09-19 10:58:49.635809 -0700 PDT m=+3.641651668"
time="2026-09-19T10:58:49-07:00" level=debug msg="Starting query" connectTime="2026-09-19 10:58:49.061925 -0700 PDT m=+3.067769960" connectionDb=hq connectionID=6 query="SELECT COUNT(*) FROM INFORMATION_SCHEMA.TABLES WHERE TABLE_SCHEMA = DATABASE() AND TABLE_NAME = 'local_metadata'" queryTime="2026-09-19 10:58:49.640541 -0700 PDT m=+3.646384043"
time="2026-09-19T10:58:49-07:00" level=trace msg="beginning execution" connectTime="2026-09-19 10:58:49.061925 -0700 PDT m=+3.067769960" connectionDb=hq connectionID=6 query="SELECT COUNT(*) FROM INFORMATION_SCHEMA.TABLES WHERE TABLE_SCHEMA = DATABASE() AND TABLE_NAME = 'local_metadata'" queryTime="2026-09-19 10:58:49.640667 -0700 PDT m=+3.646510376"
time="2026-09-19T10:58:49-07:00" level=trace msg="beginning new transaction" connectTime="2026-09-19 10:58:49.061925 -0700 PDT m=+3.067769960" connectionDb=hq connectionID=6 query="SELECT COUNT(*) FROM INFORMATION_SCHEMA.TABLES WHERE TABLE_SCHEMA = DATABASE() AND TABLE_NAME = 'local_metadata'"
time="2026-09-19T10:58:49-07:00" level=trace msg="spooling result row [INT64(0)]" connectTime="2026-09-19 10:58:49.061925 -0700 PDT m=+3.067769960" connectionDb=hq connectionID=6 query="SELECT COUNT(*) FROM INFORMATION_SCHEMA.TABLES WHERE TABLE_SCHEMA = DATABASE() AND TABLE_NAME = 'local_metadata'"
time="2026-09-19T10:58:49-07:00" level=trace msg="committing transaction DoltTransaction" connectTime="2026-09-19 10:58:49.061925 -0700 PDT m=+3.067769960" connectionDb=hq connectionID=6 query="SELECT COUNT(*) FROM INFORMATION_SCHEMA.TABLES WHERE TABLE_SCHEMA = DATABASE() AND TABLE_NAME = 'local_metadata'"
time="2026-09-19T10:58:49-07:00" level=trace msg="returning result &{[name:\"COUNT(*)\" type:INT64 org_name:\"COUNT(*)\" column_length:20 charset:255 flags:1] 1 0  [[INT64(0)]] <nil>}" connectTime="2026-09-19 10:58:49.061925 -0700 PDT m=+3.067769960" connectionDb=hq connectionID=6 query="SELECT COUNT(*) FROM INFORMATION_SCHEMA.TABLES WHERE TABLE_SCHEMA = DATABASE() AND TABLE_NAME = 'local_metadata'"
time="2026-09-19T10:58:49-07:00" level=debug msg="Query finished in 15 ms" connectTime="2026-09-19 10:58:49.061925 -0700 PDT m=+3.067769960" connectionDb=hq connectionID=6 query="SELECT COUNT(*) FROM INFORMATION_SCHEMA.TABLES WHERE TABLE_SCHEMA = DATABASE() AND TABLE_NAME = 'local_metadata'" queryTime="2026-09-19 10:58:49.6557 -0700 PDT m=+3.661543043"
time="2026-09-19T10:58:49-07:00" level=debug msg="Starting query" connectTime="2026-09-19 10:58:49.061925 -0700 PDT m=+3.067769960" connectionDb=hq connectionID=6 query="SELECT COUNT(*) FROM INFORMATION_SCHEMA.TABLES WHERE TABLE_SCHEMA = DATABASE() AND TABLE_NAME = 'local_metadata'" queryTime="2026-09-19 10:58:49.662452 -0700 PDT m=+3.668295126"
time="2026-09-19T10:58:49-07:00" level=trace msg="beginning execution" connectTime="2026-09-19 10:58:49.061925 -0700 PDT m=+3.067769960" connectionDb=hq connectionID=6 query="SELECT COUNT(*) FROM INFORMATION_SCHEMA.TABLES WHERE TABLE_SCHEMA = DATABASE() AND TABLE_NAME = 'local_metadata'" queryTime="2026-09-19 10:58:49.662606 -0700 PDT m=+3.668448460"
time="2026-09-19T10:58:49-07:00" level=trace msg="beginning new transaction" connectTime="2026-09-19 10:58:49.061925 -0700 PDT m=+3.067769960" connectionDb=hq connectionID=6 query="SELECT COUNT(*) FROM INFORMATION_SCHEMA.TABLES WHERE TABLE_SCHEMA = DATABASE() AND TABLE_NAME = 'local_metadata'"
time="2026-09-19T10:58:49-07:00" level=trace msg="spooling result row [INT64(0)]" connectTime="2026-09-19 10:58:49.061925 -0700 PDT m=+3.067769960" connectionDb=hq connectionID=6 query="SELECT COUNT(*) FROM INFORMATION_SCHEMA.TABLES WHERE TABLE_SCHEMA = DATABASE() AND TABLE_NAME = 'local_metadata'"
time="2026-09-19T10:58:49-07:00" level=trace msg="committing transaction DoltTransaction" connectTime="2026-09-19 10:58:49.061925 -0700 PDT m=+3.067769960" connectionDb=hq connectionID=6 query="SELECT COUNT(*) FROM INFORMATION_SCHEMA.TABLES WHERE TABLE_SCHEMA = DATABASE() AND TABLE_NAME = 'local_metadata'"
time="2026-09-19T10:58:49-07:00" level=trace msg="returning result &{[name:\"COUNT(*)\" type:INT64 org_name:\"COUNT(*)\" column_length:20 charset:255 flags:1] 1 0  [[INT64(0)]] <nil>}" connectTime="2026-09-19 10:58:49.061925 -0700 PDT m=+3.067769960" connectionDb=hq connectionID=6 query="SELECT COUNT(*) FROM INFORMATION_SCHEMA.TABLES WHERE TABLE_SCHEMA = DATABASE() AND TABLE_NAME = 'local_metadata'"
time="2026-09-19T10:58:49-07:00" level=debug msg="Query finished in 4 ms" connectTime="2026-09-19 10:58:49.061925 -0700 PDT m=+3.067769960" connectionDb=hq connectionID=6 query="SELECT COUNT(*) FROM INFORMATION_SCHEMA.TABLES WHERE TABLE_SCHEMA = DATABASE() AND TABLE_NAME = 'local_metadata'" queryTime="2026-09-19 10:58:49.666485 -0700 PDT m=+3.672327626"
time="2026-09-19T10:58:49-07:00" level=debug msg="Starting query" connectTime="2026-09-19 10:58:49.061925 -0700 PDT m=+3.067769960" connectionDb=hq connectionID=6 query="CREATE TABLE IF NOT EXISTS schema_migrations ( version INT PRIMARY KEY, applied_at DATETIME NOT NULL DEFAULT CURRENT_TIMESTAMP, content_hash CHAR(64) )" queryTime="2026-09-19 10:58:49.682249 -0700 PDT m=+3.688091710"
time="2026-09-19T10:58:49-07:00" level=trace msg="beginning execution" connectTime="2026-09-19 10:58:49.061925 -0700 PDT m=+3.067769960" connectionDb=hq connectionID=6 query="CREATE TABLE IF NOT EXISTS schema_migrations ( version INT PRIMARY KEY, applied_at DATETIME NOT NULL DEFAULT CURRENT_TIMESTAMP, content_hash CHAR(64) )" queryTime="2026-09-19 10:58:49.682351 -0700 PDT m=+3.688193501"
time="2026-09-19T10:58:49-07:00" level=trace msg="beginning new transaction" connectTime="2026-09-19 10:58:49.061925 -0700 PDT m=+3.067769960" connectionDb=hq connectionID=6 query="CREATE TABLE IF NOT EXISTS schema_migrations ( version INT PRIMARY KEY, applied_at DATETIME NOT NULL DEFAULT CURRENT_TIMESTAMP, content_hash CHAR(64) )"
time="2026-09-19T10:58:49-07:00" level=trace msg="committing transaction DoltTransaction" connectTime="2026-09-19 10:58:49.061925 -0700 PDT m=+3.067769960" connectionDb=hq connectionID=6 query="CREATE TABLE IF NOT EXISTS schema_migrations ( version INT PRIMARY KEY, applied_at DATETIME NOT NULL DEFAULT CURRENT_TIMESTAMP, content_hash CHAR(64) )"
time="2026-09-19T10:58:49-07:00" level=trace msg="returning empty result" connectTime="2026-09-19 10:58:49.061925 -0700 PDT m=+3.067769960" connectionDb=hq connectionID=6 query="CREATE TABLE IF NOT EXISTS schema_migrations ( version INT PRIMARY KEY, applied_at DATETIME NOT NULL DEFAULT CURRENT_TIMESTAMP, content_hash CHAR(64) )"
time="2026-09-19T10:58:49-07:00" level=debug msg="Query finished in 30 ms" connectTime="2026-09-19 10:58:49.061925 -0700 PDT m=+3.067769960" connectionDb=hq connectionID=6 query="CREATE TABLE IF NOT EXISTS schema_migrations ( version INT PRIMARY KEY, applied_at DATETIME NOT NULL DEFAULT CURRENT_TIMESTAMP, content_hash CHAR(64) )" queryTime="2026-09-19 10:58:49.707106 -0700 PDT m=+3.712948335"
time="2026-09-19T10:58:49-07:00" level=debug msg="Starting query" connectTime="2026-09-19 10:58:49.061925 -0700 PDT m=+3.067769960" connectionDb=hq connectionID=6 query="SHOW COLUMNS FROM schema_migrations LIKE 'content_hash'" queryTime="2026-09-19 10:58:49.708319 -0700 PDT m=+3.714161418"
time="2026-09-19T10:58:49-07:00" level=trace msg="beginning execution" connectTime="2026-09-19 10:58:49.061925 -0700 PDT m=+3.067769960" connectionDb=hq connectionID=6 query="SHOW COLUMNS FROM schema_migrations LIKE 'content_hash'" queryTime="2026-09-19 10:58:49.708723 -0700 PDT m=+3.714565585"
time="2026-09-19T10:58:49-07:00" level=trace msg="beginning new transaction" connectTime="2026-09-19 10:58:49.061925 -0700 PDT m=+3.067769960" connectionDb=hq connectionID=6 query="SHOW COLUMNS FROM schema_migrations LIKE 'content_hash'"
time="2026-09-19T10:58:49-07:00" level=trace msg="spooling result row [VARCHAR(\"content_hash\") VARCHAR(\"char(64)\") VARCHAR(\"YES\") VARCHAR(\"\") NULL VARCHAR(\"\")]" connectTime="2026-09-19 10:58:49.061925 -0700 PDT m=+3.067769960" connectionDb=hq connectionID=6 query="SHOW COLUMNS FROM schema_migrations LIKE 'content_hash'"
time="2026-09-19T10:58:49-07:00" level=trace msg="committing transaction DoltTransaction" connectTime="2026-09-19 10:58:49.061925 -0700 PDT m=+3.067769960" connectionDb=hq connectionID=6 query="SHOW COLUMNS FROM schema_migrations LIKE 'content_hash'"
time="2026-09-19T10:58:49-07:00" level=trace msg="returning result &{[name:\"Field\" type:VARCHAR org_name:\"Field\" column_length:100000 charset:255 flags:1 name:\"Type\" type:VARCHAR org_name:\"Type\" column_length:100000 charset:255 flags:1 name:\"Null\" type:VARCHAR org_name:\"Null\" column_length:100000 charset:255 flags:1 name:\"Key\" type:VARCHAR org_name:\"Key\" column_length:100000 charset:255 flags:1 name:\"Default\" type:VARCHAR org_name:\"Default\" column_length:100000 charset:255 name:\"Extra\" type:VARCHAR org_name:\"Extra\" column_length:100000 charset:255 flags:1] 1 0  [[VARCHAR(\"content_hash\") VARCHAR(\"char(64)\") VARCHAR(\"YES\") VARCHAR(\"\") NULL VARCHAR(\"\")]] <nil>}" connectTime="2026-09-19 10:58:49.061925 -0700 PDT m=+3.067769960" connectionDb=hq connectionID=6 query="SHOW COLUMNS FROM schema_migrations LIKE 'content_hash'"
time="2026-09-19T10:58:49-07:00" level=debug msg="Query finished in 15 ms" connectTime="2026-09-19 10:58:49.061925 -0700 PDT m=+3.067769960" connectionDb=hq connectionID=6 query="SHOW COLUMNS FROM schema_migrations LIKE 'content_hash'" queryTime="2026-09-19 10:58:49.723763 -0700 PDT m=+3.729605793"
time="2026-09-19T10:58:49-07:00" level=debug msg="Starting query" connectTime="2026-09-19 10:58:49.061925 -0700 PDT m=+3.067769960" connectionDb=hq connectionID=6 query="SELECT COUNT(*) FROM information_schema.tables WHERE table_schema = DATABASE() AND table_name = 'schema_migrations'" queryTime="2026-09-19 10:58:49.779981 -0700 PDT m=+3.785823960"
time="2026-09-19T10:58:49-07:00" level=trace msg="beginning execution" connectTime="2026-09-19 10:58:49.061925 -0700 PDT m=+3.067769960" connectionDb=hq connectionID=6 query="SELECT COUNT(*) FROM information_schema.tables WHERE table_schema = DATABASE() AND table_name = 'schema_migrations'" queryTime="2026-09-19 10:58:49.781302 -0700 PDT m=+3.787144293"
time="2026-09-19T10:58:49-07:00" level=trace msg="beginning new transaction" connectTime="2026-09-19 10:58:49.061925 -0700 PDT m=+3.067769960" connectionDb=hq connectionID=6 query="SELECT COUNT(*) FROM information_schema.tables WHERE table_schema = DATABASE() AND table_name = 'schema_migrations'"
time="2026-09-19T10:58:49-07:00" level=trace msg="spooling result row [INT64(1)]" connectTime="2026-09-19 10:58:49.061925 -0700 PDT m=+3.067769960" connectionDb=hq connectionID=6 query="SELECT COUNT(*) FROM information_schema.tables WHERE table_schema = DATABASE() AND table_name = 'schema_migrations'"
time="2026-09-19T10:58:49-07:00" level=trace msg="committing transaction DoltTransaction" connectTime="2026-09-19 10:58:49.061925 -0700 PDT m=+3.067769960" connectionDb=hq connectionID=6 query="SELECT COUNT(*) FROM information_schema.tables WHERE table_schema = DATABASE() AND table_name = 'schema_migrations'"
time="2026-09-19T10:58:49-07:00" level=trace msg="returning result &{[name:\"COUNT(*)\" type:INT64 org_name:\"COUNT(*)\" column_length:20 charset:255 flags:1] 1 0  [[INT64(1)]] <nil>}" connectTime="2026-09-19 10:58:49.061925 -0700 PDT m=+3.067769960" connectionDb=hq connectionID=6 query="SELECT COUNT(*) FROM information_schema.tables WHERE table_schema = DATABASE() AND table_name = 'schema_migrations'"
time="2026-09-19T10:58:49-07:00" level=debug msg="Query finished in 27 ms" connectTime="2026-09-19 10:58:49.061925 -0700 PDT m=+3.067769960" connectionDb=hq connectionID=6 query="SELECT COUNT(*) FROM information_schema.tables WHERE table_schema = DATABASE() AND table_name = 'schema_migrations'" queryTime="2026-09-19 10:58:49.804101 -0700 PDT m=+3.809943085"
time="2026-09-19T10:58:49-07:00" level=debug msg="Starting query" connectTime="2026-09-19 10:58:49.061925 -0700 PDT m=+3.067769960" connectionDb=hq connectionID=6 query="SELECT COALESCE(MAX(version), 0) FROM schema_migrations" queryTime="2026-09-19 10:58:49.83071 -0700 PDT m=+3.836552293"
time="2026-09-19T10:58:49-07:00" level=trace msg="beginning execution" connectTime="2026-09-19 10:58:49.061925 -0700 PDT m=+3.067769960" connectionDb=hq connectionID=6 query="SELECT COALESCE(MAX(version), 0) FROM schema_migrations" queryTime="2026-09-19 10:58:49.8309 -0700 PDT m=+3.836742501"
time="2026-09-19T10:58:49-07:00" level=trace msg="beginning new transaction" connectTime="2026-09-19 10:58:49.061925 -0700 PDT m=+3.067769960" connectionDb=hq connectionID=6 query="SELECT COALESCE(MAX(version), 0) FROM schema_migrations"
time="2026-09-19T10:58:49-07:00" level=trace msg="committing transaction DoltTransaction" connectTime="2026-09-19 10:58:49.061925 -0700 PDT m=+3.067769960" connectionDb=hq connectionID=6 query="SELECT COALESCE(MAX(version), 0) FROM schema_migrations"
time="2026-09-19T10:58:49-07:00" level=trace msg="returning empty result" connectTime="2026-09-19 10:58:49.061925 -0700 PDT m=+3.067769960" connectionDb=hq connectionID=6 query="SELECT COALESCE(MAX(version), 0) FROM schema_migrations"
time="2026-09-19T10:58:49-07:00" level=debug msg="Query finished in 55 ms" connectTime="2026-09-19 10:58:49.061925 -0700 PDT m=+3.067769960" connectionDb=hq connectionID=6 query="SELECT COALESCE(MAX(version), 0) FROM schema_migrations" queryTime="2026-09-19 10:58:49.877806 -0700 PDT m=+3.883648251"
time="2026-09-19T10:58:49-07:00" level=debug msg="Starting query" connectTime="2026-09-19 10:58:49.061925 -0700 PDT m=+3.067769960" connectionDb=hq connectionID=6 query="SELECT COUNT(*) FROM issues" queryTime="2026-09-19 10:58:49.890814 -0700 PDT m=+3.896656210"
time="2026-09-19T10:58:49-07:00" level=trace msg="beginning execution" connectTime="2026-09-19 10:58:49.061925 -0700 PDT m=+3.067769960" connectionDb=hq connectionID=6 query="SELECT COUNT(*) FROM issues" queryTime="2026-09-19 10:58:49.891354 -0700 PDT m=+3.897195543"
time="2026-09-19T10:58:49-07:00" level=trace msg="beginning new transaction" connectTime="2026-09-19 10:58:49.061925 -0700 PDT m=+3.067769960" connectionDb=hq connectionID=6 query="SELECT COUNT(*) FROM issues"
time="2026-09-19T10:58:49-07:00" level=warning msg="error running query" connectTime="2026-09-19 10:58:49.061925 -0700 PDT m=+3.067769960" connectionDb=hq connectionID=6 error="table not found: issues" query="SELECT COUNT(*) FROM issues" queryTime="2026-09-19 10:58:49.914579 -0700 PDT m=+3.920421460"
time="2026-09-19T10:58:49-07:00" level=debug msg="Starting query" connectTime="2026-09-19 10:58:49.061925 -0700 PDT m=+3.067769960" connectionDb=hq connectionID=6 query="SELECT s.table_name, s.staged FROM dolt_status s WHERE NOT EXISTS ( SELECT 1 FROM dolt_ignore di WHERE di.ignored = 1 AND s.table_name LIKE di.pattern )" queryTime="2026-09-19 10:58:49.933842 -0700 PDT m=+3.939683710"
time="2026-09-19T10:58:49-07:00" level=trace msg="beginning execution" connectTime="2026-09-19 10:58:49.061925 -0700 PDT m=+3.067769960" connectionDb=hq connectionID=6 query="SELECT s.table_name, s.staged FROM dolt_status s WHERE NOT EXISTS ( SELECT 1 FROM dolt_ignore di WHERE di.ignored = 1 AND s.table_name LIKE di.pattern )" queryTime="2026-09-19 10:58:49.93847 -0700 PDT m=+3.944312043"
time="2026-09-19T10:58:49-07:00" level=trace msg="beginning new transaction" connectTime="2026-09-19 10:58:49.061925 -0700 PDT m=+3.067769960" connectionDb=hq connectionID=6 query="SELECT s.table_name, s.staged FROM dolt_status s WHERE NOT EXISTS ( SELECT 1 FROM dolt_ignore di WHERE di.ignored = 1 AND s.table_name LIKE di.pattern )"
time="2026-09-19T10:58:50-07:00" level=trace msg="spooling result row [TEXT(\"schema_migrations\") INT8(0)]" connectTime="2026-09-19 10:58:49.061925 -0700 PDT m=+3.067769960" connectionDb=hq connectionID=6 query="SELECT s.table_name, s.staged FROM dolt_status s WHERE NOT EXISTS ( SELECT 1 FROM dolt_ignore di WHERE di.ignored = 1 AND s.table_name LIKE di.pattern )"
time="2026-09-19T10:58:50-07:00" level=trace msg="committing transaction DoltTransaction" connectTime="2026-09-19 10:58:49.061925 -0700 PDT m=+3.067769960" connectionDb=hq connectionID=6 query="SELECT s.table_name, s.staged FROM dolt_status s WHERE NOT EXISTS ( SELECT 1 FROM dolt_ignore di WHERE di.ignored = 1 AND s.table_name LIKE di.pattern )"
time="2026-09-19T10:58:50-07:00" level=trace msg="returning result &{[name:\"table_name\" type:TEXT table:\"s\" org_table:\"s\" database:\"hq\" org_name:\"table_name\" column_length:262140 charset:255 flags:1 name:\"staged\" type:INT8 table:\"s\" org_table:\"s\" database:\"hq\" org_name:\"staged\" column_length:4 charset:255 flags:1] 1 0  [[TEXT(\"schema_migrations\") INT8(0)]] <nil>}" connectTime="2026-09-19 10:58:49.061925 -0700 PDT m=+3.067769960" connectionDb=hq connectionID=6 query="SELECT s.table_name, s.staged FROM dolt_status s WHERE NOT EXISTS ( SELECT 1 FROM dolt_ignore di WHERE di.ignored = 1 AND s.table_name LIKE di.pattern )"
time="2026-09-19T10:58:50-07:00" level=debug msg="Query finished in 206 ms" connectTime="2026-09-19 10:58:49.061925 -0700 PDT m=+3.067769960" connectionDb=hq connectionID=6 query="SELECT s.table_name, s.staged FROM dolt_status s WHERE NOT EXISTS ( SELECT 1 FROM dolt_ignore di WHERE di.ignored = 1 AND s.table_name LIKE di.pattern )" queryTime="2026-09-19 10:58:50.135212 -0700 PDT m=+4.141053418"
time="2026-09-19T10:58:50-07:00" level=debug msg="Starting query" connectTime="2026-09-19 10:58:49.061925 -0700 PDT m=+3.067769960" connectionDb=hq connectionID=6 query="CREATE TABLE IF NOT EXISTS issues ( id VARCHAR(255) PRIMARY KEY, content_hash VARCHAR(64), title VARCHAR(500) NOT NULL, description TEXT NOT NULL, design TEXT NOT NULL, acceptance_criteria TEXT NOT NULL, notes TEXT NOT NULL, status VARCHAR(32) NOT NULL DEFAULT 'open', priority INT NOT NULL DEFAULT 2, issue_type VARCHAR(32) NOT NULL DEFAULT 'task', assignee VARCHAR(255), estimated_minutes INT, created_at DATETIME NOT NULL DEFAULT CURRENT_TIMESTAMP, created_by VARCHAR(255) DEFAULT '', owner VARCHAR(255) DEFAULT '', updated_at DATETIME NOT NULL DEFAULT CURRENT_TIMESTAMP ON UPDATE CURRENT_TIMESTAMP, closed_at DATETIME, closed_by_session VARCHAR(255) DEFAULT '', external_ref VARCHAR(255), spec_id VARCHAR(1024), compaction_level INT DEFAULT 0, compacted_at DATETIME, compacted_at_commit VARCHAR(64), original_size INT, sender VARCHAR(255) DEFAULT '', ephemeral TINYINT(1) DEFAULT 0, wisp_type VARCHAR(32) DEFAULT '', pinned TINYINT(1) DEFAULT 0, is_template TINYINT(1) DEFAULT 0, mol_type VARCHAR(32) DEFAULT '', work_type VARCHAR(32) DEFAULT 'mutex', source_system VARCHAR(255) DEFAULT '', metadata JSON DEFAULT (JSON_OBJECT()), source_repo VARCHAR(512) DEFAULT '', close_reason TEXT DEFAULT '', event_kind VARCHAR(32) DEFAULT '', actor VARCHAR(255) DEFAULT '', target VARCHAR(255) DEFAULT '', payload TEXT DEFAULT '', await_type VARCHAR(32) DEFAULT '', await_id VARCHAR(255) DEFAULT '', timeout_ns BIGINT DEFAULT 0, waiters TEXT DEFAULT '', hook_bead VARCHAR(255) DEFAULT '', role_bead VARCHAR(255) DEFAULT '', agent_state VARCHAR(32) DEFAULT '', last_activity DATETIME, role_type VARCHAR(32) DEFAULT '', rig VARCHAR(255) DEFAULT '', due_at DATETIME, defer_until DATETIME, INDEX idx_issues_status (status), INDEX idx_issues_priority (priority), INDEX idx_issues_issue_type (issue_type), INDEX idx_issues_assignee (assignee), INDEX idx_issues_created_at (created_at), INDEX idx_issues_spec_id (spec_id), INDEX idx_issues_external_ref (external_ref) )" queryTime="2026-09-19 10:58:50.176202 -0700 PDT m=+4.182042418"
time="2026-09-19T10:58:50-07:00" level=trace msg="beginning execution" connectTime="2026-09-19 10:58:49.061925 -0700 PDT m=+3.067769960" connectionDb=hq connectionID=6 query="CREATE TABLE IF NOT EXISTS issues ( id VARCHAR(255) PRIMARY KEY, content_hash VARCHAR(64), title VARCHAR(500) NOT NULL, description TEXT NOT NULL, design TEXT NOT NULL, acceptance_criteria TEXT NOT NULL, notes TEXT NOT NULL, status VARCHAR(32) NOT NULL DEFAULT 'open', priority INT NOT NULL DEFAULT 2, issue_type VARCHAR(32) NOT NULL DEFAULT 'task', assignee VARCHAR(255), estimated_minutes INT, created_at DATETIME NOT NULL DEFAULT CURRENT_TIMESTAMP, created_by VARCHAR(255) DEFAULT '', owner VARCHAR(255) DEFAULT '', updated_at DATETIME NOT NULL DEFAULT CURRENT_TIMESTAMP ON UPDATE CURRENT_TIMESTAMP, closed_at DATETIME, closed_by_session VARCHAR(255) DEFAULT '', external_ref VARCHAR(255), spec_id VARCHAR(1024), compaction_level INT DEFAULT 0, compacted_at DATETIME, compacted_at_commit VARCHAR(64), original_size INT, sender VARCHAR(255) DEFAULT '', ephemeral TINYINT(1) DEFAULT 0, wisp_type VARCHAR(32) DEFAULT '', pinned TINYINT(1) DEFAULT 0, is_template TINYINT(1) DEFAULT 0, mol_type VARCHAR(32) DEFAULT '', work_type VARCHAR(32) DEFAULT 'mutex', source_system VARCHAR(255) DEFAULT '', metadata JSON DEFAULT (JSON_OBJECT()), source_repo VARCHAR(512) DEFAULT '', close_reason TEXT DEFAULT '', event_kind VARCHAR(32) DEFAULT '', actor VARCHAR(255) DEFAULT '', target VARCHAR(255) DEFAULT '', payload TEXT DEFAULT '', await_type VARCHAR(32) DEFAULT '', await_id VARCHAR(255) DEFAULT '', timeout_ns BIGINT DEFAULT 0, waiters TEXT DEFAULT '', hook_bead VARCHAR(255) DEFAULT '', role_bead VARCHAR(255) DEFAULT '', agent_state VARCHAR(32) DEFAULT '', last_activity DATETIME, role_type VARCHAR(32) DEFAULT '', rig VARCHAR(255) DEFAULT '', due_at DATETIME, defer_until DATETIME, INDEX idx_issues_status (status), INDEX idx_issues_priority (priority), INDEX idx_issues_issue_type (issue_type), INDEX idx_issues_assignee (assignee), INDEX idx_issues_created_at (created_at), INDEX idx_issues_spec_id (spec_id), INDEX idx_issues_external_ref (external_ref) )" queryTime="2026-09-19 10:58:50.176461 -0700 PDT m=+4.182301835"
time="2026-09-19T10:58:50-07:00" level=trace msg="beginning new transaction" connectTime="2026-09-19 10:58:49.061925 -0700 PDT m=+3.067769960" connectionDb=hq connectionID=6 query="CREATE TABLE IF NOT EXISTS issues ( id VARCHAR(255) PRIMARY KEY, content_hash VARCHAR(64), title VARCHAR(500) NOT NULL, description TEXT NOT NULL, design TEXT NOT NULL, acceptance_criteria TEXT NOT NULL, notes TEXT NOT NULL, status VARCHAR(32) NOT NULL DEFAULT 'open', priority INT NOT NULL DEFAULT 2, issue_type VARCHAR(32) NOT NULL DEFAULT 'task', assignee VARCHAR(255), estimated_minutes INT, created_at DATETIME NOT NULL DEFAULT CURRENT_TIMESTAMP, created_by VARCHAR(255) DEFAULT '', owner VARCHAR(255) DEFAULT '', updated_at DATETIME NOT NULL DEFAULT CURRENT_TIMESTAMP ON UPDATE CURRENT_TIMESTAMP, closed_at DATETIME, closed_by_session VARCHAR(255) DEFAULT '', external_ref VARCHAR(255), spec_id VARCHAR(1024), compaction_level INT DEFAULT 0, compacted_at DATETIME, compacted_at_commit VARCHAR(64), original_size INT, sender VARCHAR(255) DEFAULT '', ephemeral TINYINT(1) DEFAULT 0, wisp_type VARCHAR(32) DEFAULT '', pinned TINYINT(1) DEFAULT 0, is_template TINYINT(1) DEFAULT 0, mol_type VARCHAR(32) DEFAULT '', work_type VARCHAR(32) DEFAULT 'mutex', source_system VARCHAR(255) DEFAULT '', metadata JSON DEFAULT (JSON_OBJECT()), source_repo VARCHAR(512) DEFAULT '', close_reason TEXT DEFAULT '', event_kind VARCHAR(32) DEFAULT '', actor VARCHAR(255) DEFAULT '', target VARCHAR(255) DEFAULT '', payload TEXT DEFAULT '', await_type VARCHAR(32) DEFAULT '', await_id VARCHAR(255) DEFAULT '', timeout_ns BIGINT DEFAULT 0, waiters TEXT DEFAULT '', hook_bead VARCHAR(255) DEFAULT '', role_bead VARCHAR(255) DEFAULT '', agent_state VARCHAR(32) DEFAULT '', last_activity DATETIME, role_type VARCHAR(32) DEFAULT '', rig VARCHAR(255) DEFAULT '', due_at DATETIME, defer_until DATETIME, INDEX idx_issues_status (status), INDEX idx_issues_priority (priority), INDEX idx_issues_issue_type (issue_type), INDEX idx_issues_assignee (assignee), INDEX idx_issues_created_at (created_at), INDEX idx_issues_spec_id (spec_id), INDEX idx_issues_external_ref (external_ref) )"
time="2026-09-19T10:58:50-07:00" level=trace msg="committing transaction DoltTransaction" connectTime="2026-09-19 10:58:49.061925 -0700 PDT m=+3.067769960" connectionDb=hq connectionID=6 query="CREATE TABLE IF NOT EXISTS issues ( id VARCHAR(255) PRIMARY KEY, content_hash VARCHAR(64), title VARCHAR(500) NOT NULL, description TEXT NOT NULL, design TEXT NOT NULL, acceptance_criteria TEXT NOT NULL, notes TEXT NOT NULL, status VARCHAR(32) NOT NULL DEFAULT 'open', priority INT NOT NULL DEFAULT 2, issue_type VARCHAR(32) NOT NULL DEFAULT 'task', assignee VARCHAR(255), estimated_minutes INT, created_at DATETIME NOT NULL DEFAULT CURRENT_TIMESTAMP, created_by VARCHAR(255) DEFAULT '', owner VARCHAR(255) DEFAULT '', updated_at DATETIME NOT NULL DEFAULT CURRENT_TIMESTAMP ON UPDATE CURRENT_TIMESTAMP, closed_at DATETIME, closed_by_session VARCHAR(255) DEFAULT '', external_ref VARCHAR(255), spec_id VARCHAR(1024), compaction_level INT DEFAULT 0, compacted_at DATETIME, compacted_at_commit VARCHAR(64), original_size INT, sender VARCHAR(255) DEFAULT '', ephemeral TINYINT(1) DEFAULT 0, wisp_type VARCHAR(32) DEFAULT '', pinned TINYINT(1) DEFAULT 0, is_template TINYINT(1) DEFAULT 0, mol_type VARCHAR(32) DEFAULT '', work_type VARCHAR(32) DEFAULT 'mutex', source_system VARCHAR(255) DEFAULT '', metadata JSON DEFAULT (JSON_OBJECT()), source_repo VARCHAR(512) DEFAULT '', close_reason TEXT DEFAULT '', event_kind VARCHAR(32) DEFAULT '', actor VARCHAR(255) DEFAULT '', target VARCHAR(255) DEFAULT '', payload TEXT DEFAULT '', await_type VARCHAR(32) DEFAULT '', await_id VARCHAR(255) DEFAULT '', timeout_ns BIGINT DEFAULT 0, waiters TEXT DEFAULT '', hook_bead VARCHAR(255) DEFAULT '', role_bead VARCHAR(255) DEFAULT '', agent_state VARCHAR(32) DEFAULT '', last_activity DATETIME, role_type VARCHAR(32) DEFAULT '', rig VARCHAR(255) DEFAULT '', due_at DATETIME, defer_until DATETIME, INDEX idx_issues_status (status), INDEX idx_issues_priority (priority), INDEX idx_issues_issue_type (issue_type), INDEX idx_issues_assignee (assignee), INDEX idx_issues_created_at (created_at), INDEX idx_issues_spec_id (spec_id), INDEX idx_issues_external_ref (external_ref) )"
time="2026-09-19T10:58:50-07:00" level=trace msg="returning empty result" connectTime="2026-09-19 10:58:49.061925 -0700 PDT m=+3.067769960" connectionDb=hq connectionID=6 query="CREATE TABLE IF NOT EXISTS issues ( id VARCHAR(255) PRIMARY KEY, content_hash VARCHAR(64), title VARCHAR(500) NOT NULL, description TEXT NOT NULL, design TEXT NOT NULL, acceptance_criteria TEXT NOT NULL, notes TEXT NOT NULL, status VARCHAR(32) NOT NULL DEFAULT 'open', priority INT NOT NULL DEFAULT 2, issue_type VARCHAR(32) NOT NULL DEFAULT 'task', assignee VARCHAR(255), estimated_minutes INT, created_at DATETIME NOT NULL DEFAULT CURRENT_TIMESTAMP, created_by VARCHAR(255) DEFAULT '', owner VARCHAR(255) DEFAULT '', updated_at DATETIME NOT NULL DEFAULT CURRENT_TIMESTAMP ON UPDATE CURRENT_TIMESTAMP, closed_at DATETIME, closed_by_session VARCHAR(255) DEFAULT '', external_ref VARCHAR(255), spec_id VARCHAR(1024), compaction_level INT DEFAULT 0, compacted_at DATETIME, compacted_at_commit VARCHAR(64), original_size INT, sender VARCHAR(255) DEFAULT '', ephemeral TINYINT(1) DEFAULT 0, wisp_type VARCHAR(32) DEFAULT '', pinned TINYINT(1) DEFAULT 0, is_template TINYINT(1) DEFAULT 0, mol_type VARCHAR(32) DEFAULT '', work_type VARCHAR(32) DEFAULT 'mutex', source_system VARCHAR(255) DEFAULT '', metadata JSON DEFAULT (JSON_OBJECT()), source_repo VARCHAR(512) DEFAULT '', close_reason TEXT DEFAULT '', event_kind VARCHAR(32) DEFAULT '', actor VARCHAR(255) DEFAULT '', target VARCHAR(255) DEFAULT '', payload TEXT DEFAULT '', await_type VARCHAR(32) DEFAULT '', await_id VARCHAR(255) DEFAULT '', timeout_ns BIGINT DEFAULT 0, waiters TEXT DEFAULT '', hook_bead VARCHAR(255) DEFAULT '', role_bead VARCHAR(255) DEFAULT '', agent_state VARCHAR(32) DEFAULT '', last_activity DATETIME, role_type VARCHAR(32) DEFAULT '', rig VARCHAR(255) DEFAULT '', due_at DATETIME, defer_until DATETIME, INDEX idx_issues_status (status), INDEX idx_issues_priority (priority), INDEX idx_issues_issue_type (issue_type), INDEX idx_issues_assignee (assignee), INDEX idx_issues_created_at (created_at), INDEX idx_issues_spec_id (spec_id), INDEX idx_issues_external_ref (external_ref) )"
time="2026-09-19T10:58:50-07:00" level=debug msg="Query finished in 147 ms" connectTime="2026-09-19 10:58:49.061925 -0700 PDT m=+3.067769960" connectionDb=hq connectionID=6 query="CREATE TABLE IF NOT EXISTS issues ( id VARCHAR(255) PRIMARY KEY, content_hash VARCHAR(64), title VARCHAR(500) NOT NULL, description TEXT NOT NULL, design TEXT NOT NULL, acceptance_criteria TEXT NOT NULL, notes TEXT NOT NULL, status VARCHAR(32) NOT NULL DEFAULT 'open', priority INT NOT NULL DEFAULT 2, issue_type VARCHAR(32) NOT NULL DEFAULT 'task', assignee VARCHAR(255), estimated_minutes INT, created_at DATETIME NOT NULL DEFAULT CURRENT_TIMESTAMP, created_by VARCHAR(255) DEFAULT '', owner VARCHAR(255) DEFAULT '', updated_at DATETIME NOT NULL DEFAULT CURRENT_TIMESTAMP ON UPDATE CURRENT_TIMESTAMP, closed_at DATETIME, closed_by_session VARCHAR(255) DEFAULT '', external_ref VARCHAR(255), spec_id VARCHAR(1024), compaction_level INT DEFAULT 0, compacted_at DATETIME, compacted_at_commit VARCHAR(64), original_size INT, sender VARCHAR(255) DEFAULT '', ephemeral TINYINT(1) DEFAULT 0, wisp_type VARCHAR(32) DEFAULT '', pinned TINYINT(1) DEFAULT 0, is_template TINYINT(1) DEFAULT 0, mol_type VARCHAR(32) DEFAULT '', work_type VARCHAR(32) DEFAULT 'mutex', source_system VARCHAR(255) DEFAULT '', metadata JSON DEFAULT (JSON_OBJECT()), source_repo VARCHAR(512) DEFAULT '', close_reason TEXT DEFAULT '', event_kind VARCHAR(32) DEFAULT '', actor VARCHAR(255) DEFAULT '', target VARCHAR(255) DEFAULT '', payload TEXT DEFAULT '', await_type VARCHAR(32) DEFAULT '', await_id VARCHAR(255) DEFAULT '', timeout_ns BIGINT DEFAULT 0, waiters TEXT DEFAULT '', hook_bead VARCHAR(255) DEFAULT '', role_bead VARCHAR(255) DEFAULT '', agent_state VARCHAR(32) DEFAULT '', last_activity DATETIME, role_type VARCHAR(32) DEFAULT '', rig VARCHAR(255) DEFAULT '', due_at DATETIME, defer_until DATETIME, INDEX idx_issues_status (status), INDEX idx_issues_priority (priority), INDEX idx_issues_issue_type (issue_type), INDEX idx_issues_assignee (assignee), INDEX idx_issues_created_at (created_at), INDEX idx_issues_spec_id (spec_id), INDEX idx_issues_external_ref (external_ref) )" queryTime="2026-09-19 10:58:50.318229 -0700 PDT m=+4.324069543"
time="2026-09-19T10:58:50-07:00" level=debug msg="Starting query" connectTime="2026-09-19 10:58:49.061925 -0700 PDT m=+3.067769960" connectionDb=hq connectionID=6 query="INSERT IGNORE INTO schema_migrations (version, content_hash) VALUES (1, '0c9bc4d97e2c5ee5d276c952333b934cd7d7d18210997d6bfd72d17f0fdb14f0')" queryTime="2026-09-19 10:58:50.359105 -0700 PDT m=+4.364945501"
time="2026-09-19T10:58:50-07:00" level=trace msg="beginning execution" connectTime="2026-09-19 10:58:49.061925 -0700 PDT m=+3.067769960" connectionDb=hq connectionID=6 query="INSERT IGNORE INTO schema_migrations (version, content_hash) VALUES (1, '0c9bc4d97e2c5ee5d276c952333b934cd7d7d18210997d6bfd72d17f0fdb14f0')" queryTime="2026-09-19 10:58:50.359246 -0700 PDT m=+4.365086501"
time="2026-09-19T10:58:50-07:00" level=trace msg="beginning new transaction" connectTime="2026-09-19 10:58:49.061925 -0700 PDT m=+3.067769960" connectionDb=hq connectionID=6 query="INSERT IGNORE INTO schema_migrations (version, content_hash) VALUES (1, '0c9bc4d97e2c5ee5d276c952333b934cd7d7d18210997d6bfd72d17f0fdb14f0')"
time="2026-09-19T10:58:50-07:00" level=trace msg="committing transaction DoltTransaction" connectTime="2026-09-19 10:58:49.061925 -0700 PDT m=+3.067769960" connectionDb=hq connectionID=6 query="INSERT IGNORE INTO schema_migrations (version, content_hash) VALUES (1, '0c9bc4d97e2c5ee5d276c952333b934cd7d7d18210997d6bfd72d17f0fdb14f0')"
time="2026-09-19T10:58:50-07:00" level=trace msg="returning empty result" connectTime="2026-09-19 10:58:49.061925 -0700 PDT m=+3.067769960" connectionDb=hq connectionID=6 query="INSERT IGNORE INTO schema_migrations (version, content_hash) VALUES (1, '0c9bc4d97e2c5ee5d276c952333b934cd7d7d18210997d6bfd72d17f0fdb14f0')"
time="2026-09-19T10:58:50-07:00" level=debug msg="Query finished in 32 ms" connectTime="2026-09-19 10:58:49.061925 -0700 PDT m=+3.067769960" connectionDb=hq connectionID=6 query="INSERT IGNORE INTO schema_migrations (version, content_hash) VALUES (1, '0c9bc4d97e2c5ee5d276c952333b934cd7d7d18210997d6bfd72d17f0fdb14f0')" queryTime="2026-09-19 10:58:50.391022 -0700 PDT m=+4.396862043"
time="2026-09-19T10:58:50-07:00" level=debug msg="Starting query" connectTime="2026-09-19 10:58:49.061925 -0700 PDT m=+3.067769960" connectionDb=hq connectionID=6 query="SELECT s.table_name, s.staged FROM dolt_status s WHERE NOT EXISTS ( SELECT 1 FROM dolt_ignore di WHERE di.ignored = 1 AND s.table_name LIKE di.pattern )" queryTime="2026-09-19 10:58:50.400223 -0700 PDT m=+4.406063585"
time="2026-09-19T10:58:50-07:00" level=trace msg="beginning execution" connectTime="2026-09-19 10:58:49.061925 -0700 PDT m=+3.067769960" connectionDb=hq connectionID=6 query="SELECT s.table_name, s.staged FROM dolt_status s WHERE NOT EXISTS ( SELECT 1 FROM dolt_ignore di WHERE di.ignored = 1 AND s.table_name LIKE di.pattern )" queryTime="2026-09-19 10:58:50.411538 -0700 PDT m=+4.417377626"
time="2026-09-19T10:58:50-07:00" level=trace msg="beginning new transaction" connectTime="2026-09-19 10:58:49.061925 -0700 PDT m=+3.067769960" connectionDb=hq connectionID=6 query="SELECT s.table_name, s.staged FROM dolt_status s WHERE NOT EXISTS ( SELECT 1 FROM dolt_ignore di WHERE di.ignored = 1 AND s.table_name LIKE di.pattern )"
time="2026-09-19T10:58:50-07:00" level=trace msg="spooling result row [TEXT(\"issues\") INT8(0)]" connectTime="2026-09-19 10:58:49.061925 -0700 PDT m=+3.067769960" connectionDb=hq connectionID=6 query="SELECT s.table_name, s.staged FROM dolt_status s WHERE NOT EXISTS ( SELECT 1 FROM dolt_ignore di WHERE di.ignored = 1 AND s.table_name LIKE di.pattern )"
time="2026-09-19T10:58:50-07:00" level=trace msg="spooling result row [TEXT(\"schema_migrations\") INT8(0)]" connectTime="2026-09-19 10:58:49.061925 -0700 PDT m=+3.067769960" connectionDb=hq connectionID=6 query="SELECT s.table_name, s.staged FROM dolt_status s WHERE NOT EXISTS ( SELECT 1 FROM dolt_ignore di WHERE di.ignored = 1 AND s.table_name LIKE di.pattern )"
time="2026-09-19T10:58:50-07:00" level=trace msg="committing transaction DoltTransaction" connectTime="2026-09-19 10:58:49.061925 -0700 PDT m=+3.067769960" connectionDb=hq connectionID=6 query="SELECT s.table_name, s.staged FROM dolt_status s WHERE NOT EXISTS ( SELECT 1 FROM dolt_ignore di WHERE di.ignored = 1 AND s.table_name LIKE di.pattern )"
time="2026-09-19T10:58:50-07:00" level=debug msg="Query finished in 66 ms" connectTime="2026-09-19 10:58:49.061925 -0700 PDT m=+3.067769960" connectionDb=hq connectionID=6 query="SELECT s.table_name, s.staged FROM dolt_status s WHERE NOT EXISTS ( SELECT 1 FROM dolt_ignore di WHERE di.ignored = 1 AND s.table_name LIKE di.pattern )" queryTime="2026-09-19 10:58:50.466344 -0700 PDT m=+4.472183960"
time="2026-09-19T10:58:50-07:00" level=debug msg="Starting query" connectTime="2026-09-19 10:58:49.061925 -0700 PDT m=+3.067769960" connectionDb=hq connectionID=6 query="CALL DOLT_ADD('-f', 'issues')" queryTime="2026-09-19 10:58:50.483362 -0700 PDT m=+4.489202043"
time="2026-09-19T10:58:50-07:00" level=trace msg="beginning execution" connectTime="2026-09-19 10:58:49.061925 -0700 PDT m=+3.067769960" connectionDb=hq connectionID=6 query="CALL DOLT_ADD('-f', 'issues')" queryTime="2026-09-19 10:58:50.483506 -0700 PDT m=+4.489345876"
time="2026-09-19T10:58:50-07:00" level=trace msg="beginning new transaction" connectTime="2026-09-19 10:58:49.061925 -0700 PDT m=+3.067769960" connectionDb=hq connectionID=6 query="CALL DOLT_ADD('-f', 'issues')"
time="2026-09-19T10:58:50-07:00" level=trace msg="spooling result row [INT64(0)]" connectTime="2026-09-19 10:58:49.061925 -0700 PDT m=+3.067769960" connectionDb=hq connectionID=6 query="CALL DOLT_ADD('-f', 'issues')"
time="2026-09-19T10:58:50-07:00" level=trace msg="committing transaction DoltTransaction" connectTime="2026-09-19 10:58:49.061925 -0700 PDT m=+3.067769960" connectionDb=hq connectionID=6 query="CALL DOLT_ADD('-f', 'issues')"
time="2026-09-19T10:58:50-07:00" level=trace msg="returning result &{[name:\"status\" type:INT64 org_name:\"status\" column_length:20 charset:255 flags:1] 1 0  [[INT64(0)]] <nil>}" connectTime="2026-09-19 10:58:49.061925 -0700 PDT m=+3.067769960" connectionDb=hq connectionID=6 query="CALL DOLT_ADD('-f', 'issues')"
time="2026-09-19T10:58:50-07:00" level=debug msg="Query finished in 28 ms" connectTime="2026-09-19 10:58:49.061925 -0700 PDT m=+3.067769960" connectionDb=hq connectionID=6 query="CALL DOLT_ADD('-f', 'issues')" queryTime="2026-09-19 10:58:50.512199 -0700 PDT m=+4.518039043"
time="2026-09-19T10:58:50-07:00" level=debug msg="Starting query" connectTime="2026-09-19 10:58:49.061925 -0700 PDT m=+3.067769960" connectionDb=hq connectionID=6 query="CALL DOLT_ADD('-f', 'schema_migrations')" queryTime="2026-09-19 10:58:50.533355 -0700 PDT m=+4.539194085"
time="2026-09-19T10:58:50-07:00" level=trace msg="beginning execution" connectTime="2026-09-19 10:58:49.061925 -0700 PDT m=+3.067769960" connectionDb=hq connectionID=6 query="CALL DOLT_ADD('-f', 'schema_migrations')" queryTime="2026-09-19 10:58:50.536331 -0700 PDT m=+4.542171085"
time="2026-09-19T10:58:50-07:00" level=trace msg="beginning new transaction" connectTime="2026-09-19 10:58:49.061925 -0700 PDT m=+3.067769960" connectionDb=hq connectionID=6 query="CALL DOLT_ADD('-f', 'schema_migrations')"
time="2026-09-19T10:58:50-07:00" level=trace msg="spooling result row [INT64(0)]" connectTime="2026-09-19 10:58:49.061925 -0700 PDT m=+3.067769960" connectionDb=hq connectionID=6 query="CALL DOLT_ADD('-f', 'schema_migrations')"
time="2026-09-19T10:58:50-07:00" level=trace msg="committing transaction DoltTransaction" connectTime="2026-09-19 10:58:49.061925 -0700 PDT m=+3.067769960" connectionDb=hq connectionID=6 query="CALL DOLT_ADD('-f', 'schema_migrations')"
time="2026-09-19T10:58:50-07:00" level=trace msg="returning result &{[name:\"status\" type:INT64 org_name:\"status\" column_length:20 charset:255 flags:1] 1 0  [[INT64(0)]] <nil>}" connectTime="2026-09-19 10:58:49.061925 -0700 PDT m=+3.067769960" connectionDb=hq connectionID=6 query="CALL DOLT_ADD('-f', 'schema_migrations')"
time="2026-09-19T10:58:50-07:00" level=debug msg="Query finished in 17 ms" connectTime="2026-09-19 10:58:49.061925 -0700 PDT m=+3.067769960" connectionDb=hq connectionID=6 query="CALL DOLT_ADD('-f', 'schema_migrations')" queryTime="2026-09-19 10:58:50.550577 -0700 PDT m=+4.556416460"
time="2026-09-19T10:58:50-07:00" level=debug msg="Starting query" connectTime="2026-09-19 10:58:49.061925 -0700 PDT m=+3.067769960" connectionDb=hq connectionID=6 query="CALL DOLT_COMMIT('-m', 'schema: apply migration 0001_create_issues.up.sql')" queryTime="2026-09-19 10:58:50.561251 -0700 PDT m=+4.567090126"
time="2026-09-19T10:58:50-07:00" level=trace msg="beginning execution" connectTime="2026-09-19 10:58:49.061925 -0700 PDT m=+3.067769960" connectionDb=hq connectionID=6 query="CALL DOLT_COMMIT('-m', 'schema: apply migration 0001_create_issues.up.sql')" queryTime="2026-09-19 10:58:50.561721 -0700 PDT m=+4.567560293"
time="2026-09-19T10:58:50-07:00" level=trace msg="beginning new transaction" connectTime="2026-09-19 10:58:49.061925 -0700 PDT m=+3.067769960" connectionDb=hq connectionID=6 query="CALL DOLT_COMMIT('-m', 'schema: apply migration 0001_create_issues.up.sql')"
time="2026-09-19T10:58:50-07:00" level=trace msg="spooling result row [TEXT(\"02lso19q84pdb1u74l6hhfteu4hr7ae2\")]" connectTime="2026-09-19 10:58:49.061925 -0700 PDT m=+3.067769960" connectionDb=hq connectionID=6 query="CALL DOLT_COMMIT('-m', 'schema: apply migration 0001_create_issues.up.sql')"
time="2026-09-19T10:58:50-07:00" level=trace msg="returning result &{[name:\"hash\" type:TEXT org_name:\"hash\" column_length:4294967295 charset:255 flags:1] 1 0  [[TEXT(\"02lso19q84pdb1u74l6hhfteu4hr7ae2\")]] <nil>}" connectTime="2026-09-19 10:58:49.061925 -0700 PDT m=+3.067769960" connectionDb=hq connectionID=6 query="CALL DOLT_COMMIT('-m', 'schema: apply migration 0001_create_issues.up.sql')"
time="2026-09-19T10:58:50-07:00" level=debug msg="Query finished in 30 ms" connectTime="2026-09-19 10:58:49.061925 -0700 PDT m=+3.067769960" connectionDb=hq connectionID=6 query="CALL DOLT_COMMIT('-m', 'schema: apply migration 0001_create_issues.up.sql')" queryTime="2026-09-19 10:58:50.59193 -0700 PDT m=+4.597769668"
time="2026-09-19T10:58:50-07:00" level=debug msg="Starting query" connectTime="2026-09-19 10:58:49.061925 -0700 PDT m=+3.067769960" connectionDb=hq connectionID=6 query="SELECT s.table_name, s.staged FROM dolt_status s WHERE NOT EXISTS ( SELECT 1 FROM dolt_ignore di WHERE di.ignored = 1 AND s.table_name LIKE di.pattern )" queryTime="2026-09-19 10:58:50.607804 -0700 PDT m=+4.613643668"
time="2026-09-19T10:58:50-07:00" level=trace msg="beginning execution" connectTime="2026-09-19 10:58:49.061925 -0700 PDT m=+3.067769960" connectionDb=hq connectionID=6 query="SELECT s.table_name, s.staged FROM dolt_status s WHERE NOT EXISTS ( SELECT 1 FROM dolt_ignore di WHERE di.ignored = 1 AND s.table_name LIKE di.pattern )" queryTime="2026-09-19 10:58:50.607938 -0700 PDT m=+4.613777460"
time="2026-09-19T10:58:50-07:00" level=trace msg="beginning new transaction" connectTime="2026-09-19 10:58:49.061925 -0700 PDT m=+3.067769960" connectionDb=hq connectionID=6 query="SELECT s.table_name, s.staged FROM dolt_status s WHERE NOT EXISTS ( SELECT 1 FROM dolt_ignore di WHERE di.ignored = 1 AND s.table_name LIKE di.pattern )"
time="2026-09-19T10:58:50-07:00" level=trace msg="committing transaction DoltTransaction" connectTime="2026-09-19 10:58:49.061925 -0700 PDT m=+3.067769960" connectionDb=hq connectionID=6 query="SELECT s.table_name, s.staged FROM dolt_status s WHERE NOT EXISTS ( SELECT 1 FROM dolt_ignore di WHERE di.ignored = 1 AND s.table_name LIKE di.pattern )"
time="2026-09-19T10:58:50-07:00" level=trace msg="returning empty result" connectTime="2026-09-19 10:58:49.061925 -0700 PDT m=+3.067769960" connectionDb=hq connectionID=6 query="SELECT s.table_name, s.staged FROM dolt_status s WHERE NOT EXISTS ( SELECT 1 FROM dolt_ignore di WHERE di.ignored = 1 AND s.table_name LIKE di.pattern )"
time="2026-09-19T10:58:50-07:00" level=debug msg="Query finished in 81 ms" connectTime="2026-09-19 10:58:49.061925 -0700 PDT m=+3.067769960" connectionDb=hq connectionID=6 query="SELECT s.table_name, s.staged FROM dolt_status s WHERE NOT EXISTS ( SELECT 1 FROM dolt_ignore di WHERE di.ignored = 1 AND s.table_name LIKE di.pattern )" queryTime="2026-09-19 10:58:50.689057 -0700 PDT m=+4.694896001"
time="2026-09-19T10:58:50-07:00" level=debug msg="Starting query" connectTime="2026-09-19 10:58:49.061925 -0700 PDT m=+3.067769960" connectionDb=hq connectionID=6 query="CREATE TABLE IF NOT EXISTS dependencies ( issue_id VARCHAR(255) NOT NULL, depends_on_id VARCHAR(255) NOT NULL, type VARCHAR(32) NOT NULL DEFAULT 'blocks', created_at DATETIME NOT NULL DEFAULT CURRENT_TIMESTAMP, created_by VARCHAR(255) NOT NULL, metadata JSON DEFAULT (JSON_OBJECT()), thread_id VARCHAR(255) DEFAULT '', PRIMARY KEY (issue_id, depends_on_id), INDEX idx_dependencies_issue (issue_id), INDEX idx_dependencies_depends_on (depends_on_id), INDEX idx_dependencies_depends_on_type (depends_on_id, type), INDEX idx_dependencies_thread (thread_id), CONSTRAINT fk_dep_issue FOREIGN KEY (issue_id) REFERENCES issues(id) ON DELETE CASCADE )" queryTime="2026-09-19 10:58:50.69828 -0700 PDT m=+4.704118960"
time="2026-09-19T10:58:50-07:00" level=trace msg="beginning execution" connectTime="2026-09-19 10:58:49.061925 -0700 PDT m=+3.067769960" connectionDb=hq connectionID=6 query="CREATE TABLE IF NOT EXISTS dependencies ( issue_id VARCHAR(255) NOT NULL, depends_on_id VARCHAR(255) NOT NULL, type VARCHAR(32) NOT NULL DEFAULT 'blocks', created_at DATETIME NOT NULL DEFAULT CURRENT_TIMESTAMP, created_by VARCHAR(255) NOT NULL, metadata JSON DEFAULT (JSON_OBJECT()), thread_id VARCHAR(255) DEFAULT '', PRIMARY KEY (issue_id, depends_on_id), INDEX idx_dependencies_issue (issue_id), INDEX idx_dependencies_depends_on (depends_on_id), INDEX idx_dependencies_depends_on_type (depends_on_id, type), INDEX idx_dependencies_thread (thread_id), CONSTRAINT fk_dep_issue FOREIGN KEY (issue_id) REFERENCES issues(id) ON DELETE CASCADE )" queryTime="2026-09-19 10:58:50.698502 -0700 PDT m=+4.704340710"
time="2026-09-19T10:58:50-07:00" level=trace msg="beginning new transaction" connectTime="2026-09-19 10:58:49.061925 -0700 PDT m=+3.067769960" connectionDb=hq connectionID=6 query="CREATE TABLE IF NOT EXISTS dependencies ( issue_id VARCHAR(255) NOT NULL, depends_on_id VARCHAR(255) NOT NULL, type VARCHAR(32) NOT NULL DEFAULT 'blocks', created_at DATETIME NOT NULL DEFAULT CURRENT_TIMESTAMP, created_by VARCHAR(255) NOT NULL, metadata JSON DEFAULT (JSON_OBJECT()), thread_id VARCHAR(255) DEFAULT '', PRIMARY KEY (issue_id, depends_on_id), INDEX idx_dependencies_issue (issue_id), INDEX idx_dependencies_depends_on (depends_on_id), INDEX idx_dependencies_depends_on_type (depends_on_id, type), INDEX idx_dependencies_thread (thread_id), CONSTRAINT fk_dep_issue FOREIGN KEY (issue_id) REFERENCES issues(id) ON DELETE CASCADE )"
time="2026-09-19T10:58:50-07:00" level=trace msg="committing transaction DoltTransaction" connectTime="2026-09-19 10:58:49.061925 -0700 PDT m=+3.067769960" connectionDb=hq connectionID=6 query="CREATE TABLE IF NOT EXISTS dependencies ( issue_id VARCHAR(255) NOT NULL, depends_on_id VARCHAR(255) NOT NULL, type VARCHAR(32) NOT NULL DEFAULT 'blocks', created_at DATETIME NOT NULL DEFAULT CURRENT_TIMESTAMP, created_by VARCHAR(255) NOT NULL, metadata JSON DEFAULT (JSON_OBJECT()), thread_id VARCHAR(255) DEFAULT '', PRIMARY KEY (issue_id, depends_on_id), INDEX idx_dependencies_issue (issue_id), INDEX idx_dependencies_depends_on (depends_on_id), INDEX idx_dependencies_depends_on_type (depends_on_id, type), INDEX idx_dependencies_thread (thread_id), CONSTRAINT fk_dep_issue FOREIGN KEY (issue_id) REFERENCES issues(id) ON DELETE CASCADE )"
time="2026-09-19T10:58:50-07:00" level=trace msg="returning empty result" connectTime="2026-09-19 10:58:49.061925 -0700 PDT m=+3.067769960" connectionDb=hq connectionID=6 query="CREATE TABLE IF NOT EXISTS dependencies ( issue_id VARCHAR(255) NOT NULL, depends_on_id VARCHAR(255) NOT NULL, type VARCHAR(32) NOT NULL DEFAULT 'blocks', created_at DATETIME NOT NULL DEFAULT CURRENT_TIMESTAMP, created_by VARCHAR(255) NOT NULL, metadata JSON DEFAULT (JSON_OBJECT()), thread_id VARCHAR(255) DEFAULT '', PRIMARY KEY (issue_id, depends_on_id), INDEX idx_dependencies_issue (issue_id), INDEX idx_dependencies_depends_on (depends_on_id), INDEX idx_dependencies_depends_on_type (depends_on_id, type), INDEX idx_dependencies_thread (thread_id), CONSTRAINT fk_dep_issue FOREIGN KEY (issue_id) REFERENCES issues(id) ON DELETE CASCADE )"
time="2026-09-19T10:58:50-07:00" level=debug msg="Query finished in 48 ms" connectTime="2026-09-19 10:58:49.061925 -0700 PDT m=+3.067769960" connectionDb=hq connectionID=6 query="CREATE TABLE IF NOT EXISTS dependencies ( issue_id VARCHAR(255) NOT NULL, depends_on_id VARCHAR(255) NOT NULL, type VARCHAR(32) NOT NULL DEFAULT 'blocks', created_at DATETIME NOT NULL DEFAULT CURRENT_TIMESTAMP, created_by VARCHAR(255) NOT NULL, metadata JSON DEFAULT (JSON_OBJECT()), thread_id VARCHAR(255) DEFAULT '', PRIMARY KEY (issue_id, depends_on_id), INDEX idx_dependencies_issue (issue_id), INDEX idx_dependencies_depends_on (depends_on_id), INDEX idx_dependencies_depends_on_type (depends_on_id, type), INDEX idx_dependencies_thread (thread_id), CONSTRAINT fk_dep_issue FOREIGN KEY (issue_id) REFERENCES issues(id) ON DELETE CASCADE )" queryTime="2026-09-19 10:58:50.739643 -0700 PDT m=+4.745482168"
time="2026-09-19T10:58:50-07:00" level=debug msg="Starting query" connectTime="2026-09-19 10:58:49.061925 -0700 PDT m=+3.067769960" connectionDb=hq connectionID=6 query="INSERT IGNORE INTO schema_migrations (version, content_hash) VALUES (2, '9ca011fa0b24ddf26f689eebf347cc2f80dc90256b099d91b993ec82c4d74da5')" queryTime="2026-09-19 10:58:50.741284 -0700 PDT m=+4.747122376"
time="2026-09-19T10:58:50-07:00" level=trace msg="beginning execution" connectTime="2026-09-19 10:58:49.061925 -0700 PDT m=+3.067769960" connectionDb=hq connectionID=6 query="INSERT IGNORE INTO schema_migrations (version, content_hash) VALUES (2, '9ca011fa0b24ddf26f689eebf347cc2f80dc90256b099d91b993ec82c4d74da5')" queryTime="2026-09-19 10:58:50.741385 -0700 PDT m=+4.747224085"
time="2026-09-19T10:58:50-07:00" level=trace msg="beginning new transaction" connectTime="2026-09-19 10:58:49.061925 -0700 PDT m=+3.067769960" connectionDb=hq connectionID=6 query="INSERT IGNORE INTO schema_migrations (version, content_hash) VALUES (2, '9ca011fa0b24ddf26f689eebf347cc2f80dc90256b099d91b993ec82c4d74da5')"
time="2026-09-19T10:58:50-07:00" level=trace msg="committing transaction DoltTransaction" connectTime="2026-09-19 10:58:49.061925 -0700 PDT m=+3.067769960" connectionDb=hq connectionID=6 query="INSERT IGNORE INTO schema_migrations (version, content_hash) VALUES (2, '9ca011fa0b24ddf26f689eebf347cc2f80dc90256b099d91b993ec82c4d74da5')"
time="2026-09-19T10:58:50-07:00" level=trace msg="returning empty result" connectTime="2026-09-19 10:58:49.061925 -0700 PDT m=+3.067769960" connectionDb=hq connectionID=6 query="INSERT IGNORE INTO schema_migrations (version, content_hash) VALUES (2, '9ca011fa0b24ddf26f689eebf347cc2f80dc90256b099d91b993ec82c4d74da5')"
time="2026-09-19T10:58:50-07:00" level=debug msg="Query finished in 16 ms" connectTime="2026-09-19 10:58:49.061925 -0700 PDT m=+3.067769960" connectionDb=hq connectionID=6 query="INSERT IGNORE INTO schema_migrations (version, content_hash) VALUES (2, '9ca011fa0b24ddf26f689eebf347cc2f80dc90256b099d91b993ec82c4d74da5')" queryTime="2026-09-19 10:58:50.75713 -0700 PDT m=+4.762968210"
time="2026-09-19T10:58:50-07:00" level=debug msg="Starting query" connectTime="2026-09-19 10:58:49.061925 -0700 PDT m=+3.067769960" connectionDb=hq connectionID=6 query="SELECT s.table_name, s.staged FROM dolt_status s WHERE NOT EXISTS ( SELECT 1 FROM dolt_ignore di WHERE di.ignored = 1 AND s.table_name LIKE di.pattern )" queryTime="2026-09-19 10:58:50.757954 -0700 PDT m=+4.763793001"
time="2026-09-19T10:58:50-07:00" level=trace msg="beginning execution" connectTime="2026-09-19 10:58:49.061925 -0700 PDT m=+3.067769960" connectionDb=hq connectionID=6 query="SELECT s.table_name, s.staged FROM dolt_status s WHERE NOT EXISTS ( SELECT 1 FROM dolt_ignore di WHERE di.ignored = 1 AND s.table_name LIKE di.pattern )" queryTime="2026-09-19 10:58:50.758026 -0700 PDT m=+4.763864251"
time="2026-09-19T10:58:50-07:00" level=trace msg="beginning new transaction" connectTime="2026-09-19 10:58:49.061925 -0700 PDT m=+3.067769960" connectionDb=hq connectionID=6 query="SELECT s.table_name, s.staged FROM dolt_status s WHERE NOT EXISTS ( SELECT 1 FROM dolt_ignore di WHERE di.ignored = 1 AND s.table_name LIKE di.pattern )"
time="2026-09-19T10:58:50-07:00" level=trace msg="spooling result row [TEXT(\"dependencies\") INT8(0)]" connectTime="2026-09-19 10:58:49.061925 -0700 PDT m=+3.067769960" connectionDb=hq connectionID=6 query="SELECT s.table_name, s.staged FROM dolt_status s WHERE NOT EXISTS ( SELECT 1 FROM dolt_ignore di WHERE di.ignored = 1 AND s.table_name LIKE di.pattern )"
time="2026-09-19T10:58:50-07:00" level=trace msg="spooling result row [TEXT(\"schema_migrations\") INT8(0)]" connectTime="2026-09-19 10:58:49.061925 -0700 PDT m=+3.067769960" connectionDb=hq connectionID=6 query="SELECT s.table_name, s.staged FROM dolt_status s WHERE NOT EXISTS ( SELECT 1 FROM dolt_ignore di WHERE di.ignored = 1 AND s.table_name LIKE di.pattern )"
time="2026-09-19T10:58:50-07:00" level=trace msg="committing transaction DoltTransaction" connectTime="2026-09-19 10:58:49.061925 -0700 PDT m=+3.067769960" connectionDb=hq connectionID=6 query="SELECT s.table_name, s.staged FROM dolt_status s WHERE NOT EXISTS ( SELECT 1 FROM dolt_ignore di WHERE di.ignored = 1 AND s.table_name LIKE di.pattern )"
time="2026-09-19T10:58:50-07:00" level=debug msg="Query finished in 7 ms" connectTime="2026-09-19 10:58:49.061925 -0700 PDT m=+3.067769960" connectionDb=hq connectionID=6 query="SELECT s.table_name, s.staged FROM dolt_status s WHERE NOT EXISTS ( SELECT 1 FROM dolt_ignore di WHERE di.ignored = 1 AND s.table_name LIKE di.pattern )" queryTime="2026-09-19 10:58:50.765748 -0700 PDT m=+4.771587043"
time="2026-09-19T10:58:50-07:00" level=debug msg="Starting query" connectTime="2026-09-19 10:58:49.061925 -0700 PDT m=+3.067769960" connectionDb=hq connectionID=6 query="CALL DOLT_ADD('-f', 'dependencies')" queryTime="2026-09-19 10:58:50.76659 -0700 PDT m=+4.772428918"
time="2026-09-19T10:58:50-07:00" level=trace msg="beginning execution" connectTime="2026-09-19 10:58:49.061925 -0700 PDT m=+3.067769960" connectionDb=hq connectionID=6 query="CALL DOLT_ADD('-f', 'dependencies')" queryTime="2026-09-19 10:58:50.766671 -0700 PDT m=+4.772509918"
time="2026-09-19T10:58:50-07:00" level=trace msg="beginning new transaction" connectTime="2026-09-19 10:58:49.061925 -0700 PDT m=+3.067769960" connectionDb=hq connectionID=6 query="CALL DOLT_ADD('-f', 'dependencies')"
time="2026-09-19T10:58:50-07:00" level=trace msg="spooling result row [INT64(0)]" connectTime="2026-09-19 10:58:49.061925 -0700 PDT m=+3.067769960" connectionDb=hq connectionID=6 query="CALL DOLT_ADD('-f', 'dependencies')"
time="2026-09-19T10:58:50-07:00" level=trace msg="committing transaction DoltTransaction" connectTime="2026-09-19 10:58:49.061925 -0700 PDT m=+3.067769960" connectionDb=hq connectionID=6 query="CALL DOLT_ADD('-f', 'dependencies')"
time="2026-09-19T10:58:50-07:00" level=trace msg="returning result &{[name:\"status\" type:INT64 org_name:\"status\" column_length:20 charset:255 flags:1] 1 0  [[INT64(0)]] <nil>}" connectTime="2026-09-19 10:58:49.061925 -0700 PDT m=+3.067769960" connectionDb=hq connectionID=6 query="CALL DOLT_ADD('-f', 'dependencies')"
time="2026-09-19T10:58:50-07:00" level=debug msg="Query finished in 15 ms" connectTime="2026-09-19 10:58:49.061925 -0700 PDT m=+3.067769960" connectionDb=hq connectionID=6 query="CALL DOLT_ADD('-f', 'dependencies')" queryTime="2026-09-19 10:58:50.782031 -0700 PDT m=+4.787869876"
time="2026-09-19T10:58:50-07:00" level=debug msg="Starting query" connectTime="2026-09-19 10:58:49.061925 -0700 PDT m=+3.067769960" connectionDb=hq connectionID=6 query="CALL DOLT_ADD('-f', 'schema_migrations')" queryTime="2026-09-19 10:58:50.783594 -0700 PDT m=+4.789432793"
time="2026-09-19T10:58:50-07:00" level=trace msg="beginning execution" connectTime="2026-09-19 10:58:49.061925 -0700 PDT m=+3.067769960" connectionDb=hq connectionID=6 query="CALL DOLT_ADD('-f', 'schema_migrations')" queryTime="2026-09-19 10:58:50.783717 -0700 PDT m=+4.789555376"
time="2026-09-19T10:58:50-07:00" level=trace msg="beginning new transaction" connectTime="2026-09-19 10:58:49.061925 -0700 PDT m=+3.067769960" connectionDb=hq connectionID=6 query="CALL DOLT_ADD('-f', 'schema_migrations')"
time="2026-09-19T10:58:50-07:00" level=trace msg="spooling result row [INT64(0)]" connectTime="2026-09-19 10:58:49.061925 -0700 PDT m=+3.067769960" connectionDb=hq connectionID=6 query="CALL DOLT_ADD('-f', 'schema_migrations')"
time="2026-09-19T10:58:50-07:00" level=trace msg="committing transaction DoltTransaction" connectTime="2026-09-19 10:58:49.061925 -0700 PDT m=+3.067769960" connectionDb=hq connectionID=6 query="CALL DOLT_ADD('-f', 'schema_migrations')"
time="2026-09-19T10:58:50-07:00" level=trace msg="returning result &{[name:\"status\" type:INT64 org_name:\"status\" column_length:20 charset:255 flags:1] 1 0  [[INT64(0)]] <nil>}" connectTime="2026-09-19 10:58:49.061925 -0700 PDT m=+3.067769960" connectionDb=hq connectionID=6 query="CALL DOLT_ADD('-f', 'schema_migrations')"
time="2026-09-19T10:58:50-07:00" level=debug msg="Query finished in 7 ms" connectTime="2026-09-19 10:58:49.061925 -0700 PDT m=+3.067769960" connectionDb=hq connectionID=6 query="CALL DOLT_ADD('-f', 'schema_migrations')" queryTime="2026-09-19 10:58:50.790509 -0700 PDT m=+4.796347751"
time="2026-09-19T10:58:50-07:00" level=debug msg="Starting query" connectTime="2026-09-19 10:58:49.061925 -0700 PDT m=+3.067769960" connectionDb=hq connectionID=6 query="CALL DOLT_COMMIT('-m', 'schema: apply migration 0002_create_dependencies.up.sql')" queryTime="2026-09-19 10:58:50.796708 -0700 PDT m=+4.802546626"
time="2026-09-19T10:58:50-07:00" level=trace msg="beginning execution" connectTime="2026-09-19 10:58:49.061925 -0700 PDT m=+3.067769960" connectionDb=hq connectionID=6 query="CALL DOLT_COMMIT('-m', 'schema: apply migration 0002_create_dependencies.up.sql')" queryTime="2026-09-19 10:58:50.796937 -0700 PDT m=+4.802775460"
time="2026-09-19T10:58:50-07:00" level=trace msg="beginning new transaction" connectTime="2026-09-19 10:58:49.061925 -0700 PDT m=+3.067769960" connectionDb=hq connectionID=6 query="CALL DOLT_COMMIT('-m', 'schema: apply migration 0002_create_dependencies.up.sql')"
time="2026-09-19T10:58:50-07:00" level=trace msg="spooling result row [TEXT(\"68gmgdip5fufcg2a29t90h6jtqrbkh8f\")]" connectTime="2026-09-19 10:58:49.061925 -0700 PDT m=+3.067769960" connectionDb=hq connectionID=6 query="CALL DOLT_COMMIT('-m', 'schema: apply migration 0002_create_dependencies.up.sql')"
time="2026-09-19T10:58:50-07:00" level=trace msg="returning result &{[name:\"hash\" type:TEXT org_name:\"hash\" column_length:4294967295 charset:255 flags:1] 1 0  [[TEXT(\"68gmgdip5fufcg2a29t90h6jtqrbkh8f\")]] <nil>}" connectTime="2026-09-19 10:58:49.061925 -0700 PDT m=+3.067769960" connectionDb=hq connectionID=6 query="CALL DOLT_COMMIT('-m', 'schema: apply migration 0002_create_dependencies.up.sql')"
time="2026-09-19T10:58:50-07:00" level=debug msg="Query finished in 7 ms" connectTime="2026-09-19 10:58:49.061925 -0700 PDT m=+3.067769960" connectionDb=hq connectionID=6 query="CALL DOLT_COMMIT('-m', 'schema: apply migration 0002_create_dependencies.up.sql')" queryTime="2026-09-19 10:58:50.804432 -0700 PDT m=+4.810270543"
time="2026-09-19T10:58:50-07:00" level=debug msg="Starting query" connectTime="2026-09-19 10:58:49.061925 -0700 PDT m=+3.067769960" connectionDb=hq connectionID=6 query="SELECT s.table_name, s.staged FROM dolt_status s WHERE NOT EXISTS ( SELECT 1 FROM dolt_ignore di WHERE di.ignored = 1 AND s.table_name LIKE di.pattern )" queryTime="2026-09-19 10:58:50.808221 -0700 PDT m=+4.814059126"
time="2026-09-19T10:58:50-07:00" level=trace msg="beginning execution" connectTime="2026-09-19 10:58:49.061925 -0700 PDT m=+3.067769960" connectionDb=hq connectionID=6 query="SELECT s.table_name, s.staged FROM dolt_status s WHERE NOT EXISTS ( SELECT 1 FROM dolt_ignore di WHERE di.ignored = 1 AND s.table_name LIKE di.pattern )" queryTime="2026-09-19 10:58:50.808316 -0700 PDT m=+4.814154751"
time="2026-09-19T10:58:50-07:00" level=trace msg="beginning new transaction" connectTime="2026-09-19 10:58:49.061925 -0700 PDT m=+3.067769960" connectionDb=hq connectionID=6 query="SELECT s.table_name, s.staged FROM dolt_status s WHERE NOT EXISTS ( SELECT 1 FROM dolt_ignore di WHERE di.ignored = 1 AND s.table_name LIKE di.pattern )"
time="2026-09-19T10:58:50-07:00" level=trace msg="committing transaction DoltTransaction" connectTime="2026-09-19 10:58:49.061925 -0700 PDT m=+3.067769960" connectionDb=hq connectionID=6 query="SELECT s.table_name, s.staged FROM dolt_status s WHERE NOT EXISTS ( SELECT 1 FROM dolt_ignore di WHERE di.ignored = 1 AND s.table_name LIKE di.pattern )"
time="2026-09-19T10:58:50-07:00" level=trace msg="returning empty result" connectTime="2026-09-19 10:58:49.061925 -0700 PDT m=+3.067769960" connectionDb=hq connectionID=6 query="SELECT s.table_name, s.staged FROM dolt_status s WHERE NOT EXISTS ( SELECT 1 FROM dolt_ignore di WHERE di.ignored = 1 AND s.table_name LIKE di.pattern )"
time="2026-09-19T10:58:50-07:00" level=debug msg="Query finished in 5 ms" connectTime="2026-09-19 10:58:49.061925 -0700 PDT m=+3.067769960" connectionDb=hq connectionID=6 query="SELECT s.table_name, s.staged FROM dolt_status s WHERE NOT EXISTS ( SELECT 1 FROM dolt_ignore di WHERE di.ignored = 1 AND s.table_name LIKE di.pattern )" queryTime="2026-09-19 10:58:50.813164 -0700 PDT m=+4.819002460"
time="2026-09-19T10:58:50-07:00" level=debug msg="Starting query" connectTime="2026-09-19 10:58:49.061925 -0700 PDT m=+3.067769960" connectionDb=hq connectionID=6 query="CREATE TABLE IF NOT EXISTS labels ( issue_id VARCHAR(255) NOT NULL, label VARCHAR(255) NOT NULL, PRIMARY KEY (issue_id, label), INDEX idx_labels_label (label), CONSTRAINT fk_labels_issue FOREIGN KEY (issue_id) REFERENCES issues(id) ON DELETE CASCADE )" queryTime="2026-09-19 10:58:50.813953 -0700 PDT m=+4.819791543"
time="2026-09-19T10:58:50-07:00" level=trace msg="beginning execution" connectTime="2026-09-19 10:58:49.061925 -0700 PDT m=+3.067769960" connectionDb=hq connectionID=6 query="CREATE TABLE IF NOT EXISTS labels ( issue_id VARCHAR(255) NOT NULL, label VARCHAR(255) NOT NULL, PRIMARY KEY (issue_id, label), INDEX idx_labels_label (label), CONSTRAINT fk_labels_issue FOREIGN KEY (issue_id) REFERENCES issues(id) ON DELETE CASCADE )" queryTime="2026-09-19 10:58:50.814037 -0700 PDT m=+4.819875418"
time="2026-09-19T10:58:50-07:00" level=trace msg="beginning new transaction" connectTime="2026-09-19 10:58:49.061925 -0700 PDT m=+3.067769960" connectionDb=hq connectionID=6 query="CREATE TABLE IF NOT EXISTS labels ( issue_id VARCHAR(255) NOT NULL, label VARCHAR(255) NOT NULL, PRIMARY KEY (issue_id, label), INDEX idx_labels_label (label), CONSTRAINT fk_labels_issue FOREIGN KEY (issue_id) REFERENCES issues(id) ON DELETE CASCADE )"
time="2026-09-19T10:58:50-07:00" level=trace msg="committing transaction DoltTransaction" connectTime="2026-09-19 10:58:49.061925 -0700 PDT m=+3.067769960" connectionDb=hq connectionID=6 query="CREATE TABLE IF NOT EXISTS labels ( issue_id VARCHAR(255) NOT NULL, label VARCHAR(255) NOT NULL, PRIMARY KEY (issue_id, label), INDEX idx_labels_label (label), CONSTRAINT fk_labels_issue FOREIGN KEY (issue_id) REFERENCES issues(id) ON DELETE CASCADE )"
time="2026-09-19T10:58:50-07:00" level=trace msg="returning empty result" connectTime="2026-09-19 10:58:49.061925 -0700 PDT m=+3.067769960" connectionDb=hq connectionID=6 query="CREATE TABLE IF NOT EXISTS labels ( issue_id VARCHAR(255) NOT NULL, label VARCHAR(255) NOT NULL, PRIMARY KEY (issue_id, label), INDEX idx_labels_label (label), CONSTRAINT fk_labels_issue FOREIGN KEY (issue_id) REFERENCES issues(id) ON DELETE CASCADE )"
time="2026-09-19T10:58:50-07:00" level=debug msg="Query finished in 10 ms" connectTime="2026-09-19 10:58:49.061925 -0700 PDT m=+3.067769960" connectionDb=hq connectionID=6 query="CREATE TABLE IF NOT EXISTS labels ( issue_id VARCHAR(255) NOT NULL, label VARCHAR(255) NOT NULL, PRIMARY KEY (issue_id, label), INDEX idx_labels_label (label), CONSTRAINT fk_labels_issue FOREIGN KEY (issue_id) REFERENCES issues(id) ON DELETE CASCADE )" queryTime="2026-09-19 10:58:50.824256 -0700 PDT m=+4.830094668"
time="2026-09-19T10:58:50-07:00" level=debug msg="Starting query" connectTime="2026-09-19 10:58:49.061925 -0700 PDT m=+3.067769960" connectionDb=hq connectionID=6 query="INSERT IGNORE INTO schema_migrations (version, content_hash) VALUES (3, '1780f0dc941d97b74af53d5603646d05e83d94eee5a02ac68ccf929200deaec0')" queryTime="2026-09-19 10:58:50.824763 -0700 PDT m=+4.830601251"
time="2026-09-19T10:58:50-07:00" level=trace msg="beginning execution" connectTime="2026-09-19 10:58:49.061925 -0700 PDT m=+3.067769960" connectionDb=hq connectionID=6 query="INSERT IGNORE INTO schema_migrations (version, content_hash) VALUES (3, '1780f0dc941d97b74af53d5603646d05e83d94eee5a02ac68ccf929200deaec0')" queryTime="2026-09-19 10:58:50.824801 -0700 PDT m=+4.830639043"
time="2026-09-19T10:58:50-07:00" level=trace msg="beginning new transaction" connectTime="2026-09-19 10:58:49.061925 -0700 PDT m=+3.067769960" connectionDb=hq connectionID=6 query="INSERT IGNORE INTO schema_migrations (version, content_hash) VALUES (3, '1780f0dc941d97b74af53d5603646d05e83d94eee5a02ac68ccf929200deaec0')"
time="2026-09-19T10:58:50-07:00" level=trace msg="committing transaction DoltTransaction" connectTime="2026-09-19 10:58:49.061925 -0700 PDT m=+3.067769960" connectionDb=hq connectionID=6 query="INSERT IGNORE INTO schema_migrations (version, content_hash) VALUES (3, '1780f0dc941d97b74af53d5603646d05e83d94eee5a02ac68ccf929200deaec0')"
time="2026-09-19T10:58:50-07:00" level=trace msg="returning empty result" connectTime="2026-09-19 10:58:49.061925 -0700 PDT m=+3.067769960" connectionDb=hq connectionID=6 query="INSERT IGNORE INTO schema_migrations (version, content_hash) VALUES (3, '1780f0dc941d97b74af53d5603646d05e83d94eee5a02ac68ccf929200deaec0')"
time="2026-09-19T10:58:50-07:00" level=debug msg="Query finished in 12 ms" connectTime="2026-09-19 10:58:49.061925 -0700 PDT m=+3.067769960" connectionDb=hq connectionID=6 query="INSERT IGNORE INTO schema_migrations (version, content_hash) VALUES (3, '1780f0dc941d97b74af53d5603646d05e83d94eee5a02ac68ccf929200deaec0')" queryTime="2026-09-19 10:58:50.837043 -0700 PDT m=+4.842881668"
time="2026-09-19T10:58:50-07:00" level=debug msg="Starting query" connectTime="2026-09-19 10:58:49.061925 -0700 PDT m=+3.067769960" connectionDb=hq connectionID=6 query="SELECT s.table_name, s.staged FROM dolt_status s WHERE NOT EXISTS ( SELECT 1 FROM dolt_ignore di WHERE di.ignored = 1 AND s.table_name LIKE di.pattern )" queryTime="2026-09-19 10:58:50.845713 -0700 PDT m=+4.851551085"
time="2026-09-19T10:58:50-07:00" level=trace msg="beginning execution" connectTime="2026-09-19 10:58:49.061925 -0700 PDT m=+3.067769960" connectionDb=hq connectionID=6 query="SELECT s.table_name, s.staged FROM dolt_status s WHERE NOT EXISTS ( SELECT 1 FROM dolt_ignore di WHERE di.ignored = 1 AND s.table_name LIKE di.pattern )" queryTime="2026-09-19 10:58:50.846087 -0700 PDT m=+4.851925210"
time="2026-09-19T10:58:50-07:00" level=trace msg="beginning new transaction" connectTime="2026-09-19 10:58:49.061925 -0700 PDT m=+3.067769960" connectionDb=hq connectionID=6 query="SELECT s.table_name, s.staged FROM dolt_status s WHERE NOT EXISTS ( SELECT 1 FROM dolt_ignore di WHERE di.ignored = 1 AND s.table_name LIKE di.pattern )"
time="2026-09-19T10:58:50-07:00" level=trace msg="spooling result row [TEXT(\"labels\") INT8(0)]" connectTime="2026-09-19 10:58:49.061925 -0700 PDT m=+3.067769960" connectionDb=hq connectionID=6 query="SELECT s.table_name, s.staged FROM dolt_status s WHERE NOT EXISTS ( SELECT 1 FROM dolt_ignore di WHERE di.ignored = 1 AND s.table_name LIKE di.pattern )"
time="2026-09-19T10:58:50-07:00" level=trace msg="spooling result row [TEXT(\"schema_migrations\") INT8(0)]" connectTime="2026-09-19 10:58:49.061925 -0700 PDT m=+3.067769960" connectionDb=hq connectionID=6 query="SELECT s.table_name, s.staged FROM dolt_status s WHERE NOT EXISTS ( SELECT 1 FROM dolt_ignore di WHERE di.ignored = 1 AND s.table_name LIKE di.pattern )"
time="2026-09-19T10:58:50-07:00" level=trace msg="committing transaction DoltTransaction" connectTime="2026-09-19 10:58:49.061925 -0700 PDT m=+3.067769960" connectionDb=hq connectionID=6 query="SELECT s.table_name, s.staged FROM dolt_status s WHERE NOT EXISTS ( SELECT 1 FROM dolt_ignore di WHERE di.ignored = 1 AND s.table_name LIKE di.pattern )"
time="2026-09-19T10:58:50-07:00" level=debug msg="Query finished in 4 ms" connectTime="2026-09-19 10:58:49.061925 -0700 PDT m=+3.067769960" connectionDb=hq connectionID=6 query="SELECT s.table_name, s.staged FROM dolt_status s WHERE NOT EXISTS ( SELECT 1 FROM dolt_ignore di WHERE di.ignored = 1 AND s.table_name LIKE di.pattern )" queryTime="2026-09-19 10:58:50.849701 -0700 PDT m=+4.855539210"
time="2026-09-19T10:58:50-07:00" level=debug msg="Starting query" connectTime="2026-09-19 10:58:49.061925 -0700 PDT m=+3.067769960" connectionDb=hq connectionID=6 query="CALL DOLT_ADD('-f', 'labels')" queryTime="2026-09-19 10:58:50.851493 -0700 PDT m=+4.857331251"
time="2026-09-19T10:58:50-07:00" level=trace msg="beginning execution" connectTime="2026-09-19 10:58:49.061925 -0700 PDT m=+3.067769960" connectionDb=hq connectionID=6 query="CALL DOLT_ADD('-f', 'labels')" queryTime="2026-09-19 10:58:50.851603 -0700 PDT m=+4.857441085"
time="2026-09-19T10:58:50-07:00" level=trace msg="beginning new transaction" connectTime="2026-09-19 10:58:49.061925 -0700 PDT m=+3.067769960" connectionDb=hq connectionID=6 query="CALL DOLT_ADD('-f', 'labels')"
time="2026-09-19T10:58:50-07:00" level=trace msg="spooling result row [INT64(0)]" connectTime="2026-09-19 10:58:49.061925 -0700 PDT m=+3.067769960" connectionDb=hq connectionID=6 query="CALL DOLT_ADD('-f', 'labels')"
time="2026-09-19T10:58:50-07:00" level=trace msg="committing transaction DoltTransaction" connectTime="2026-09-19 10:58:49.061925 -0700 PDT m=+3.067769960" connectionDb=hq connectionID=6 query="CALL DOLT_ADD('-f', 'labels')"
time="2026-09-19T10:58:50-07:00" level=trace msg="returning result &{[name:\"status\" type:INT64 org_name:\"status\" column_length:20 charset:255 flags:1] 1 0  [[INT64(0)]] <nil>}" connectTime="2026-09-19 10:58:49.061925 -0700 PDT m=+3.067769960" connectionDb=hq connectionID=6 query="CALL DOLT_ADD('-f', 'labels')"
time="2026-09-19T10:58:50-07:00" level=debug msg="Query finished in 9 ms" connectTime="2026-09-19 10:58:49.061925 -0700 PDT m=+3.067769960" connectionDb=hq connectionID=6 query="CALL DOLT_ADD('-f', 'labels')" queryTime="2026-09-19 10:58:50.860742 -0700 PDT m=+4.866580668"
time="2026-09-19T10:58:50-07:00" level=debug msg="Starting query" connectTime="2026-09-19 10:58:49.061925 -0700 PDT m=+3.067769960" connectionDb=hq connectionID=6 query="CALL DOLT_ADD('-f', 'schema_migrations')" queryTime="2026-09-19 10:58:50.862926 -0700 PDT m=+4.868763793"
time="2026-09-19T10:58:50-07:00" level=trace msg="beginning execution" connectTime="2026-09-19 10:58:49.061925 -0700 PDT m=+3.067769960" connectionDb=hq connectionID=6 query="CALL DOLT_ADD('-f', 'schema_migrations')" queryTime="2026-09-19 10:58:50.863017 -0700 PDT m=+4.868855418"
time="2026-09-19T10:58:50-07:00" level=trace msg="beginning new transaction" connectTime="2026-09-19 10:58:49.061925 -0700 PDT m=+3.067769960" connectionDb=hq connectionID=6 query="CALL DOLT_ADD('-f', 'schema_migrations')"
time="2026-09-19T10:58:50-07:00" level=trace msg="spooling result row [INT64(0)]" connectTime="2026-09-19 10:58:49.061925 -0700 PDT m=+3.067769960" connectionDb=hq connectionID=6 query="CALL DOLT_ADD('-f', 'schema_migrations')"
time="2026-09-19T10:58:50-07:00" level=trace msg="committing transaction DoltTransaction" connectTime="2026-09-19 10:58:49.061925 -0700 PDT m=+3.067769960" connectionDb=hq connectionID=6 query="CALL DOLT_ADD('-f', 'schema_migrations')"
time="2026-09-19T10:58:50-07:00" level=trace msg="returning result &{[name:\"status\" type:INT64 org_name:\"status\" column_length:20 charset:255 flags:1] 1 0  [[INT64(0)]] <nil>}" connectTime="2026-09-19 10:58:49.061925 -0700 PDT m=+3.067769960" connectionDb=hq connectionID=6 query="CALL DOLT_ADD('-f', 'schema_migrations')"
time="2026-09-19T10:58:50-07:00" level=debug msg="Query finished in 9 ms" connectTime="2026-09-19 10:58:49.061925 -0700 PDT m=+3.067769960" connectionDb=hq connectionID=6 query="CALL DOLT_ADD('-f', 'schema_migrations')" queryTime="2026-09-19 10:58:50.87242 -0700 PDT m=+4.878258543"
time="2026-09-19T10:58:50-07:00" level=debug msg="Starting query" connectTime="2026-09-19 10:58:49.061925 -0700 PDT m=+3.067769960" connectionDb=hq connectionID=6 query="CALL DOLT_COMMIT('-m', 'schema: apply migration 0003_create_labels.up.sql')" queryTime="2026-09-19 10:58:50.874613 -0700 PDT m=+4.880450960"
time="2026-09-19T10:58:50-07:00" level=trace msg="beginning execution" connectTime="2026-09-19 10:58:49.061925 -0700 PDT m=+3.067769960" connectionDb=hq connectionID=6 query="CALL DOLT_COMMIT('-m', 'schema: apply migration 0003_create_labels.up.sql')" queryTime="2026-09-19 10:58:50.874704 -0700 PDT m=+4.880542251"
time="2026-09-19T10:58:50-07:00" level=trace msg="beginning new transaction" connectTime="2026-09-19 10:58:49.061925 -0700 PDT m=+3.067769960" connectionDb=hq connectionID=6 query="CALL DOLT_COMMIT('-m', 'schema: apply migration 0003_create_labels.up.sql')"
time="2026-09-19T10:58:50-07:00" level=trace msg="spooling result row [TEXT(\"0ej0sumnm9647abpme1qi2ialf7516ss\")]" connectTime="2026-09-19 10:58:49.061925 -0700 PDT m=+3.067769960" connectionDb=hq connectionID=6 query="CALL DOLT_COMMIT('-m', 'schema: apply migration 0003_create_labels.up.sql')"
time="2026-09-19T10:58:50-07:00" level=trace msg="returning result &{[name:\"hash\" type:TEXT org_name:\"hash\" column_length:4294967295 charset:255 flags:1] 1 0  [[TEXT(\"0ej0sumnm9647abpme1qi2ialf7516ss\")]] <nil>}" connectTime="2026-09-19 10:58:49.061925 -0700 PDT m=+3.067769960" connectionDb=hq connectionID=6 query="CALL DOLT_COMMIT('-m', 'schema: apply migration 0003_create_labels.up.sql')"
time="2026-09-19T10:58:50-07:00" level=debug msg="Query finished in 13 ms" connectTime="2026-09-19 10:58:49.061925 -0700 PDT m=+3.067769960" connectionDb=hq connectionID=6 query="CALL DOLT_COMMIT('-m', 'schema: apply migration 0003_create_labels.up.sql')" queryTime="2026-09-19 10:58:50.887708 -0700 PDT m=+4.893545918"
time="2026-09-19T10:58:50-07:00" level=debug msg="Starting query" connectTime="2026-09-19 10:58:49.061925 -0700 PDT m=+3.067769960" connectionDb=hq connectionID=6 query="SELECT s.table_name, s.staged FROM dolt_status s WHERE NOT EXISTS ( SELECT 1 FROM dolt_ignore di WHERE di.ignored = 1 AND s.table_name LIKE di.pattern )" queryTime="2026-09-19 10:58:50.889412 -0700 PDT m=+4.895250168"
time="2026-09-19T10:58:50-07:00" level=trace msg="beginning execution" connectTime="2026-09-19 10:58:49.061925 -0700 PDT m=+3.067769960" connectionDb=hq connectionID=6 query="SELECT s.table_name, s.staged FROM dolt_status s WHERE NOT EXISTS ( SELECT 1 FROM dolt_ignore di WHERE di.ignored = 1 AND s.table_name LIKE di.pattern )" queryTime="2026-09-19 10:58:50.889499 -0700 PDT m=+4.895337251"
time="2026-09-19T10:58:50-07:00" level=trace msg="beginning new transaction" connectTime="2026-09-19 10:58:49.061925 -0700 PDT m=+3.067769960" connectionDb=hq connectionID=6 query="SELECT s.table_name, s.staged FROM dolt_status s WHERE NOT EXISTS ( SELECT 1 FROM dolt_ignore di WHERE di.ignored = 1 AND s.table_name LIKE di.pattern )"
time="2026-09-19T10:58:50-07:00" level=trace msg="committing transaction DoltTransaction" connectTime="2026-09-19 10:58:49.061925 -0700 PDT m=+3.067769960" connectionDb=hq connectionID=6 query="SELECT s.table_name, s.staged FROM dolt_status s WHERE NOT EXISTS ( SELECT 1 FROM dolt_ignore di WHERE di.ignored = 1 AND s.table_name LIKE di.pattern )"
time="2026-09-19T10:58:50-07:00" level=trace msg="returning empty result" connectTime="2026-09-19 10:58:49.061925 -0700 PDT m=+3.067769960" connectionDb=hq connectionID=6 query="SELECT s.table_name, s.staged FROM dolt_status s WHERE NOT EXISTS ( SELECT 1 FROM dolt_ignore di WHERE di.ignored = 1 AND s.table_name LIKE di.pattern )"
time="2026-09-19T10:58:50-07:00" level=debug msg="Query finished in 14 ms" connectTime="2026-09-19 10:58:49.061925 -0700 PDT m=+3.067769960" connectionDb=hq connectionID=6 query="SELECT s.table_name, s.staged FROM dolt_status s WHERE NOT EXISTS ( SELECT 1 FROM dolt_ignore di WHERE di.ignored = 1 AND s.table_name LIKE di.pattern )" queryTime="2026-09-19 10:58:50.904179 -0700 PDT m=+4.910017001"
time="2026-09-19T10:58:50-07:00" level=debug msg="Starting query" connectTime="2026-09-19 10:58:49.061925 -0700 PDT m=+3.067769960" connectionDb=hq connectionID=6 query="CREATE TABLE IF NOT EXISTS comments ( id CHAR(36) NOT NULL PRIMARY KEY DEFAULT (UUID()), issue_id VARCHAR(255) NOT NULL, author VARCHAR(255) NOT NULL, text TEXT NOT NULL, created_at DATETIME NOT NULL DEFAULT CURRENT_TIMESTAMP, INDEX idx_comments_issue (issue_id), INDEX idx_comments_created_at (created_at), CONSTRAINT fk_comments_issue FOREIGN KEY (issue_id) REFERENCES issues(id) ON DELETE CASCADE )" queryTime="2026-09-19 10:58:50.906596 -0700 PDT m=+4.912434168"
time="2026-09-19T10:58:50-07:00" level=trace msg="beginning execution" connectTime="2026-09-19 10:58:49.061925 -0700 PDT m=+3.067769960" connectionDb=hq connectionID=6 query="CREATE TABLE IF NOT EXISTS comments ( id CHAR(36) NOT NULL PRIMARY KEY DEFAULT (UUID()), issue_id VARCHAR(255) NOT NULL, author VARCHAR(255) NOT NULL, text TEXT NOT NULL, created_at DATETIME NOT NULL DEFAULT CURRENT_TIMESTAMP, INDEX idx_comments_issue (issue_id), INDEX idx_comments_created_at (created_at), CONSTRAINT fk_comments_issue FOREIGN KEY (issue_id) REFERENCES issues(id) ON DELETE CASCADE )" queryTime="2026-09-19 10:58:50.906695 -0700 PDT m=+4.912532585"
time="2026-09-19T10:58:50-07:00" level=trace msg="beginning new transaction" connectTime="2026-09-19 10:58:49.061925 -0700 PDT m=+3.067769960" connectionDb=hq connectionID=6 query="CREATE TABLE IF NOT EXISTS comments ( id CHAR(36) NOT NULL PRIMARY KEY DEFAULT (UUID()), issue_id VARCHAR(255) NOT NULL, author VARCHAR(255) NOT NULL, text TEXT NOT NULL, created_at DATETIME NOT NULL DEFAULT CURRENT_TIMESTAMP, INDEX idx_comments_issue (issue_id), INDEX idx_comments_created_at (created_at), CONSTRAINT fk_comments_issue FOREIGN KEY (issue_id) REFERENCES issues(id) ON DELETE CASCADE )"
time="2026-09-19T10:58:50-07:00" level=trace msg="committing transaction DoltTransaction" connectTime="2026-09-19 10:58:49.061925 -0700 PDT m=+3.067769960" connectionDb=hq connectionID=6 query="CREATE TABLE IF NOT EXISTS comments ( id CHAR(36) NOT NULL PRIMARY KEY DEFAULT (UUID()), issue_id VARCHAR(255) NOT NULL, author VARCHAR(255) NOT NULL, text TEXT NOT NULL, created_at DATETIME NOT NULL DEFAULT CURRENT_TIMESTAMP, INDEX idx_comments_issue (issue_id), INDEX idx_comments_created_at (created_at), CONSTRAINT fk_comments_issue FOREIGN KEY (issue_id) REFERENCES issues(id) ON DELETE CASCADE )"
time="2026-09-19T10:58:50-07:00" level=trace msg="returning empty result" connectTime="2026-09-19 10:58:49.061925 -0700 PDT m=+3.067769960" connectionDb=hq connectionID=6 query="CREATE TABLE IF NOT EXISTS comments ( id CHAR(36) NOT NULL PRIMARY KEY DEFAULT (UUID()), issue_id VARCHAR(255) NOT NULL, author VARCHAR(255) NOT NULL, text TEXT NOT NULL, created_at DATETIME NOT NULL DEFAULT CURRENT_TIMESTAMP, INDEX idx_comments_issue (issue_id), INDEX idx_comments_created_at (created_at), CONSTRAINT fk_comments_issue FOREIGN KEY (issue_id) REFERENCES issues(id) ON DELETE CASCADE )"
time="2026-09-19T10:58:50-07:00" level=debug msg="Query finished in 21 ms" connectTime="2026-09-19 10:58:49.061925 -0700 PDT m=+3.067769960" connectionDb=hq connectionID=6 query="CREATE TABLE IF NOT EXISTS comments ( id CHAR(36) NOT NULL PRIMARY KEY DEFAULT (UUID()), issue_id VARCHAR(255) NOT NULL, author VARCHAR(255) NOT NULL, text TEXT NOT NULL, created_at DATETIME NOT NULL DEFAULT CURRENT_TIMESTAMP, INDEX idx_comments_issue (issue_id), INDEX idx_comments_created_at (created_at), CONSTRAINT fk_comments_issue FOREIGN KEY (issue_id) REFERENCES issues(id) ON DELETE CASCADE )" queryTime="2026-09-19 10:58:50.927768 -0700 PDT m=+4.933606210"
time="2026-09-19T10:58:50-07:00" level=debug msg="Starting query" connectTime="2026-09-19 10:58:49.061925 -0700 PDT m=+3.067769960" connectionDb=hq connectionID=6 query="INSERT IGNORE INTO schema_migrations (version, content_hash) VALUES (4, '35ac76b3d0b2d6287cad1329c77c8a0562bb6310ba0ac34ae273d72d4bed0e2a')" queryTime="2026-09-19 10:58:50.929346 -0700 PDT m=+4.935183751"
time="2026-09-19T10:58:50-07:00" level=trace msg="beginning execution" connectTime="2026-09-19 10:58:49.061925 -0700 PDT m=+3.067769960" connectionDb=hq connectionID=6 query="INSERT IGNORE INTO schema_migrations (version, content_hash) VALUES (4, '35ac76b3d0b2d6287cad1329c77c8a0562bb6310ba0ac34ae273d72d4bed0e2a')" queryTime="2026-09-19 10:58:50.929425 -0700 PDT m=+4.935262418"
time="2026-09-19T10:58:50-07:00" level=trace msg="beginning new transaction" connectTime="2026-09-19 10:58:49.061925 -0700 PDT m=+3.067769960" connectionDb=hq connectionID=6 query="INSERT IGNORE INTO schema_migrations (version, content_hash) VALUES (4, '35ac76b3d0b2d6287cad1329c77c8a0562bb6310ba0ac34ae273d72d4bed0e2a')"
time="2026-09-19T10:58:50-07:00" level=trace msg="committing transaction DoltTransaction" connectTime="2026-09-19 10:58:49.061925 -0700 PDT m=+3.067769960" connectionDb=hq connectionID=6 query="INSERT IGNORE INTO schema_migrations (version, content_hash) VALUES (4, '35ac76b3d0b2d6287cad1329c77c8a0562bb6310ba0ac34ae273d72d4bed0e2a')"
time="2026-09-19T10:58:50-07:00" level=trace msg="returning empty result" connectTime="2026-09-19 10:58:49.061925 -0700 PDT m=+3.067769960" connectionDb=hq connectionID=6 query="INSERT IGNORE INTO schema_migrations (version, content_hash) VALUES (4, '35ac76b3d0b2d6287cad1329c77c8a0562bb6310ba0ac34ae273d72d4bed0e2a')"
time="2026-09-19T10:58:50-07:00" level=debug msg="Query finished in 11 ms" connectTime="2026-09-19 10:58:49.061925 -0700 PDT m=+3.067769960" connectionDb=hq connectionID=6 query="INSERT IGNORE INTO schema_migrations (version, content_hash) VALUES (4, '35ac76b3d0b2d6287cad1329c77c8a0562bb6310ba0ac34ae273d72d4bed0e2a')" queryTime="2026-09-19 10:58:50.940257 -0700 PDT m=+4.946095085"
time="2026-09-19T10:58:50-07:00" level=debug msg="Starting query" connectTime="2026-09-19 10:58:49.061925 -0700 PDT m=+3.067769960" connectionDb=hq connectionID=6 query="SELECT s.table_name, s.staged FROM dolt_status s WHERE NOT EXISTS ( SELECT 1 FROM dolt_ignore di WHERE di.ignored = 1 AND s.table_name LIKE di.pattern )" queryTime="2026-09-19 10:58:50.9408 -0700 PDT m=+4.946638126"
time="2026-09-19T10:58:50-07:00" level=trace msg="beginning execution" connectTime="2026-09-19 10:58:49.061925 -0700 PDT m=+3.067769960" connectionDb=hq connectionID=6 query="SELECT s.table_name, s.staged FROM dolt_status s WHERE NOT EXISTS ( SELECT 1 FROM dolt_ignore di WHERE di.ignored = 1 AND s.table_name LIKE di.pattern )" queryTime="2026-09-19 10:58:50.940851 -0700 PDT m=+4.946688793"
time="2026-09-19T10:58:50-07:00" level=trace msg="beginning new transaction" connectTime="2026-09-19 10:58:49.061925 -0700 PDT m=+3.067769960" connectionDb=hq connectionID=6 query="SELECT s.table_name, s.staged FROM dolt_status s WHERE NOT EXISTS ( SELECT 1 FROM dolt_ignore di WHERE di.ignored = 1 AND s.table_name LIKE di.pattern )"
time="2026-09-19T10:58:50-07:00" level=trace msg="spooling result row [TEXT(\"comments\") INT8(0)]" connectTime="2026-09-19 10:58:49.061925 -0700 PDT m=+3.067769960" connectionDb=hq connectionID=6 query="SELECT s.table_name, s.staged FROM dolt_status s WHERE NOT EXISTS ( SELECT 1 FROM dolt_ignore di WHERE di.ignored = 1 AND s.table_name LIKE di.pattern )"
time="2026-09-19T10:58:50-07:00" level=trace msg="spooling result row [TEXT(\"schema_migrations\") INT8(0)]" connectTime="2026-09-19 10:58:49.061925 -0700 PDT m=+3.067769960" connectionDb=hq connectionID=6 query="SELECT s.table_name, s.staged FROM dolt_status s WHERE NOT EXISTS ( SELECT 1 FROM dolt_ignore di WHERE di.ignored = 1 AND s.table_name LIKE di.pattern )"
time="2026-09-19T10:58:50-07:00" level=trace msg="committing transaction DoltTransaction" connectTime="2026-09-19 10:58:49.061925 -0700 PDT m=+3.067769960" connectionDb=hq connectionID=6 query="SELECT s.table_name, s.staged FROM dolt_status s WHERE NOT EXISTS ( SELECT 1 FROM dolt_ignore di WHERE di.ignored = 1 AND s.table_name LIKE di.pattern )"
time="2026-09-19T10:58:50-07:00" level=debug msg="Query finished in 18 ms" connectTime="2026-09-19 10:58:49.061925 -0700 PDT m=+3.067769960" connectionDb=hq connectionID=6 query="SELECT s.table_name, s.staged FROM dolt_status s WHERE NOT EXISTS ( SELECT 1 FROM dolt_ignore di WHERE di.ignored = 1 AND s.table_name LIKE di.pattern )" queryTime="2026-09-19 10:58:50.959441 -0700 PDT m=+4.965279126"
time="2026-09-19T10:58:50-07:00" level=debug msg="Starting query" connectTime="2026-09-19 10:58:49.061925 -0700 PDT m=+3.067769960" connectionDb=hq connectionID=6 query="CALL DOLT_ADD('-f', 'comments')" queryTime="2026-09-19 10:58:50.963065 -0700 PDT m=+4.968902835"
time="2026-09-19T10:58:50-07:00" level=trace msg="beginning execution" connectTime="2026-09-19 10:58:49.061925 -0700 PDT m=+3.067769960" connectionDb=hq connectionID=6 query="CALL DOLT_ADD('-f', 'comments')" queryTime="2026-09-19 10:58:50.963177 -0700 PDT m=+4.969014751"
time="2026-09-19T10:58:50-07:00" level=trace msg="beginning new transaction" connectTime="2026-09-19 10:58:49.061925 -0700 PDT m=+3.067769960" connectionDb=hq connectionID=6 query="CALL DOLT_ADD('-f', 'comments')"
time="2026-09-19T10:58:50-07:00" level=trace msg="spooling result row [INT64(0)]" connectTime="2026-09-19 10:58:49.061925 -0700 PDT m=+3.067769960" connectionDb=hq connectionID=6 query="CALL DOLT_ADD('-f', 'comments')"
time="2026-09-19T10:58:50-07:00" level=trace msg="committing transaction DoltTransaction" connectTime="2026-09-19 10:58:49.061925 -0700 PDT m=+3.067769960" connectionDb=hq connectionID=6 query="CALL DOLT_ADD('-f', 'comments')"
time="2026-09-19T10:58:50-07:00" level=trace msg="returning result &{[name:\"status\" type:INT64 org_name:\"status\" column_length:20 charset:255 flags:1] 1 0  [[INT64(0)]] <nil>}" connectTime="2026-09-19 10:58:49.061925 -0700 PDT m=+3.067769960" connectionDb=hq connectionID=6 query="CALL DOLT_ADD('-f', 'comments')"
time="2026-09-19T10:58:50-07:00" level=debug msg="Query finished in 22 ms" connectTime="2026-09-19 10:58:49.061925 -0700 PDT m=+3.067769960" connectionDb=hq connectionID=6 query="CALL DOLT_ADD('-f', 'comments')" queryTime="2026-09-19 10:58:50.985639 -0700 PDT m=+4.991476793"
time="2026-09-19T10:58:50-07:00" level=debug msg="Starting query" connectTime="2026-09-19 10:58:49.061925 -0700 PDT m=+3.067769960" connectionDb=hq connectionID=6 query="CALL DOLT_ADD('-f', 'schema_migrations')" queryTime="2026-09-19 10:58:50.986431 -0700 PDT m=+4.992268585"
time="2026-09-19T10:58:50-07:00" level=trace msg="beginning execution" connectTime="2026-09-19 10:58:49.061925 -0700 PDT m=+3.067769960" connectionDb=hq connectionID=6 query="CALL DOLT_ADD('-f', 'schema_migrations')" queryTime="2026-09-19 10:58:50.986521 -0700 PDT m=+4.992358668"
time="2026-09-19T10:58:50-07:00" level=trace msg="beginning new transaction" connectTime="2026-09-19 10:58:49.061925 -0700 PDT m=+3.067769960" connectionDb=hq connectionID=6 query="CALL DOLT_ADD('-f', 'schema_migrations')"
time="2026-09-19T10:58:50-07:00" level=trace msg="spooling result row [INT64(0)]" connectTime="2026-09-19 10:58:49.061925 -0700 PDT m=+3.067769960" connectionDb=hq connectionID=6 query="CALL DOLT_ADD('-f', 'schema_migrations')"
time="2026-09-19T10:58:50-07:00" level=trace msg="committing transaction DoltTransaction" connectTime="2026-09-19 10:58:49.061925 -0700 PDT m=+3.067769960" connectionDb=hq connectionID=6 query="CALL DOLT_ADD('-f', 'schema_migrations')"
time="2026-09-19T10:58:50-07:00" level=trace msg="returning result &{[name:\"status\" type:INT64 org_name:\"status\" column_length:20 charset:255 flags:1] 1 0  [[INT64(0)]] <nil>}" connectTime="2026-09-19 10:58:49.061925 -0700 PDT m=+3.067769960" connectionDb=hq connectionID=6 query="CALL DOLT_ADD('-f', 'schema_migrations')"
time="2026-09-19T10:58:50-07:00" level=debug msg="Query finished in 10 ms" connectTime="2026-09-19 10:58:49.061925 -0700 PDT m=+3.067769960" connectionDb=hq connectionID=6 query="CALL DOLT_ADD('-f', 'schema_migrations')" queryTime="2026-09-19 10:58:50.996579 -0700 PDT m=+5.002417043"
time="2026-09-19T10:58:50-07:00" level=debug msg="Starting query" connectTime="2026-09-19 10:58:49.061925 -0700 PDT m=+3.067769960" connectionDb=hq connectionID=6 query="CALL DOLT_COMMIT('-m', 'schema: apply migration 0004_create_comments.up.sql')" queryTime="2026-09-19 10:58:50.998502 -0700 PDT m=+5.004339210"
time="2026-09-19T10:58:50-07:00" level=trace msg="beginning execution" connectTime="2026-09-19 10:58:49.061925 -0700 PDT m=+3.067769960" connectionDb=hq connectionID=6 query="CALL DOLT_COMMIT('-m', 'schema: apply migration 0004_create_comments.up.sql')" queryTime="2026-09-19 10:58:50.999188 -0700 PDT m=+5.005025626"
time="2026-09-19T10:58:50-07:00" level=trace msg="beginning new transaction" connectTime="2026-09-19 10:58:49.061925 -0700 PDT m=+3.067769960" connectionDb=hq connectionID=6 query="CALL DOLT_COMMIT('-m', 'schema: apply migration 0004_create_comments.up.sql')"
time="2026-09-19T10:58:51-07:00" level=trace msg="spooling result row [TEXT(\"da24evk660e87gn6gdlmaf70a1t27fmj\")]" connectTime="2026-09-19 10:58:49.061925 -0700 PDT m=+3.067769960" connectionDb=hq connectionID=6 query="CALL DOLT_COMMIT('-m', 'schema: apply migration 0004_create_comments.up.sql')"
time="2026-09-19T10:58:51-07:00" level=trace msg="returning result &{[name:\"hash\" type:TEXT org_name:\"hash\" column_length:4294967295 charset:255 flags:1] 1 0  [[TEXT(\"da24evk660e87gn6gdlmaf70a1t27fmj\")]] <nil>}" connectTime="2026-09-19 10:58:49.061925 -0700 PDT m=+3.067769960" connectionDb=hq connectionID=6 query="CALL DOLT_COMMIT('-m', 'schema: apply migration 0004_create_comments.up.sql')"
time="2026-09-19T10:58:51-07:00" level=debug msg="Query finished in 64 ms" connectTime="2026-09-19 10:58:49.061925 -0700 PDT m=+3.067769960" connectionDb=hq connectionID=6 query="CALL DOLT_COMMIT('-m', 'schema: apply migration 0004_create_comments.up.sql')" queryTime="2026-09-19 10:58:51.062503 -0700 PDT m=+5.068340543"
time="2026-09-19T10:58:51-07:00" level=debug msg="Starting query" connectTime="2026-09-19 10:58:49.061925 -0700 PDT m=+3.067769960" connectionDb=hq connectionID=6 query="SELECT s.table_name, s.staged FROM dolt_status s WHERE NOT EXISTS ( SELECT 1 FROM dolt_ignore di WHERE di.ignored = 1 AND s.table_name LIKE di.pattern )" queryTime="2026-09-19 10:58:51.108175 -0700 PDT m=+5.114012251"
time="2026-09-19T10:58:51-07:00" level=trace msg="beginning execution" connectTime="2026-09-19 10:58:49.061925 -0700 PDT m=+3.067769960" connectionDb=hq connectionID=6 query="SELECT s.table_name, s.staged FROM dolt_status s WHERE NOT EXISTS ( SELECT 1 FROM dolt_ignore di WHERE di.ignored = 1 AND s.table_name LIKE di.pattern )" queryTime="2026-09-19 10:58:51.108627 -0700 PDT m=+5.114463960"
time="2026-09-19T10:58:51-07:00" level=trace msg="beginning new transaction" connectTime="2026-09-19 10:58:49.061925 -0700 PDT m=+3.067769960" connectionDb=hq connectionID=6 query="SELECT s.table_name, s.staged FROM dolt_status s WHERE NOT EXISTS ( SELECT 1 FROM dolt_ignore di WHERE di.ignored = 1 AND s.table_name LIKE di.pattern )"
time="2026-09-19T10:58:51-07:00" level=trace msg="committing transaction DoltTransaction" connectTime="2026-09-19 10:58:49.061925 -0700 PDT m=+3.067769960" connectionDb=hq connectionID=6 query="SELECT s.table_name, s.staged FROM dolt_status s WHERE NOT EXISTS ( SELECT 1 FROM dolt_ignore di WHERE di.ignored = 1 AND s.table_name LIKE di.pattern )"
time="2026-09-19T10:58:51-07:00" level=trace msg="returning empty result" connectTime="2026-09-19 10:58:49.061925 -0700 PDT m=+3.067769960" connectionDb=hq connectionID=6 query="SELECT s.table_name, s.staged FROM dolt_status s WHERE NOT EXISTS ( SELECT 1 FROM dolt_ignore di WHERE di.ignored = 1 AND s.table_name LIKE di.pattern )"
time="2026-09-19T10:58:51-07:00" level=debug msg="Query finished in 16 ms" connectTime="2026-09-19 10:58:49.061925 -0700 PDT m=+3.067769960" connectionDb=hq connectionID=6 query="SELECT s.table_name, s.staged FROM dolt_status s WHERE NOT EXISTS ( SELECT 1 FROM dolt_ignore di WHERE di.ignored = 1 AND s.table_name LIKE di.pattern )" queryTime="2026-09-19 10:58:51.119342 -0700 PDT m=+5.125179293"
time="2026-09-19T10:58:51-07:00" level=debug msg="Starting query" connectTime="2026-09-19 10:58:49.061925 -0700 PDT m=+3.067769960" connectionDb=hq connectionID=6 query="CREATE TABLE IF NOT EXISTS events ( id CHAR(36) NOT NULL PRIMARY KEY DEFAULT (UUID()), issue_id VARCHAR(255) NOT NULL, event_type VARCHAR(32) NOT NULL, actor VARCHAR(255) NOT NULL, old_value TEXT, new_value TEXT, comment TEXT, created_at DATETIME NOT NULL DEFAULT CURRENT_TIMESTAMP, INDEX idx_events_issue (issue_id), INDEX idx_events_created_at (created_at), CONSTRAINT fk_events_issue FOREIGN KEY (issue_id) REFERENCES issues(id) ON DELETE CASCADE )" queryTime="2026-09-19 10:58:51.121681 -0700 PDT m=+5.127518126"
time="2026-09-19T10:58:51-07:00" level=trace msg="beginning execution" connectTime="2026-09-19 10:58:49.061925 -0700 PDT m=+3.067769960" connectionDb=hq connectionID=6 query="CREATE TABLE IF NOT EXISTS events ( id CHAR(36) NOT NULL PRIMARY KEY DEFAULT (UUID()), issue_id VARCHAR(255) NOT NULL, event_type VARCHAR(32) NOT NULL, actor VARCHAR(255) NOT NULL, old_value TEXT, new_value TEXT, comment TEXT, created_at DATETIME NOT NULL DEFAULT CURRENT_TIMESTAMP, INDEX idx_events_issue (issue_id), INDEX idx_events_created_at (created_at), CONSTRAINT fk_events_issue FOREIGN KEY (issue_id) REFERENCES issues(id) ON DELETE CASCADE )" queryTime="2026-09-19 10:58:51.121774 -0700 PDT m=+5.127610793"
time="2026-09-19T10:58:51-07:00" level=trace msg="beginning new transaction" connectTime="2026-09-19 10:58:49.061925 -0700 PDT m=+3.067769960" connectionDb=hq connectionID=6 query="CREATE TABLE IF NOT EXISTS events ( id CHAR(36) NOT NULL PRIMARY KEY DEFAULT (UUID()), issue_id VARCHAR(255) NOT NULL, event_type VARCHAR(32) NOT NULL, actor VARCHAR(255) NOT NULL, old_value TEXT, new_value TEXT, comment TEXT, created_at DATETIME NOT NULL DEFAULT CURRENT_TIMESTAMP, INDEX idx_events_issue (issue_id), INDEX idx_events_created_at (created_at), CONSTRAINT fk_events_issue FOREIGN KEY (issue_id) REFERENCES issues(id) ON DELETE CASCADE )"
time="2026-09-19T10:58:51-07:00" level=trace msg="committing transaction DoltTransaction" connectTime="2026-09-19 10:58:49.061925 -0700 PDT m=+3.067769960" connectionDb=hq connectionID=6 query="CREATE TABLE IF NOT EXISTS events ( id CHAR(36) NOT NULL PRIMARY KEY DEFAULT (UUID()), issue_id VARCHAR(255) NOT NULL, event_type VARCHAR(32) NOT NULL, actor VARCHAR(255) NOT NULL, old_value TEXT, new_value TEXT, comment TEXT, created_at DATETIME NOT NULL DEFAULT CURRENT_TIMESTAMP, INDEX idx_events_issue (issue_id), INDEX idx_events_created_at (created_at), CONSTRAINT fk_events_issue FOREIGN KEY (issue_id) REFERENCES issues(id) ON DELETE CASCADE )"
time="2026-09-19T10:58:51-07:00" level=trace msg="returning empty result" connectTime="2026-09-19 10:58:49.061925 -0700 PDT m=+3.067769960" connectionDb=hq connectionID=6 query="CREATE TABLE IF NOT EXISTS events ( id CHAR(36) NOT NULL PRIMARY KEY DEFAULT (UUID()), issue_id VARCHAR(255) NOT NULL, event_type VARCHAR(32) NOT NULL, actor VARCHAR(255) NOT NULL, old_value TEXT, new_value TEXT, comment TEXT, created_at DATETIME NOT NULL DEFAULT CURRENT_TIMESTAMP, INDEX idx_events_issue (issue_id), INDEX idx_events_created_at (created_at), CONSTRAINT fk_events_issue FOREIGN KEY (issue_id) REFERENCES issues(id) ON DELETE CASCADE )"
time="2026-09-19T10:58:51-07:00" level=debug msg="Query finished in 19 ms" connectTime="2026-09-19 10:58:49.061925 -0700 PDT m=+3.067769960" connectionDb=hq connectionID=6 query="CREATE TABLE IF NOT EXISTS events ( id CHAR(36) NOT NULL PRIMARY KEY DEFAULT (UUID()), issue_id VARCHAR(255) NOT NULL, event_type VARCHAR(32) NOT NULL, actor VARCHAR(255) NOT NULL, old_value TEXT, new_value TEXT, comment TEXT, created_at DATETIME NOT NULL DEFAULT CURRENT_TIMESTAMP, INDEX idx_events_issue (issue_id), INDEX idx_events_created_at (created_at), CONSTRAINT fk_events_issue FOREIGN KEY (issue_id) REFERENCES issues(id) ON DELETE CASCADE )" queryTime="2026-09-19 10:58:51.139919 -0700 PDT m=+5.145755793"
time="2026-09-19T10:58:51-07:00" level=debug msg="Starting query" connectTime="2026-09-19 10:58:49.061925 -0700 PDT m=+3.067769960" connectionDb=hq connectionID=6 query="INSERT IGNORE INTO schema_migrations (version, content_hash) VALUES (5, 'c8cbe4bebbe0f92c8a0ccc2a1a0d11ad442635811c2dab093c34c9341a8499b2')" queryTime="2026-09-19 10:58:51.141511 -0700 PDT m=+5.147347751"
time="2026-09-19T10:58:51-07:00" level=trace msg="beginning execution" connectTime="2026-09-19 10:58:49.061925 -0700 PDT m=+3.067769960" connectionDb=hq connectionID=6 query="INSERT IGNORE INTO schema_migrations (version, content_hash) VALUES (5, 'c8cbe4bebbe0f92c8a0ccc2a1a0d11ad442635811c2dab093c34c9341a8499b2')" queryTime="2026-09-19 10:58:51.141595 -0700 PDT m=+5.147432168"
time="2026-09-19T10:58:51-07:00" level=trace msg="beginning new transaction" connectTime="2026-09-19 10:58:49.061925 -0700 PDT m=+3.067769960" connectionDb=hq connectionID=6 query="INSERT IGNORE INTO schema_migrations (version, content_hash) VALUES (5, 'c8cbe4bebbe0f92c8a0ccc2a1a0d11ad442635811c2dab093c34c9341a8499b2')"
time="2026-09-19T10:58:51-07:00" level=trace msg="committing transaction DoltTransaction" connectTime="2026-09-19 10:58:49.061925 -0700 PDT m=+3.067769960" connectionDb=hq connectionID=6 query="INSERT IGNORE INTO schema_migrations (version, content_hash) VALUES (5, 'c8cbe4bebbe0f92c8a0ccc2a1a0d11ad442635811c2dab093c34c9341a8499b2')"
time="2026-09-19T10:58:51-07:00" level=trace msg="returning empty result" connectTime="2026-09-19 10:58:49.061925 -0700 PDT m=+3.067769960" connectionDb=hq connectionID=6 query="INSERT IGNORE INTO schema_migrations (version, content_hash) VALUES (5, 'c8cbe4bebbe0f92c8a0ccc2a1a0d11ad442635811c2dab093c34c9341a8499b2')"
time="2026-09-19T10:58:51-07:00" level=debug msg="Query finished in 9 ms" connectTime="2026-09-19 10:58:49.061925 -0700 PDT m=+3.067769960" connectionDb=hq connectionID=6 query="INSERT IGNORE INTO schema_migrations (version, content_hash) VALUES (5, 'c8cbe4bebbe0f92c8a0ccc2a1a0d11ad442635811c2dab093c34c9341a8499b2')" queryTime="2026-09-19 10:58:51.150636 -0700 PDT m=+5.156472626"
time="2026-09-19T10:58:51-07:00" level=debug msg="Starting query" connectTime="2026-09-19 10:58:49.061925 -0700 PDT m=+3.067769960" connectionDb=hq connectionID=6 query="SELECT s.table_name, s.staged FROM dolt_status s WHERE NOT EXISTS ( SELECT 1 FROM dolt_ignore di WHERE di.ignored = 1 AND s.table_name LIKE di.pattern )" queryTime="2026-09-19 10:58:51.152733 -0700 PDT m=+5.158569793"
time="2026-09-19T10:58:51-07:00" level=trace msg="beginning execution" connectTime="2026-09-19 10:58:49.061925 -0700 PDT m=+3.067769960" connectionDb=hq connectionID=6 query="SELECT s.table_name, s.staged FROM dolt_status s WHERE NOT EXISTS ( SELECT 1 FROM dolt_ignore di WHERE di.ignored = 1 AND s.table_name LIKE di.pattern )" queryTime="2026-09-19 10:58:51.152825 -0700 PDT m=+5.158662085"
time="2026-09-19T10:58:51-07:00" level=trace msg="beginning new transaction" connectTime="2026-09-19 10:58:49.061925 -0700 PDT m=+3.067769960" connectionDb=hq connectionID=6 query="SELECT s.table_name, s.staged FROM dolt_status s WHERE NOT EXISTS ( SELECT 1 FROM dolt_ignore di WHERE di.ignored = 1 AND s.table_name LIKE di.pattern )"
time="2026-09-19T10:58:51-07:00" level=trace msg="spooling result row [TEXT(\"events\") INT8(0)]" connectTime="2026-09-19 10:58:49.061925 -0700 PDT m=+3.067769960" connectionDb=hq connectionID=6 query="SELECT s.table_name, s.staged FROM dolt_status s WHERE NOT EXISTS ( SELECT 1 FROM dolt_ignore di WHERE di.ignored = 1 AND s.table_name LIKE di.pattern )"
time="2026-09-19T10:58:51-07:00" level=trace msg="spooling result row [TEXT(\"schema_migrations\") INT8(0)]" connectTime="2026-09-19 10:58:49.061925 -0700 PDT m=+3.067769960" connectionDb=hq connectionID=6 query="SELECT s.table_name, s.staged FROM dolt_status s WHERE NOT EXISTS ( SELECT 1 FROM dolt_ignore di WHERE di.ignored = 1 AND s.table_name LIKE di.pattern )"
time="2026-09-19T10:58:51-07:00" level=trace msg="committing transaction DoltTransaction" connectTime="2026-09-19 10:58:49.061925 -0700 PDT m=+3.067769960" connectionDb=hq connectionID=6 query="SELECT s.table_name, s.staged FROM dolt_status s WHERE NOT EXISTS ( SELECT 1 FROM dolt_ignore di WHERE di.ignored = 1 AND s.table_name LIKE di.pattern )"
time="2026-09-19T10:58:51-07:00" level=debug msg="Query finished in 6 ms" connectTime="2026-09-19 10:58:49.061925 -0700 PDT m=+3.067769960" connectionDb=hq connectionID=6 query="SELECT s.table_name, s.staged FROM dolt_status s WHERE NOT EXISTS ( SELECT 1 FROM dolt_ignore di WHERE di.ignored = 1 AND s.table_name LIKE di.pattern )" queryTime="2026-09-19 10:58:51.157761 -0700 PDT m=+5.163598335"
time="2026-09-19T10:58:51-07:00" level=debug msg="Starting query" connectTime="2026-09-19 10:58:49.061925 -0700 PDT m=+3.067769960" connectionDb=hq connectionID=6 query="CALL DOLT_ADD('-f', 'events')" queryTime="2026-09-19 10:58:51.159975 -0700 PDT m=+5.165812585"
time="2026-09-19T10:58:51-07:00" level=trace msg="beginning execution" connectTime="2026-09-19 10:58:49.061925 -0700 PDT m=+3.067769960" connectionDb=hq connectionID=6 query="CALL DOLT_ADD('-f', 'events')" queryTime="2026-09-19 10:58:51.160067 -0700 PDT m=+5.165903585"
time="2026-09-19T10:58:51-07:00" level=trace msg="beginning new transaction" connectTime="2026-09-19 10:58:49.061925 -0700 PDT m=+3.067769960" connectionDb=hq connectionID=6 query="CALL DOLT_ADD('-f', 'events')"
time="2026-09-19T10:58:51-07:00" level=trace msg="spooling result row [INT64(0)]" connectTime="2026-09-19 10:58:49.061925 -0700 PDT m=+3.067769960" connectionDb=hq connectionID=6 query="CALL DOLT_ADD('-f', 'events')"
time="2026-09-19T10:58:51-07:00" level=trace msg="committing transaction DoltTransaction" connectTime="2026-09-19 10:58:49.061925 -0700 PDT m=+3.067769960" connectionDb=hq connectionID=6 query="CALL DOLT_ADD('-f', 'events')"
time="2026-09-19T10:58:51-07:00" level=trace msg="returning result &{[name:\"status\" type:INT64 org_name:\"status\" column_length:20 charset:255 flags:1] 1 0  [[INT64(0)]] <nil>}" connectTime="2026-09-19 10:58:49.061925 -0700 PDT m=+3.067769960" connectionDb=hq connectionID=6 query="CALL DOLT_ADD('-f', 'events')"
time="2026-09-19T10:58:51-07:00" level=debug msg="Query finished in 30 ms" connectTime="2026-09-19 10:58:49.061925 -0700 PDT m=+3.067769960" connectionDb=hq connectionID=6 query="CALL DOLT_ADD('-f', 'events')" queryTime="2026-09-19 10:58:51.188608 -0700 PDT m=+5.194445085"
time="2026-09-19T10:58:51-07:00" level=debug msg="Starting query" connectTime="2026-09-19 10:58:49.061925 -0700 PDT m=+3.067769960" connectionDb=hq connectionID=6 query="CALL DOLT_ADD('-f', 'schema_migrations')" queryTime="2026-09-19 10:58:51.189516 -0700 PDT m=+5.195352501"
time="2026-09-19T10:58:51-07:00" level=trace msg="beginning execution" connectTime="2026-09-19 10:58:49.061925 -0700 PDT m=+3.067769960" connectionDb=hq connectionID=6 query="CALL DOLT_ADD('-f', 'schema_migrations')" queryTime="2026-09-19 10:58:51.1898 -0700 PDT m=+5.195636793"
time="2026-09-19T10:58:51-07:00" level=trace msg="beginning new transaction" connectTime="2026-09-19 10:58:49.061925 -0700 PDT m=+3.067769960" connectionDb=hq connectionID=6 query="CALL DOLT_ADD('-f', 'schema_migrations')"
time="2026-09-19T10:58:51-07:00" level=trace msg="spooling result row [INT64(0)]" connectTime="2026-09-19 10:58:49.061925 -0700 PDT m=+3.067769960" connectionDb=hq connectionID=6 query="CALL DOLT_ADD('-f', 'schema_migrations')"
time="2026-09-19T10:58:51-07:00" level=trace msg="committing transaction DoltTransaction" connectTime="2026-09-19 10:58:49.061925 -0700 PDT m=+3.067769960" connectionDb=hq connectionID=6 query="CALL DOLT_ADD('-f', 'schema_migrations')"
time="2026-09-19T10:58:51-07:00" level=trace msg="returning result &{[name:\"status\" type:INT64 org_name:\"status\" column_length:20 charset:255 flags:1] 1 0  [[INT64(0)]] <nil>}" connectTime="2026-09-19 10:58:49.061925 -0700 PDT m=+3.067769960" connectionDb=hq connectionID=6 query="CALL DOLT_ADD('-f', 'schema_migrations')"
time="2026-09-19T10:58:51-07:00" level=debug msg="Query finished in 14 ms" connectTime="2026-09-19 10:58:49.061925 -0700 PDT m=+3.067769960" connectionDb=hq connectionID=6 query="CALL DOLT_ADD('-f', 'schema_migrations')" queryTime="2026-09-19 10:58:51.203454 -0700 PDT m=+5.209290918"
time="2026-09-19T10:58:51-07:00" level=debug msg="Starting query" connectTime="2026-09-19 10:58:49.061925 -0700 PDT m=+3.067769960" connectionDb=hq connectionID=6 query="CALL DOLT_COMMIT('-m', 'schema: apply migration 0005_create_events.up.sql')" queryTime="2026-09-19 10:58:51.204249 -0700 PDT m=+5.210086001"
time="2026-09-19T10:58:51-07:00" level=trace msg="beginning execution" connectTime="2026-09-19 10:58:49.061925 -0700 PDT m=+3.067769960" connectionDb=hq connectionID=6 query="CALL DOLT_COMMIT('-m', 'schema: apply migration 0005_create_events.up.sql')" queryTime="2026-09-19 10:58:51.204334 -0700 PDT m=+5.210171168"
time="2026-09-19T10:58:51-07:00" level=trace msg="beginning new transaction" connectTime="2026-09-19 10:58:49.061925 -0700 PDT m=+3.067769960" connectionDb=hq connectionID=6 query="CALL DOLT_COMMIT('-m', 'schema: apply migration 0005_create_events.up.sql')"
time="2026-09-19T10:58:51-07:00" level=trace msg="spooling result row [TEXT(\"th8urqi9fars6hgu8qnasskril1i95p2\")]" connectTime="2026-09-19 10:58:49.061925 -0700 PDT m=+3.067769960" connectionDb=hq connectionID=6 query="CALL DOLT_COMMIT('-m', 'schema: apply migration 0005_create_events.up.sql')"
time="2026-09-19T10:58:51-07:00" level=trace msg="returning result &{[name:\"hash\" type:TEXT org_name:\"hash\" column_length:4294967295 charset:255 flags:1] 1 0  [[TEXT(\"th8urqi9fars6hgu8qnasskril1i95p2\")]] <nil>}" connectTime="2026-09-19 10:58:49.061925 -0700 PDT m=+3.067769960" connectionDb=hq connectionID=6 query="CALL DOLT_COMMIT('-m', 'schema: apply migration 0005_create_events.up.sql')"
time="2026-09-19T10:58:51-07:00" level=debug msg="Query finished in 11 ms" connectTime="2026-09-19 10:58:49.061925 -0700 PDT m=+3.067769960" connectionDb=hq connectionID=6 query="CALL DOLT_COMMIT('-m', 'schema: apply migration 0005_create_events.up.sql')" queryTime="2026-09-19 10:58:51.216015 -0700 PDT m=+5.221852085"
time="2026-09-19T10:58:51-07:00" level=debug msg="Starting query" connectTime="2026-09-19 10:58:49.061925 -0700 PDT m=+3.067769960" connectionDb=hq connectionID=6 query="SELECT s.table_name, s.staged FROM dolt_status s WHERE NOT EXISTS ( SELECT 1 FROM dolt_ignore di WHERE di.ignored = 1 AND s.table_name LIKE di.pattern )" queryTime="2026-09-19 10:58:51.218157 -0700 PDT m=+5.223993751"
time="2026-09-19T10:58:51-07:00" level=trace msg="beginning execution" connectTime="2026-09-19 10:58:49.061925 -0700 PDT m=+3.067769960" connectionDb=hq connectionID=6 query="SELECT s.table_name, s.staged FROM dolt_status s WHERE NOT EXISTS ( SELECT 1 FROM dolt_ignore di WHERE di.ignored = 1 AND s.table_name LIKE di.pattern )" queryTime="2026-09-19 10:58:51.218253 -0700 PDT m=+5.224090168"
time="2026-09-19T10:58:51-07:00" level=trace msg="beginning new transaction" connectTime="2026-09-19 10:58:49.061925 -0700 PDT m=+3.067769960" connectionDb=hq connectionID=6 query="SELECT s.table_name, s.staged FROM dolt_status s WHERE NOT EXISTS ( SELECT 1 FROM dolt_ignore di WHERE di.ignored = 1 AND s.table_name LIKE di.pattern )"
time="2026-09-19T10:58:51-07:00" level=trace msg="committing transaction DoltTransaction" connectTime="2026-09-19 10:58:49.061925 -0700 PDT m=+3.067769960" connectionDb=hq connectionID=6 query="SELECT s.table_name, s.staged FROM dolt_status s WHERE NOT EXISTS ( SELECT 1 FROM dolt_ignore di WHERE di.ignored = 1 AND s.table_name LIKE di.pattern )"
time="2026-09-19T10:58:51-07:00" level=trace msg="returning empty result" connectTime="2026-09-19 10:58:49.061925 -0700 PDT m=+3.067769960" connectionDb=hq connectionID=6 query="SELECT s.table_name, s.staged FROM dolt_status s WHERE NOT EXISTS ( SELECT 1 FROM dolt_ignore di WHERE di.ignored = 1 AND s.table_name LIKE di.pattern )"
time="2026-09-19T10:58:51-07:00" level=debug msg="Query finished in 8 ms" connectTime="2026-09-19 10:58:49.061925 -0700 PDT m=+3.067769960" connectionDb=hq connectionID=6 query="SELECT s.table_name, s.staged FROM dolt_status s WHERE NOT EXISTS ( SELECT 1 FROM dolt_ignore di WHERE di.ignored = 1 AND s.table_name LIKE di.pattern )" queryTime="2026-09-19 10:58:51.225019 -0700 PDT m=+5.230856085"
time="2026-09-19T10:58:51-07:00" level=debug msg="Starting query" connectTime="2026-09-19 10:58:49.061925 -0700 PDT m=+3.067769960" connectionDb=hq connectionID=6 query="CREATE TABLE IF NOT EXISTS config ( `key` VARCHAR(255) PRIMARY KEY, value TEXT NOT NULL )" queryTime="2026-09-19 10:58:51.230071 -0700 PDT m=+5.235907710"
time="2026-09-19T10:58:51-07:00" level=trace msg="beginning execution" connectTime="2026-09-19 10:58:49.061925 -0700 PDT m=+3.067769960" connectionDb=hq connectionID=6 query="CREATE TABLE IF NOT EXISTS config ( `key` VARCHAR(255) PRIMARY KEY, value TEXT NOT NULL )" queryTime="2026-09-19 10:58:51.230453 -0700 PDT m=+5.236289335"
time="2026-09-19T10:58:51-07:00" level=trace msg="beginning new transaction" connectTime="2026-09-19 10:58:49.061925 -0700 PDT m=+3.067769960" connectionDb=hq connectionID=6 query="CREATE TABLE IF NOT EXISTS config ( `key` VARCHAR(255) PRIMARY KEY, value TEXT NOT NULL )"
time="2026-09-19T10:58:51-07:00" level=trace msg="committing transaction DoltTransaction" connectTime="2026-09-19 10:58:49.061925 -0700 PDT m=+3.067769960" connectionDb=hq connectionID=6 query="CREATE TABLE IF NOT EXISTS config ( `key` VARCHAR(255) PRIMARY KEY, value TEXT NOT NULL )"
time="2026-09-19T10:58:51-07:00" level=trace msg="returning empty result" connectTime="2026-09-19 10:58:49.061925 -0700 PDT m=+3.067769960" connectionDb=hq connectionID=6 query="CREATE TABLE IF NOT EXISTS config ( `key` VARCHAR(255) PRIMARY KEY, value TEXT NOT NULL )"
time="2026-09-19T10:58:51-07:00" level=debug msg="Query finished in 9 ms" connectTime="2026-09-19 10:58:49.061925 -0700 PDT m=+3.067769960" connectionDb=hq connectionID=6 query="CREATE TABLE IF NOT EXISTS config ( `key` VARCHAR(255) PRIMARY KEY, value TEXT NOT NULL )" queryTime="2026-09-19 10:58:51.23914 -0700 PDT m=+5.244976876"
time="2026-09-19T10:58:51-07:00" level=debug msg="Starting query" connectTime="2026-09-19 10:58:49.061925 -0700 PDT m=+3.067769960" connectionDb=hq connectionID=6 query="INSERT IGNORE INTO schema_migrations (version, content_hash) VALUES (6, '435f5ef129dd4999a9b393c98d633038f0e443280a26e63f7d4315bf025dab1f')" queryTime="2026-09-19 10:58:51.239702 -0700 PDT m=+5.245538376"
time="2026-09-19T10:58:51-07:00" level=trace msg="beginning execution" connectTime="2026-09-19 10:58:49.061925 -0700 PDT m=+3.067769960" connectionDb=hq connectionID=6 query="INSERT IGNORE INTO schema_migrations (version, content_hash) VALUES (6, '435f5ef129dd4999a9b393c98d633038f0e443280a26e63f7d4315bf025dab1f')" queryTime="2026-09-19 10:58:51.239748 -0700 PDT m=+5.245584376"
time="2026-09-19T10:58:51-07:00" level=trace msg="beginning new transaction" connectTime="2026-09-19 10:58:49.061925 -0700 PDT m=+3.067769960" connectionDb=hq connectionID=6 query="INSERT IGNORE INTO schema_migrations (version, content_hash) VALUES (6, '435f5ef129dd4999a9b393c98d633038f0e443280a26e63f7d4315bf025dab1f')"
time="2026-09-19T10:58:51-07:00" level=trace msg="committing transaction DoltTransaction" connectTime="2026-09-19 10:58:49.061925 -0700 PDT m=+3.067769960" connectionDb=hq connectionID=6 query="INSERT IGNORE INTO schema_migrations (version, content_hash) VALUES (6, '435f5ef129dd4999a9b393c98d633038f0e443280a26e63f7d4315bf025dab1f')"
time="2026-09-19T10:58:51-07:00" level=trace msg="returning empty result" connectTime="2026-09-19 10:58:49.061925 -0700 PDT m=+3.067769960" connectionDb=hq connectionID=6 query="INSERT IGNORE INTO schema_migrations (version, content_hash) VALUES (6, '435f5ef129dd4999a9b393c98d633038f0e443280a26e63f7d4315bf025dab1f')"
time="2026-09-19T10:58:51-07:00" level=debug msg="Query finished in 22 ms" connectTime="2026-09-19 10:58:49.061925 -0700 PDT m=+3.067769960" connectionDb=hq connectionID=6 query="INSERT IGNORE INTO schema_migrations (version, content_hash) VALUES (6, '435f5ef129dd4999a9b393c98d633038f0e443280a26e63f7d4315bf025dab1f')" queryTime="2026-09-19 10:58:51.26165 -0700 PDT m=+5.267487168"
time="2026-09-19T10:58:51-07:00" level=debug msg="Starting query" connectTime="2026-09-19 10:58:49.061925 -0700 PDT m=+3.067769960" connectionDb=hq connectionID=6 query="SELECT s.table_name, s.staged FROM dolt_status s WHERE NOT EXISTS ( SELECT 1 FROM dolt_ignore di WHERE di.ignored = 1 AND s.table_name LIKE di.pattern )" queryTime="2026-09-19 10:58:51.264057 -0700 PDT m=+5.269893210"
time="2026-09-19T10:58:51-07:00" level=trace msg="beginning execution" connectTime="2026-09-19 10:58:49.061925 -0700 PDT m=+3.067769960" connectionDb=hq connectionID=6 query="SELECT s.table_name, s.staged FROM dolt_status s WHERE NOT EXISTS ( SELECT 1 FROM dolt_ignore di WHERE di.ignored = 1 AND s.table_name LIKE di.pattern )" queryTime="2026-09-19 10:58:51.264186 -0700 PDT m=+5.270022126"
time="2026-09-19T10:58:51-07:00" level=trace msg="beginning new transaction" connectTime="2026-09-19 10:58:49.061925 -0700 PDT m=+3.067769960" connectionDb=hq connectionID=6 query="SELECT s.table_name, s.staged FROM dolt_status s WHERE NOT EXISTS ( SELECT 1 FROM dolt_ignore di WHERE di.ignored = 1 AND s.table_name LIKE di.pattern )"
time="2026-09-19T10:58:51-07:00" level=trace msg="spooling result row [TEXT(\"config\") INT8(0)]" connectTime="2026-09-19 10:58:49.061925 -0700 PDT m=+3.067769960" connectionDb=hq connectionID=6 query="SELECT s.table_name, s.staged FROM dolt_status s WHERE NOT EXISTS ( SELECT 1 FROM dolt_ignore di WHERE di.ignored = 1 AND s.table_name LIKE di.pattern )"
time="2026-09-19T10:58:51-07:00" level=trace msg="spooling result row [TEXT(\"schema_migrations\") INT8(0)]" connectTime="2026-09-19 10:58:49.061925 -0700 PDT m=+3.067769960" connectionDb=hq connectionID=6 query="SELECT s.table_name, s.staged FROM dolt_status s WHERE NOT EXISTS ( SELECT 1 FROM dolt_ignore di WHERE di.ignored = 1 AND s.table_name LIKE di.pattern )"
time="2026-09-19T10:58:51-07:00" level=trace msg="committing transaction DoltTransaction" connectTime="2026-09-19 10:58:49.061925 -0700 PDT m=+3.067769960" connectionDb=hq connectionID=6 query="SELECT s.table_name, s.staged FROM dolt_status s WHERE NOT EXISTS ( SELECT 1 FROM dolt_ignore di WHERE di.ignored = 1 AND s.table_name LIKE di.pattern )"
time="2026-09-19T10:58:51-07:00" level=debug msg="Query finished in 21 ms" connectTime="2026-09-19 10:58:49.061925 -0700 PDT m=+3.067769960" connectionDb=hq connectionID=6 query="SELECT s.table_name, s.staged FROM dolt_status s WHERE NOT EXISTS ( SELECT 1 FROM dolt_ignore di WHERE di.ignored = 1 AND s.table_name LIKE di.pattern )" queryTime="2026-09-19 10:58:51.285087 -0700 PDT m=+5.290923876"
time="2026-09-19T10:58:51-07:00" level=debug msg="Starting query" connectTime="2026-09-19 10:58:49.061925 -0700 PDT m=+3.067769960" connectionDb=hq connectionID=6 query="CALL DOLT_ADD('-f', 'config')" queryTime="2026-09-19 10:58:51.286038 -0700 PDT m=+5.291874126"
time="2026-09-19T10:58:51-07:00" level=trace msg="beginning execution" connectTime="2026-09-19 10:58:49.061925 -0700 PDT m=+3.067769960" connectionDb=hq connectionID=6 query="CALL DOLT_ADD('-f', 'config')" queryTime="2026-09-19 10:58:51.286166 -0700 PDT m=+5.292002710"
time="2026-09-19T10:58:51-07:00" level=trace msg="beginning new transaction" connectTime="2026-09-19 10:58:49.061925 -0700 PDT m=+3.067769960" connectionDb=hq connectionID=6 query="CALL DOLT_ADD('-f', 'config')"
time="2026-09-19T10:58:51-07:00" level=trace msg="spooling result row [INT64(0)]" connectTime="2026-09-19 10:58:49.061925 -0700 PDT m=+3.067769960" connectionDb=hq connectionID=6 query="CALL DOLT_ADD('-f', 'config')"
time="2026-09-19T10:58:51-07:00" level=trace msg="committing transaction DoltTransaction" connectTime="2026-09-19 10:58:49.061925 -0700 PDT m=+3.067769960" connectionDb=hq connectionID=6 query="CALL DOLT_ADD('-f', 'config')"
time="2026-09-19T10:58:51-07:00" level=trace msg="returning result &{[name:\"status\" type:INT64 org_name:\"status\" column_length:20 charset:255 flags:1] 1 0  [[INT64(0)]] <nil>}" connectTime="2026-09-19 10:58:49.061925 -0700 PDT m=+3.067769960" connectionDb=hq connectionID=6 query="CALL DOLT_ADD('-f', 'config')"
time="2026-09-19T10:58:51-07:00" level=debug msg="Query finished in 21 ms" connectTime="2026-09-19 10:58:49.061925 -0700 PDT m=+3.067769960" connectionDb=hq connectionID=6 query="CALL DOLT_ADD('-f', 'config')" queryTime="2026-09-19 10:58:51.307197 -0700 PDT m=+5.313033585"
time="2026-09-19T10:58:51-07:00" level=debug msg="Starting query" connectTime="2026-09-19 10:58:49.061925 -0700 PDT m=+3.067769960" connectionDb=hq connectionID=6 query="CALL DOLT_ADD('-f', 'schema_migrations')" queryTime="2026-09-19 10:58:51.307824 -0700 PDT m=+5.313660793"
time="2026-09-19T10:58:51-07:00" level=trace msg="beginning execution" connectTime="2026-09-19 10:58:49.061925 -0700 PDT m=+3.067769960" connectionDb=hq connectionID=6 query="CALL DOLT_ADD('-f', 'schema_migrations')" queryTime="2026-09-19 10:58:51.307918 -0700 PDT m=+5.313754626"
time="2026-09-19T10:58:51-07:00" level=trace msg="beginning new transaction" connectTime="2026-09-19 10:58:49.061925 -0700 PDT m=+3.067769960" connectionDb=hq connectionID=6 query="CALL DOLT_ADD('-f', 'schema_migrations')"
time="2026-09-19T10:58:51-07:00" level=trace msg="spooling result row [INT64(0)]" connectTime="2026-09-19 10:58:49.061925 -0700 PDT m=+3.067769960" connectionDb=hq connectionID=6 query="CALL DOLT_ADD('-f', 'schema_migrations')"
time="2026-09-19T10:58:51-07:00" level=trace msg="committing transaction DoltTransaction" connectTime="2026-09-19 10:58:49.061925 -0700 PDT m=+3.067769960" connectionDb=hq connectionID=6 query="CALL DOLT_ADD('-f', 'schema_migrations')"
time="2026-09-19T10:58:51-07:00" level=trace msg="returning result &{[name:\"status\" type:INT64 org_name:\"status\" column_length:20 charset:255 flags:1] 1 0  [[INT64(0)]] <nil>}" connectTime="2026-09-19 10:58:49.061925 -0700 PDT m=+3.067769960" connectionDb=hq connectionID=6 query="CALL DOLT_ADD('-f', 'schema_migrations')"
time="2026-09-19T10:58:51-07:00" level=debug msg="Query finished in 22 ms" connectTime="2026-09-19 10:58:49.061925 -0700 PDT m=+3.067769960" connectionDb=hq connectionID=6 query="CALL DOLT_ADD('-f', 'schema_migrations')" queryTime="2026-09-19 10:58:51.329929 -0700 PDT m=+5.335765376"
time="2026-09-19T10:58:51-07:00" level=debug msg="Starting query" connectTime="2026-09-19 10:58:49.061925 -0700 PDT m=+3.067769960" connectionDb=hq connectionID=6 query="CALL DOLT_COMMIT('-m', 'schema: apply migration 0006_create_config.up.sql')" queryTime="2026-09-19 10:58:51.335066 -0700 PDT m=+5.340902210"
time="2026-09-19T10:58:51-07:00" level=trace msg="beginning execution" connectTime="2026-09-19 10:58:49.061925 -0700 PDT m=+3.067769960" connectionDb=hq connectionID=6 query="CALL DOLT_COMMIT('-m', 'schema: apply migration 0006_create_config.up.sql')" queryTime="2026-09-19 10:58:51.335218 -0700 PDT m=+5.341054251"
time="2026-09-19T10:58:51-07:00" level=trace msg="beginning new transaction" connectTime="2026-09-19 10:58:49.061925 -0700 PDT m=+3.067769960" connectionDb=hq connectionID=6 query="CALL DOLT_COMMIT('-m', 'schema: apply migration 0006_create_config.up.sql')"
time="2026-09-19T10:58:51-07:00" level=trace msg="spooling result row [TEXT(\"tq1ke5k3jiqhr8n5lo46202vojjq8i55\")]" connectTime="2026-09-19 10:58:49.061925 -0700 PDT m=+3.067769960" connectionDb=hq connectionID=6 query="CALL DOLT_COMMIT('-m', 'schema: apply migration 0006_create_config.up.sql')"
time="2026-09-19T10:58:51-07:00" level=trace msg="returning result &{[name:\"hash\" type:TEXT org_name:\"hash\" column_length:4294967295 charset:255 flags:1] 1 0  [[TEXT(\"tq1ke5k3jiqhr8n5lo46202vojjq8i55\")]] <nil>}" connectTime="2026-09-19 10:58:49.061925 -0700 PDT m=+3.067769960" connectionDb=hq connectionID=6 query="CALL DOLT_COMMIT('-m', 'schema: apply migration 0006_create_config.up.sql')"
time="2026-09-19T10:58:51-07:00" level=debug msg="Query finished in 20 ms" connectTime="2026-09-19 10:58:49.061925 -0700 PDT m=+3.067769960" connectionDb=hq connectionID=6 query="CALL DOLT_COMMIT('-m', 'schema: apply migration 0006_create_config.up.sql')" queryTime="2026-09-19 10:58:51.355492 -0700 PDT m=+5.361328751"
time="2026-09-19T10:58:51-07:00" level=debug msg="Starting query" connectTime="2026-09-19 10:58:49.061925 -0700 PDT m=+3.067769960" connectionDb=hq connectionID=6 query="SELECT s.table_name, s.staged FROM dolt_status s WHERE NOT EXISTS ( SELECT 1 FROM dolt_ignore di WHERE di.ignored = 1 AND s.table_name LIKE di.pattern )" queryTime="2026-09-19 10:58:51.373335 -0700 PDT m=+5.379170960"
time="2026-09-19T10:58:51-07:00" level=trace msg="beginning execution" connectTime="2026-09-19 10:58:49.061925 -0700 PDT m=+3.067769960" connectionDb=hq connectionID=6 query="SELECT s.table_name, s.staged FROM dolt_status s WHERE NOT EXISTS ( SELECT 1 FROM dolt_ignore di WHERE di.ignored = 1 AND s.table_name LIKE di.pattern )" queryTime="2026-09-19 10:58:51.375845 -0700 PDT m=+5.381680960"
time="2026-09-19T10:58:51-07:00" level=trace msg="beginning new transaction" connectTime="2026-09-19 10:58:49.061925 -0700 PDT m=+3.067769960" connectionDb=hq connectionID=6 query="SELECT s.table_name, s.staged FROM dolt_status s WHERE NOT EXISTS ( SELECT 1 FROM dolt_ignore di WHERE di.ignored = 1 AND s.table_name LIKE di.pattern )"
time="2026-09-19T10:58:51-07:00" level=trace msg="committing transaction DoltTransaction" connectTime="2026-09-19 10:58:49.061925 -0700 PDT m=+3.067769960" connectionDb=hq connectionID=6 query="SELECT s.table_name, s.staged FROM dolt_status s WHERE NOT EXISTS ( SELECT 1 FROM dolt_ignore di WHERE di.ignored = 1 AND s.table_name LIKE di.pattern )"
time="2026-09-19T10:58:51-07:00" level=trace msg="returning empty result" connectTime="2026-09-19 10:58:49.061925 -0700 PDT m=+3.067769960" connectionDb=hq connectionID=6 query="SELECT s.table_name, s.staged FROM dolt_status s WHERE NOT EXISTS ( SELECT 1 FROM dolt_ignore di WHERE di.ignored = 1 AND s.table_name LIKE di.pattern )"
time="2026-09-19T10:58:51-07:00" level=debug msg="Query finished in 11 ms" connectTime="2026-09-19 10:58:49.061925 -0700 PDT m=+3.067769960" connectionDb=hq connectionID=6 query="SELECT s.table_name, s.staged FROM dolt_status s WHERE NOT EXISTS ( SELECT 1 FROM dolt_ignore di WHERE di.ignored = 1 AND s.table_name LIKE di.pattern )" queryTime="2026-09-19 10:58:51.384493 -0700 PDT m=+5.390329210"
time="2026-09-19T10:58:51-07:00" level=debug msg="Starting query" connectTime="2026-09-19 10:58:49.061925 -0700 PDT m=+3.067769960" connectionDb=hq connectionID=6 query="CREATE TABLE IF NOT EXISTS metadata ( `key` VARCHAR(255) PRIMARY KEY, value TEXT NOT NULL )" queryTime="2026-09-19 10:58:51.395268 -0700 PDT m=+5.401103876"
time="2026-09-19T10:58:51-07:00" level=trace msg="beginning execution" connectTime="2026-09-19 10:58:49.061925 -0700 PDT m=+3.067769960" connectionDb=hq connectionID=6 query="CREATE TABLE IF NOT EXISTS metadata ( `key` VARCHAR(255) PRIMARY KEY, value TEXT NOT NULL )" queryTime="2026-09-19 10:58:51.396789 -0700 PDT m=+5.402624960"
time="2026-09-19T10:58:51-07:00" level=trace msg="beginning new transaction" connectTime="2026-09-19 10:58:49.061925 -0700 PDT m=+3.067769960" connectionDb=hq connectionID=6 query="CREATE TABLE IF NOT EXISTS metadata ( `key` VARCHAR(255) PRIMARY KEY, value TEXT NOT NULL )"
time="2026-09-19T10:58:51-07:00" level=trace msg="committing transaction DoltTransaction" connectTime="2026-09-19 10:58:49.061925 -0700 PDT m=+3.067769960" connectionDb=hq connectionID=6 query="CREATE TABLE IF NOT EXISTS metadata ( `key` VARCHAR(255) PRIMARY KEY, value TEXT NOT NULL )"
time="2026-09-19T10:58:51-07:00" level=trace msg="returning empty result" connectTime="2026-09-19 10:58:49.061925 -0700 PDT m=+3.067769960" connectionDb=hq connectionID=6 query="CREATE TABLE IF NOT EXISTS metadata ( `key` VARCHAR(255) PRIMARY KEY, value TEXT NOT NULL )"
time="2026-09-19T10:58:51-07:00" level=debug msg="Query finished in 20 ms" connectTime="2026-09-19 10:58:49.061925 -0700 PDT m=+3.067769960" connectionDb=hq connectionID=6 query="CREATE TABLE IF NOT EXISTS metadata ( `key` VARCHAR(255) PRIMARY KEY, value TEXT NOT NULL )" queryTime="2026-09-19 10:58:51.412455 -0700 PDT m=+5.418291460"
time="2026-09-19T10:58:51-07:00" level=debug msg="Starting query" connectTime="2026-09-19 10:58:49.061925 -0700 PDT m=+3.067769960" connectionDb=hq connectionID=6 query="INSERT IGNORE INTO schema_migrations (version, content_hash) VALUES (7, 'f92c4d3dd32cae489142de34c4706900736c91cdc53b0d54e87e71656b828dc9')" queryTime="2026-09-19 10:58:51.416052 -0700 PDT m=+5.421887668"
time="2026-09-19T10:58:51-07:00" level=trace msg="beginning execution" connectTime="2026-09-19 10:58:49.061925 -0700 PDT m=+3.067769960" connectionDb=hq connectionID=6 query="INSERT IGNORE INTO schema_migrations (version, content_hash) VALUES (7, 'f92c4d3dd32cae489142de34c4706900736c91cdc53b0d54e87e71656b828dc9')" queryTime="2026-09-19 10:58:51.416162 -0700 PDT m=+5.421997668"
time="2026-09-19T10:58:51-07:00" level=trace msg="beginning new transaction" connectTime="2026-09-19 10:58:49.061925 -0700 PDT m=+3.067769960" connectionDb=hq connectionID=6 query="INSERT IGNORE INTO schema_migrations (version, content_hash) VALUES (7, 'f92c4d3dd32cae489142de34c4706900736c91cdc53b0d54e87e71656b828dc9')"
time="2026-09-19T10:58:51-07:00" level=trace msg="committing transaction DoltTransaction" connectTime="2026-09-19 10:58:49.061925 -0700 PDT m=+3.067769960" connectionDb=hq connectionID=6 query="INSERT IGNORE INTO schema_migrations (version, content_hash) VALUES (7, 'f92c4d3dd32cae489142de34c4706900736c91cdc53b0d54e87e71656b828dc9')"
time="2026-09-19T10:58:51-07:00" level=trace msg="returning empty result" connectTime="2026-09-19 10:58:49.061925 -0700 PDT m=+3.067769960" connectionDb=hq connectionID=6 query="INSERT IGNORE INTO schema_migrations (version, content_hash) VALUES (7, 'f92c4d3dd32cae489142de34c4706900736c91cdc53b0d54e87e71656b828dc9')"
time="2026-09-19T10:58:51-07:00" level=debug msg="Query finished in 8 ms" connectTime="2026-09-19 10:58:49.061925 -0700 PDT m=+3.067769960" connectionDb=hq connectionID=6 query="INSERT IGNORE INTO schema_migrations (version, content_hash) VALUES (7, 'f92c4d3dd32cae489142de34c4706900736c91cdc53b0d54e87e71656b828dc9')" queryTime="2026-09-19 10:58:51.42462 -0700 PDT m=+5.430455460"
time="2026-09-19T10:58:51-07:00" level=debug msg="Starting query" connectTime="2026-09-19 10:58:49.061925 -0700 PDT m=+3.067769960" connectionDb=hq connectionID=6 query="SELECT s.table_name, s.staged FROM dolt_status s WHERE NOT EXISTS ( SELECT 1 FROM dolt_ignore di WHERE di.ignored = 1 AND s.table_name LIKE di.pattern )" queryTime="2026-09-19 10:58:51.429593 -0700 PDT m=+5.435429293"
time="2026-09-19T10:58:51-07:00" level=trace msg="beginning execution" connectTime="2026-09-19 10:58:49.061925 -0700 PDT m=+3.067769960" connectionDb=hq connectionID=6 query="SELECT s.table_name, s.staged FROM dolt_status s WHERE NOT EXISTS ( SELECT 1 FROM dolt_ignore di WHERE di.ignored = 1 AND s.table_name LIKE di.pattern )" queryTime="2026-09-19 10:58:51.430455 -0700 PDT m=+5.436291501"
time="2026-09-19T10:58:51-07:00" level=trace msg="beginning new transaction" connectTime="2026-09-19 10:58:49.061925 -0700 PDT m=+3.067769960" connectionDb=hq connectionID=6 query="SELECT s.table_name, s.staged FROM dolt_status s WHERE NOT EXISTS ( SELECT 1 FROM dolt_ignore di WHERE di.ignored = 1 AND s.table_name LIKE di.pattern )"
time="2026-09-19T10:58:51-07:00" level=trace msg="spooling result row [TEXT(\"metadata\") INT8(0)]" connectTime="2026-09-19 10:58:49.061925 -0700 PDT m=+3.067769960" connectionDb=hq connectionID=6 query="SELECT s.table_name, s.staged FROM dolt_status s WHERE NOT EXISTS ( SELECT 1 FROM dolt_ignore di WHERE di.ignored = 1 AND s.table_name LIKE di.pattern )"
time="2026-09-19T10:58:51-07:00" level=trace msg="spooling result row [TEXT(\"schema_migrations\") INT8(0)]" connectTime="2026-09-19 10:58:49.061925 -0700 PDT m=+3.067769960" connectionDb=hq connectionID=6 query="SELECT s.table_name, s.staged FROM dolt_status s WHERE NOT EXISTS ( SELECT 1 FROM dolt_ignore di WHERE di.ignored = 1 AND s.table_name LIKE di.pattern )"
time="2026-09-19T10:58:51-07:00" level=trace msg="committing transaction DoltTransaction" connectTime="2026-09-19 10:58:49.061925 -0700 PDT m=+3.067769960" connectionDb=hq connectionID=6 query="SELECT s.table_name, s.staged FROM dolt_status s WHERE NOT EXISTS ( SELECT 1 FROM dolt_ignore di WHERE di.ignored = 1 AND s.table_name LIKE di.pattern )"
time="2026-09-19T10:58:51-07:00" level=debug msg="Query finished in 12 ms" connectTime="2026-09-19 10:58:49.061925 -0700 PDT m=+3.067769960" connectionDb=hq connectionID=6 query="SELECT s.table_name, s.staged FROM dolt_status s WHERE NOT EXISTS ( SELECT 1 FROM dolt_ignore di WHERE di.ignored = 1 AND s.table_name LIKE di.pattern )" queryTime="2026-09-19 10:58:51.43876 -0700 PDT m=+5.444596001"
time="2026-09-19T10:58:51-07:00" level=debug msg="Starting query" connectTime="2026-09-19 10:58:49.061925 -0700 PDT m=+3.067769960" connectionDb=hq connectionID=6 query="CALL DOLT_ADD('-f', 'metadata')" queryTime="2026-09-19 10:58:51.456422 -0700 PDT m=+5.462258168"
time="2026-09-19T10:58:51-07:00" level=trace msg="beginning execution" connectTime="2026-09-19 10:58:49.061925 -0700 PDT m=+3.067769960" connectionDb=hq connectionID=6 query="CALL DOLT_ADD('-f', 'metadata')" queryTime="2026-09-19 10:58:51.45769 -0700 PDT m=+5.463525668"
time="2026-09-19T10:58:51-07:00" level=trace msg="beginning new transaction" connectTime="2026-09-19 10:58:49.061925 -0700 PDT m=+3.067769960" connectionDb=hq connectionID=6 query="CALL DOLT_ADD('-f', 'metadata')"
time="2026-09-19T10:58:51-07:00" level=trace msg="spooling result row [INT64(0)]" connectTime="2026-09-19 10:58:49.061925 -0700 PDT m=+3.067769960" connectionDb=hq connectionID=6 query="CALL DOLT_ADD('-f', 'metadata')"
time="2026-09-19T10:58:51-07:00" level=trace msg="committing transaction DoltTransaction" connectTime="2026-09-19 10:58:49.061925 -0700 PDT m=+3.067769960" connectionDb=hq connectionID=6 query="CALL DOLT_ADD('-f', 'metadata')"
time="2026-09-19T10:58:51-07:00" level=trace msg="returning result &{[name:\"status\" type:INT64 org_name:\"status\" column_length:20 charset:255 flags:1] 1 0  [[INT64(0)]] <nil>}" connectTime="2026-09-19 10:58:49.061925 -0700 PDT m=+3.067769960" connectionDb=hq connectionID=6 query="CALL DOLT_ADD('-f', 'metadata')"
time="2026-09-19T10:58:51-07:00" level=debug msg="Query finished in 40 ms" connectTime="2026-09-19 10:58:49.061925 -0700 PDT m=+3.067769960" connectionDb=hq connectionID=6 query="CALL DOLT_ADD('-f', 'metadata')" queryTime="2026-09-19 10:58:51.49647 -0700 PDT m=+5.502306501"
time="2026-09-19T10:58:51-07:00" level=debug msg="Starting query" connectTime="2026-09-19 10:58:49.061925 -0700 PDT m=+3.067769960" connectionDb=hq connectionID=6 query="CALL DOLT_ADD('-f', 'schema_migrations')" queryTime="2026-09-19 10:58:51.498675 -0700 PDT m=+5.504510460"
time="2026-09-19T10:58:51-07:00" level=trace msg="beginning execution" connectTime="2026-09-19 10:58:49.061925 -0700 PDT m=+3.067769960" connectionDb=hq connectionID=6 query="CALL DOLT_ADD('-f', 'schema_migrations')" queryTime="2026-09-19 10:58:51.498784 -0700 PDT m=+5.504619251"
time="2026-09-19T10:58:51-07:00" level=trace msg="beginning new transaction" connectTime="2026-09-19 10:58:49.061925 -0700 PDT m=+3.067769960" connectionDb=hq connectionID=6 query="CALL DOLT_ADD('-f', 'schema_migrations')"
time="2026-09-19T10:58:51-07:00" level=trace msg="spooling result row [INT64(0)]" connectTime="2026-09-19 10:58:49.061925 -0700 PDT m=+3.067769960" connectionDb=hq connectionID=6 query="CALL DOLT_ADD('-f', 'schema_migrations')"
time="2026-09-19T10:58:51-07:00" level=trace msg="committing transaction DoltTransaction" connectTime="2026-09-19 10:58:49.061925 -0700 PDT m=+3.067769960" connectionDb=hq connectionID=6 query="CALL DOLT_ADD('-f', 'schema_migrations')"
time="2026-09-19T10:58:51-07:00" level=trace msg="returning result &{[name:\"status\" type:INT64 org_name:\"status\" column_length:20 charset:255 flags:1] 1 0  [[INT64(0)]] <nil>}" connectTime="2026-09-19 10:58:49.061925 -0700 PDT m=+3.067769960" connectionDb=hq connectionID=6 query="CALL DOLT_ADD('-f', 'schema_migrations')"
time="2026-09-19T10:58:51-07:00" level=debug msg="Query finished in 15 ms" connectTime="2026-09-19 10:58:49.061925 -0700 PDT m=+3.067769960" connectionDb=hq connectionID=6 query="CALL DOLT_ADD('-f', 'schema_migrations')" queryTime="2026-09-19 10:58:51.514247 -0700 PDT m=+5.520082876"
time="2026-09-19T10:58:51-07:00" level=debug msg="Starting query" connectTime="2026-09-19 10:58:49.061925 -0700 PDT m=+3.067769960" connectionDb=hq connectionID=6 query="CALL DOLT_COMMIT('-m', 'schema: apply migration 0007_create_metadata.up.sql')" queryTime="2026-09-19 10:58:51.516109 -0700 PDT m=+5.521944251"
time="2026-09-19T10:58:51-07:00" level=trace msg="beginning execution" connectTime="2026-09-19 10:58:49.061925 -0700 PDT m=+3.067769960" connectionDb=hq connectionID=6 query="CALL DOLT_COMMIT('-m', 'schema: apply migration 0007_create_metadata.up.sql')" queryTime="2026-09-19 10:58:51.51691 -0700 PDT m=+5.522746043"
time="2026-09-19T10:58:51-07:00" level=trace msg="beginning new transaction" connectTime="2026-09-19 10:58:49.061925 -0700 PDT m=+3.067769960" connectionDb=hq connectionID=6 query="CALL DOLT_COMMIT('-m', 'schema: apply migration 0007_create_metadata.up.sql')"
time="2026-09-19T10:58:51-07:00" level=trace msg="spooling result row [TEXT(\"9gsrle78jtf2h0khc95fmrbfvu1ca1no\")]" connectTime="2026-09-19 10:58:49.061925 -0700 PDT m=+3.067769960" connectionDb=hq connectionID=6 query="CALL DOLT_COMMIT('-m', 'schema: apply migration 0007_create_metadata.up.sql')"
time="2026-09-19T10:58:51-07:00" level=trace msg="returning result &{[name:\"hash\" type:TEXT org_name:\"hash\" column_length:4294967295 charset:255 flags:1] 1 0  [[TEXT(\"9gsrle78jtf2h0khc95fmrbfvu1ca1no\")]] <nil>}" connectTime="2026-09-19 10:58:49.061925 -0700 PDT m=+3.067769960" connectionDb=hq connectionID=6 query="CALL DOLT_COMMIT('-m', 'schema: apply migration 0007_create_metadata.up.sql')"
time="2026-09-19T10:58:51-07:00" level=debug msg="Query finished in 22 ms" connectTime="2026-09-19 10:58:49.061925 -0700 PDT m=+3.067769960" connectionDb=hq connectionID=6 query="CALL DOLT_COMMIT('-m', 'schema: apply migration 0007_create_metadata.up.sql')" queryTime="2026-09-19 10:58:51.538175 -0700 PDT m=+5.544010293"
time="2026-09-19T10:58:51-07:00" level=debug msg="Starting query" connectTime="2026-09-19 10:58:49.061925 -0700 PDT m=+3.067769960" connectionDb=hq connectionID=6 query="SELECT s.table_name, s.staged FROM dolt_status s WHERE NOT EXISTS ( SELECT 1 FROM dolt_ignore di WHERE di.ignored = 1 AND s.table_name LIKE di.pattern )" queryTime="2026-09-19 10:58:51.540002 -0700 PDT m=+5.545838043"
time="2026-09-19T10:58:51-07:00" level=trace msg="beginning execution" connectTime="2026-09-19 10:58:49.061925 -0700 PDT m=+3.067769960" connectionDb=hq connectionID=6 query="SELECT s.table_name, s.staged FROM dolt_status s WHERE NOT EXISTS ( SELECT 1 FROM dolt_ignore di WHERE di.ignored = 1 AND s.table_name LIKE di.pattern )" queryTime="2026-09-19 10:58:51.540158 -0700 PDT m=+5.545993376"
time="2026-09-19T10:58:51-07:00" level=trace msg="beginning new transaction" connectTime="2026-09-19 10:58:49.061925 -0700 PDT m=+3.067769960" connectionDb=hq connectionID=6 query="SELECT s.table_name, s.staged FROM dolt_status s WHERE NOT EXISTS ( SELECT 1 FROM dolt_ignore di WHERE di.ignored = 1 AND s.table_name LIKE di.pattern )"
time="2026-09-19T10:58:51-07:00" level=trace msg="committing transaction DoltTransaction" connectTime="2026-09-19 10:58:49.061925 -0700 PDT m=+3.067769960" connectionDb=hq connectionID=6 query="SELECT s.table_name, s.staged FROM dolt_status s WHERE NOT EXISTS ( SELECT 1 FROM dolt_ignore di WHERE di.ignored = 1 AND s.table_name LIKE di.pattern )"
time="2026-09-19T10:58:51-07:00" level=trace msg="returning empty result" connectTime="2026-09-19 10:58:49.061925 -0700 PDT m=+3.067769960" connectionDb=hq connectionID=6 query="SELECT s.table_name, s.staged FROM dolt_status s WHERE NOT EXISTS ( SELECT 1 FROM dolt_ignore di WHERE di.ignored = 1 AND s.table_name LIKE di.pattern )"
time="2026-09-19T10:58:51-07:00" level=debug msg="Query finished in 16 ms" connectTime="2026-09-19 10:58:49.061925 -0700 PDT m=+3.067769960" connectionDb=hq connectionID=6 query="SELECT s.table_name, s.staged FROM dolt_status s WHERE NOT EXISTS ( SELECT 1 FROM dolt_ignore di WHERE di.ignored = 1 AND s.table_name LIKE di.pattern )" queryTime="2026-09-19 10:58:51.556255 -0700 PDT m=+5.562090793"
time="2026-09-19T10:58:51-07:00" level=debug msg="Starting query" connectTime="2026-09-19 10:58:49.061925 -0700 PDT m=+3.067769960" connectionDb=hq connectionID=6 query="CREATE TABLE IF NOT EXISTS child_counters ( parent_id VARCHAR(255) PRIMARY KEY, last_child INT NOT NULL DEFAULT 0, CONSTRAINT fk_counter_parent FOREIGN KEY (parent_id) REFERENCES issues(id) ON DELETE CASCADE )" queryTime="2026-09-19 10:58:51.557854 -0700 PDT m=+5.563689710"
time="2026-09-19T10:58:51-07:00" level=trace msg="beginning execution" connectTime="2026-09-19 10:58:49.061925 -0700 PDT m=+3.067769960" connectionDb=hq connectionID=6 query="CREATE TABLE IF NOT EXISTS child_counters ( parent_id VARCHAR(255) PRIMARY KEY, last_child INT NOT NULL DEFAULT 0, CONSTRAINT fk_counter_parent FOREIGN KEY (parent_id) REFERENCES issues(id) ON DELETE CASCADE )" queryTime="2026-09-19 10:58:51.557962 -0700 PDT m=+5.563797626"
time="2026-09-19T10:58:51-07:00" level=trace msg="beginning new transaction" connectTime="2026-09-19 10:58:49.061925 -0700 PDT m=+3.067769960" connectionDb=hq connectionID=6 query="CREATE TABLE IF NOT EXISTS child_counters ( parent_id VARCHAR(255) PRIMARY KEY, last_child INT NOT NULL DEFAULT 0, CONSTRAINT fk_counter_parent FOREIGN KEY (parent_id) REFERENCES issues(id) ON DELETE CASCADE )"
time="2026-09-19T10:58:51-07:00" level=trace msg="committing transaction DoltTransaction" connectTime="2026-09-19 10:58:49.061925 -0700 PDT m=+3.067769960" connectionDb=hq connectionID=6 query="CREATE TABLE IF NOT EXISTS child_counters ( parent_id VARCHAR(255) PRIMARY KEY, last_child INT NOT NULL DEFAULT 0, CONSTRAINT fk_counter_parent FOREIGN KEY (parent_id) REFERENCES issues(id) ON DELETE CASCADE )"
time="2026-09-19T10:58:51-07:00" level=trace msg="returning empty result" connectTime="2026-09-19 10:58:49.061925 -0700 PDT m=+3.067769960" connectionDb=hq connectionID=6 query="CREATE TABLE IF NOT EXISTS child_counters ( parent_id VARCHAR(255) PRIMARY KEY, last_child INT NOT NULL DEFAULT 0, CONSTRAINT fk_counter_parent FOREIGN KEY (parent_id) REFERENCES issues(id) ON DELETE CASCADE )"
time="2026-09-19T10:58:51-07:00" level=debug msg="Query finished in 19 ms" connectTime="2026-09-19 10:58:49.061925 -0700 PDT m=+3.067769960" connectionDb=hq connectionID=6 query="CREATE TABLE IF NOT EXISTS child_counters ( parent_id VARCHAR(255) PRIMARY KEY, last_child INT NOT NULL DEFAULT 0, CONSTRAINT fk_counter_parent FOREIGN KEY (parent_id) REFERENCES issues(id) ON DELETE CASCADE )" queryTime="2026-09-19 10:58:51.576957 -0700 PDT m=+5.582792835"
time="2026-09-19T10:58:51-07:00" level=debug msg="Starting query" connectTime="2026-09-19 10:58:49.061925 -0700 PDT m=+3.067769960" connectionDb=hq connectionID=6 query="INSERT IGNORE INTO schema_migrations (version, content_hash) VALUES (8, '99db9b4b5a785ddd209dff628364c4c1eff549c3ca5ec48a64c604b15ef95bfb')" queryTime="2026-09-19 10:58:51.582558 -0700 PDT m=+5.588393001"
time="2026-09-19T10:58:51-07:00" level=trace msg="beginning execution" connectTime="2026-09-19 10:58:49.061925 -0700 PDT m=+3.067769960" connectionDb=hq connectionID=6 query="INSERT IGNORE INTO schema_migrations (version, content_hash) VALUES (8, '99db9b4b5a785ddd209dff628364c4c1eff549c3ca5ec48a64c604b15ef95bfb')" queryTime="2026-09-19 10:58:51.582644 -0700 PDT m=+5.588479085"
time="2026-09-19T10:58:51-07:00" level=trace msg="beginning new transaction" connectTime="2026-09-19 10:58:49.061925 -0700 PDT m=+3.067769960" connectionDb=hq connectionID=6 query="INSERT IGNORE INTO schema_migrations (version, content_hash) VALUES (8, '99db9b4b5a785ddd209dff628364c4c1eff549c3ca5ec48a64c604b15ef95bfb')"
time="2026-09-19T10:58:51-07:00" level=trace msg="committing transaction DoltTransaction" connectTime="2026-09-19 10:58:49.061925 -0700 PDT m=+3.067769960" connectionDb=hq connectionID=6 query="INSERT IGNORE INTO schema_migrations (version, content_hash) VALUES (8, '99db9b4b5a785ddd209dff628364c4c1eff549c3ca5ec48a64c604b15ef95bfb')"
time="2026-09-19T10:58:51-07:00" level=trace msg="returning empty result" connectTime="2026-09-19 10:58:49.061925 -0700 PDT m=+3.067769960" connectionDb=hq connectionID=6 query="INSERT IGNORE INTO schema_migrations (version, content_hash) VALUES (8, '99db9b4b5a785ddd209dff628364c4c1eff549c3ca5ec48a64c604b15ef95bfb')"
time="2026-09-19T10:58:51-07:00" level=debug msg="Query finished in 26 ms" connectTime="2026-09-19 10:58:49.061925 -0700 PDT m=+3.067769960" connectionDb=hq connectionID=6 query="INSERT IGNORE INTO schema_migrations (version, content_hash) VALUES (8, '99db9b4b5a785ddd209dff628364c4c1eff549c3ca5ec48a64c604b15ef95bfb')" queryTime="2026-09-19 10:58:51.609019 -0700 PDT m=+5.614854668"
time="2026-09-19T10:58:51-07:00" level=debug msg="Starting query" connectTime="2026-09-19 10:58:49.061925 -0700 PDT m=+3.067769960" connectionDb=hq connectionID=6 query="SELECT s.table_name, s.staged FROM dolt_status s WHERE NOT EXISTS ( SELECT 1 FROM dolt_ignore di WHERE di.ignored = 1 AND s.table_name LIKE di.pattern )" queryTime="2026-09-19 10:58:51.622815 -0700 PDT m=+5.628649960"
time="2026-09-19T10:58:51-07:00" level=trace msg="beginning execution" connectTime="2026-09-19 10:58:49.061925 -0700 PDT m=+3.067769960" connectionDb=hq connectionID=6 query="SELECT s.table_name, s.staged FROM dolt_status s WHERE NOT EXISTS ( SELECT 1 FROM dolt_ignore di WHERE di.ignored = 1 AND s.table_name LIKE di.pattern )" queryTime="2026-09-19 10:58:51.625338 -0700 PDT m=+5.631173126"
time="2026-09-19T10:58:51-07:00" level=trace msg="beginning new transaction" connectTime="2026-09-19 10:58:49.061925 -0700 PDT m=+3.067769960" connectionDb=hq connectionID=6 query="SELECT s.table_name, s.staged FROM dolt_status s WHERE NOT EXISTS ( SELECT 1 FROM dolt_ignore di WHERE di.ignored = 1 AND s.table_name LIKE di.pattern )"
time="2026-09-19T10:58:51-07:00" level=trace msg="spooling result row [TEXT(\"child_counters\") INT8(0)]" connectTime="2026-09-19 10:58:49.061925 -0700 PDT m=+3.067769960" connectionDb=hq connectionID=6 query="SELECT s.table_name, s.staged FROM dolt_status s WHERE NOT EXISTS ( SELECT 1 FROM dolt_ignore di WHERE di.ignored = 1 AND s.table_name LIKE di.pattern )"
time="2026-09-19T10:58:51-07:00" level=trace msg="spooling result row [TEXT(\"schema_migrations\") INT8(0)]" connectTime="2026-09-19 10:58:49.061925 -0700 PDT m=+3.067769960" connectionDb=hq connectionID=6 query="SELECT s.table_name, s.staged FROM dolt_status s WHERE NOT EXISTS ( SELECT 1 FROM dolt_ignore di WHERE di.ignored = 1 AND s.table_name LIKE di.pattern )"
time="2026-09-19T10:58:51-07:00" level=trace msg="committing transaction DoltTransaction" connectTime="2026-09-19 10:58:49.061925 -0700 PDT m=+3.067769960" connectionDb=hq connectionID=6 query="SELECT s.table_name, s.staged FROM dolt_status s WHERE NOT EXISTS ( SELECT 1 FROM dolt_ignore di WHERE di.ignored = 1 AND s.table_name LIKE di.pattern )"
time="2026-09-19T10:58:51-07:00" level=debug msg="Query finished in 31 ms" connectTime="2026-09-19 10:58:49.061925 -0700 PDT m=+3.067769960" connectionDb=hq connectionID=6 query="SELECT s.table_name, s.staged FROM dolt_status s WHERE NOT EXISTS ( SELECT 1 FROM dolt_ignore di WHERE di.ignored = 1 AND s.table_name LIKE di.pattern )" queryTime="2026-09-19 10:58:51.651805 -0700 PDT m=+5.657640335"
time="2026-09-19T10:58:51-07:00" level=debug msg="Starting query" connectTime="2026-09-19 10:58:49.061925 -0700 PDT m=+3.067769960" connectionDb=hq connectionID=6 query="CALL DOLT_ADD('-f', 'child_counters')" queryTime="2026-09-19 10:58:51.655281 -0700 PDT m=+5.661115668"
time="2026-09-19T10:58:51-07:00" level=trace msg="beginning execution" connectTime="2026-09-19 10:58:49.061925 -0700 PDT m=+3.067769960" connectionDb=hq connectionID=6 query="CALL DOLT_ADD('-f', 'child_counters')" queryTime="2026-09-19 10:58:51.6554 -0700 PDT m=+5.661235335"
time="2026-09-19T10:58:51-07:00" level=trace msg="beginning new transaction" connectTime="2026-09-19 10:58:49.061925 -0700 PDT m=+3.067769960" connectionDb=hq connectionID=6 query="CALL DOLT_ADD('-f', 'child_counters')"
time="2026-09-19T10:58:51-07:00" level=trace msg="spooling result row [INT64(0)]" connectTime="2026-09-19 10:58:49.061925 -0700 PDT m=+3.067769960" connectionDb=hq connectionID=6 query="CALL DOLT_ADD('-f', 'child_counters')"
time="2026-09-19T10:58:51-07:00" level=trace msg="committing transaction DoltTransaction" connectTime="2026-09-19 10:58:49.061925 -0700 PDT m=+3.067769960" connectionDb=hq connectionID=6 query="CALL DOLT_ADD('-f', 'child_counters')"
time="2026-09-19T10:58:51-07:00" level=trace msg="returning result &{[name:\"status\" type:INT64 org_name:\"status\" column_length:20 charset:255 flags:1] 1 0  [[INT64(0)]] <nil>}" connectTime="2026-09-19 10:58:49.061925 -0700 PDT m=+3.067769960" connectionDb=hq connectionID=6 query="CALL DOLT_ADD('-f', 'child_counters')"
time="2026-09-19T10:58:51-07:00" level=debug msg="Query finished in 11 ms" connectTime="2026-09-19 10:58:49.061925 -0700 PDT m=+3.067769960" connectionDb=hq connectionID=6 query="CALL DOLT_ADD('-f', 'child_counters')" queryTime="2026-09-19 10:58:51.666534 -0700 PDT m=+5.672369251"
time="2026-09-19T10:58:51-07:00" level=debug msg="Starting query" connectTime="2026-09-19 10:58:49.061925 -0700 PDT m=+3.067769960" connectionDb=hq connectionID=6 query="CALL DOLT_ADD('-f', 'schema_migrations')" queryTime="2026-09-19 10:58:51.673842 -0700 PDT m=+5.679676793"
time="2026-09-19T10:58:51-07:00" level=trace msg="beginning execution" connectTime="2026-09-19 10:58:49.061925 -0700 PDT m=+3.067769960" connectionDb=hq connectionID=6 query="CALL DOLT_ADD('-f', 'schema_migrations')" queryTime="2026-09-19 10:58:51.674303 -0700 PDT m=+5.680137585"
time="2026-09-19T10:58:51-07:00" level=trace msg="beginning new transaction" connectTime="2026-09-19 10:58:49.061925 -0700 PDT m=+3.067769960" connectionDb=hq connectionID=6 query="CALL DOLT_ADD('-f', 'schema_migrations')"
time="2026-09-19T10:58:51-07:00" level=trace msg="spooling result row [INT64(0)]" connectTime="2026-09-19 10:58:49.061925 -0700 PDT m=+3.067769960" connectionDb=hq connectionID=6 query="CALL DOLT_ADD('-f', 'schema_migrations')"
time="2026-09-19T10:58:51-07:00" level=trace msg="committing transaction DoltTransaction" connectTime="2026-09-19 10:58:49.061925 -0700 PDT m=+3.067769960" connectionDb=hq connectionID=6 query="CALL DOLT_ADD('-f', 'schema_migrations')"
time="2026-09-19T10:58:51-07:00" level=trace msg="returning result &{[name:\"status\" type:INT64 org_name:\"status\" column_length:20 charset:255 flags:1] 1 0  [[INT64(0)]] <nil>}" connectTime="2026-09-19 10:58:49.061925 -0700 PDT m=+3.067769960" connectionDb=hq connectionID=6 query="CALL DOLT_ADD('-f', 'schema_migrations')"
time="2026-09-19T10:58:51-07:00" level=debug msg="Query finished in 16 ms" connectTime="2026-09-19 10:58:49.061925 -0700 PDT m=+3.067769960" connectionDb=hq connectionID=6 query="CALL DOLT_ADD('-f', 'schema_migrations')" queryTime="2026-09-19 10:58:51.690235 -0700 PDT m=+5.696070210"
time="2026-09-19T10:58:51-07:00" level=debug msg="Starting query" connectTime="2026-09-19 10:58:49.061925 -0700 PDT m=+3.067769960" connectionDb=hq connectionID=6 query="CALL DOLT_COMMIT('-m', 'schema: apply migration 0008_create_child_counters.up.sql')" queryTime="2026-09-19 10:58:51.691747 -0700 PDT m=+5.697581585"
time="2026-09-19T10:58:51-07:00" level=trace msg="beginning execution" connectTime="2026-09-19 10:58:49.061925 -0700 PDT m=+3.067769960" connectionDb=hq connectionID=6 query="CALL DOLT_COMMIT('-m', 'schema: apply migration 0008_create_child_counters.up.sql')" queryTime="2026-09-19 10:58:51.691882 -0700 PDT m=+5.697716835"
time="2026-09-19T10:58:51-07:00" level=trace msg="beginning new transaction" connectTime="2026-09-19 10:58:49.061925 -0700 PDT m=+3.067769960" connectionDb=hq connectionID=6 query="CALL DOLT_COMMIT('-m', 'schema: apply migration 0008_create_child_counters.up.sql')"
time="2026-09-19T10:58:51-07:00" level=trace msg="spooling result row [TEXT(\"f2l6oqg2hldh9fm6lqa2sflbsp7a4rbu\")]" connectTime="2026-09-19 10:58:49.061925 -0700 PDT m=+3.067769960" connectionDb=hq connectionID=6 query="CALL DOLT_COMMIT('-m', 'schema: apply migration 0008_create_child_counters.up.sql')"
time="2026-09-19T10:58:51-07:00" level=trace msg="returning result &{[name:\"hash\" type:TEXT org_name:\"hash\" column_length:4294967295 charset:255 flags:1] 1 0  [[TEXT(\"f2l6oqg2hldh9fm6lqa2sflbsp7a4rbu\")]] <nil>}" connectTime="2026-09-19 10:58:49.061925 -0700 PDT m=+3.067769960" connectionDb=hq connectionID=6 query="CALL DOLT_COMMIT('-m', 'schema: apply migration 0008_create_child_counters.up.sql')"
time="2026-09-19T10:58:51-07:00" level=debug msg="Query finished in 30 ms" connectTime="2026-09-19 10:58:49.061925 -0700 PDT m=+3.067769960" connectionDb=hq connectionID=6 query="CALL DOLT_COMMIT('-m', 'schema: apply migration 0008_create_child_counters.up.sql')" queryTime="2026-09-19 10:58:51.721976 -0700 PDT m=+5.727810793"
time="2026-09-19T10:58:51-07:00" level=debug msg="Starting query" connectTime="2026-09-19 10:58:49.061925 -0700 PDT m=+3.067769960" connectionDb=hq connectionID=6 query="SELECT s.table_name, s.staged FROM dolt_status s WHERE NOT EXISTS ( SELECT 1 FROM dolt_ignore di WHERE di.ignored = 1 AND s.table_name LIKE di.pattern )" queryTime="2026-09-19 10:58:51.737795 -0700 PDT m=+5.743630210"
time="2026-09-19T10:58:51-07:00" level=trace msg="beginning execution" connectTime="2026-09-19 10:58:49.061925 -0700 PDT m=+3.067769960" connectionDb=hq connectionID=6 query="SELECT s.table_name, s.staged FROM dolt_status s WHERE NOT EXISTS ( SELECT 1 FROM dolt_ignore di WHERE di.ignored = 1 AND s.table_name LIKE di.pattern )" queryTime="2026-09-19 10:58:51.737943 -0700 PDT m=+5.743777501"
time="2026-09-19T10:58:51-07:00" level=trace msg="beginning new transaction" connectTime="2026-09-19 10:58:49.061925 -0700 PDT m=+3.067769960" connectionDb=hq connectionID=6 query="SELECT s.table_name, s.staged FROM dolt_status s WHERE NOT EXISTS ( SELECT 1 FROM dolt_ignore di WHERE di.ignored = 1 AND s.table_name LIKE di.pattern )"
time="2026-09-19T10:58:51-07:00" level=trace msg="committing transaction DoltTransaction" connectTime="2026-09-19 10:58:49.061925 -0700 PDT m=+3.067769960" connectionDb=hq connectionID=6 query="SELECT s.table_name, s.staged FROM dolt_status s WHERE NOT EXISTS ( SELECT 1 FROM dolt_ignore di WHERE di.ignored = 1 AND s.table_name LIKE di.pattern )"
time="2026-09-19T10:58:51-07:00" level=trace msg="returning empty result" connectTime="2026-09-19 10:58:49.061925 -0700 PDT m=+3.067769960" connectionDb=hq connectionID=6 query="SELECT s.table_name, s.staged FROM dolt_status s WHERE NOT EXISTS ( SELECT 1 FROM dolt_ignore di WHERE di.ignored = 1 AND s.table_name LIKE di.pattern )"
time="2026-09-19T10:58:51-07:00" level=debug msg="Query finished in 13 ms" connectTime="2026-09-19 10:58:49.061925 -0700 PDT m=+3.067769960" connectionDb=hq connectionID=6 query="SELECT s.table_name, s.staged FROM dolt_status s WHERE NOT EXISTS ( SELECT 1 FROM dolt_ignore di WHERE di.ignored = 1 AND s.table_name LIKE di.pattern )" queryTime="2026-09-19 10:58:51.751461 -0700 PDT m=+5.757295626"
time="2026-09-19T10:58:51-07:00" level=debug msg="Starting query" connectTime="2026-09-19 10:58:49.061925 -0700 PDT m=+3.067769960" connectionDb=hq connectionID=6 query="CREATE TABLE IF NOT EXISTS issue_snapshots ( id CHAR(36) NOT NULL PRIMARY KEY DEFAULT (UUID()), issue_id VARCHAR(255) NOT NULL, snapshot_time DATETIME NOT NULL, compaction_level INT NOT NULL, original_size INT NOT NULL, compressed_size INT NOT NULL, original_content TEXT NOT NULL, archived_events TEXT, INDEX idx_snapshots_issue (issue_id), INDEX idx_snapshots_level (compaction_level), CONSTRAINT fk_snapshots_issue FOREIGN KEY (issue_id) REFERENCES issues(id) ON DELETE CASCADE )" queryTime="2026-09-19 10:58:51.754057 -0700 PDT m=+5.759892293"
time="2026-09-19T10:58:51-07:00" level=trace msg="beginning execution" connectTime="2026-09-19 10:58:49.061925 -0700 PDT m=+3.067769960" connectionDb=hq connectionID=6 query="CREATE TABLE IF NOT EXISTS issue_snapshots ( id CHAR(36) NOT NULL PRIMARY KEY DEFAULT (UUID()), issue_id VARCHAR(255) NOT NULL, snapshot_time DATETIME NOT NULL, compaction_level INT NOT NULL, original_size INT NOT NULL, compressed_size INT NOT NULL, original_content TEXT NOT NULL, archived_events TEXT, INDEX idx_snapshots_issue (issue_id), INDEX idx_snapshots_level (compaction_level), CONSTRAINT fk_snapshots_issue FOREIGN KEY (issue_id) REFERENCES issues(id) ON DELETE CASCADE )" queryTime="2026-09-19 10:58:51.754198 -0700 PDT m=+5.760032626"
time="2026-09-19T10:58:51-07:00" level=trace msg="beginning new transaction" connectTime="2026-09-19 10:58:49.061925 -0700 PDT m=+3.067769960" connectionDb=hq connectionID=6 query="CREATE TABLE IF NOT EXISTS issue_snapshots ( id CHAR(36) NOT NULL PRIMARY KEY DEFAULT (UUID()), issue_id VARCHAR(255) NOT NULL, snapshot_time DATETIME NOT NULL, compaction_level INT NOT NULL, original_size INT NOT NULL, compressed_size INT NOT NULL, original_content TEXT NOT NULL, archived_events TEXT, INDEX idx_snapshots_issue (issue_id), INDEX idx_snapshots_level (compaction_level), CONSTRAINT fk_snapshots_issue FOREIGN KEY (issue_id) REFERENCES issues(id) ON DELETE CASCADE )"
time="2026-09-19T10:58:51-07:00" level=trace msg="committing transaction DoltTransaction" connectTime="2026-09-19 10:58:49.061925 -0700 PDT m=+3.067769960" connectionDb=hq connectionID=6 query="CREATE TABLE IF NOT EXISTS issue_snapshots ( id CHAR(36) NOT NULL PRIMARY KEY DEFAULT (UUID()), issue_id VARCHAR(255) NOT NULL, snapshot_time DATETIME NOT NULL, compaction_level INT NOT NULL, original_size INT NOT NULL, compressed_size INT NOT NULL, original_content TEXT NOT NULL, archived_events TEXT, INDEX idx_snapshots_issue (issue_id), INDEX idx_snapshots_level (compaction_level), CONSTRAINT fk_snapshots_issue FOREIGN KEY (issue_id) REFERENCES issues(id) ON DELETE CASCADE )"
time="2026-09-19T10:58:51-07:00" level=trace msg="returning empty result" connectTime="2026-09-19 10:58:49.061925 -0700 PDT m=+3.067769960" connectionDb=hq connectionID=6 query="CREATE TABLE IF NOT EXISTS issue_snapshots ( id CHAR(36) NOT NULL PRIMARY KEY DEFAULT (UUID()), issue_id VARCHAR(255) NOT NULL, snapshot_time DATETIME NOT NULL, compaction_level INT NOT NULL, original_size INT NOT NULL, compressed_size INT NOT NULL, original_content TEXT NOT NULL, archived_events TEXT, INDEX idx_snapshots_issue (issue_id), INDEX idx_snapshots_level (compaction_level), CONSTRAINT fk_snapshots_issue FOREIGN KEY (issue_id) REFERENCES issues(id) ON DELETE CASCADE )"
time="2026-09-19T10:58:51-07:00" level=debug msg="Query finished in 12 ms" connectTime="2026-09-19 10:58:49.061925 -0700 PDT m=+3.067769960" connectionDb=hq connectionID=6 query="CREATE TABLE IF NOT EXISTS issue_snapshots ( id CHAR(36) NOT NULL PRIMARY KEY DEFAULT (UUID()), issue_id VARCHAR(255) NOT NULL, snapshot_time DATETIME NOT NULL, compaction_level INT NOT NULL, original_size INT NOT NULL, compressed_size INT NOT NULL, original_content TEXT NOT NULL, archived_events TEXT, INDEX idx_snapshots_issue (issue_id), INDEX idx_snapshots_level (compaction_level), CONSTRAINT fk_snapshots_issue FOREIGN KEY (issue_id) REFERENCES issues(id) ON DELETE CASCADE )" queryTime="2026-09-19 10:58:51.766207 -0700 PDT m=+5.772041501"
time="2026-09-19T10:58:51-07:00" level=debug msg="Starting query" connectTime="2026-09-19 10:58:49.061925 -0700 PDT m=+3.067769960" connectionDb=hq connectionID=6 query="INSERT IGNORE INTO schema_migrations (version, content_hash) VALUES (9, '269ef83f083766b7f2fd2dfd2814ef36a585ae4aa18bcab0468a713d48595e48')" queryTime="2026-09-19 10:58:51.769501 -0700 PDT m=+5.775335376"
time="2026-09-19T10:58:51-07:00" level=trace msg="beginning execution" connectTime="2026-09-19 10:58:49.061925 -0700 PDT m=+3.067769960" connectionDb=hq connectionID=6 query="INSERT IGNORE INTO schema_migrations (version, content_hash) VALUES (9, '269ef83f083766b7f2fd2dfd2814ef36a585ae4aa18bcab0468a713d48595e48')" queryTime="2026-09-19 10:58:51.769579 -0700 PDT m=+5.775413876"
time="2026-09-19T10:58:51-07:00" level=trace msg="beginning new transaction" connectTime="2026-09-19 10:58:49.061925 -0700 PDT m=+3.067769960" connectionDb=hq connectionID=6 query="INSERT IGNORE INTO schema_migrations (version, content_hash) VALUES (9, '269ef83f083766b7f2fd2dfd2814ef36a585ae4aa18bcab0468a713d48595e48')"
time="2026-09-19T10:58:51-07:00" level=trace msg="committing transaction DoltTransaction" connectTime="2026-09-19 10:58:49.061925 -0700 PDT m=+3.067769960" connectionDb=hq connectionID=6 query="INSERT IGNORE INTO schema_migrations (version, content_hash) VALUES (9, '269ef83f083766b7f2fd2dfd2814ef36a585ae4aa18bcab0468a713d48595e48')"
time="2026-09-19T10:58:51-07:00" level=trace msg="returning empty result" connectTime="2026-09-19 10:58:49.061925 -0700 PDT m=+3.067769960" connectionDb=hq connectionID=6 query="INSERT IGNORE INTO schema_migrations (version, content_hash) VALUES (9, '269ef83f083766b7f2fd2dfd2814ef36a585ae4aa18bcab0468a713d48595e48')"
time="2026-09-19T10:58:51-07:00" level=debug msg="Query finished in 11 ms" connectTime="2026-09-19 10:58:49.061925 -0700 PDT m=+3.067769960" connectionDb=hq connectionID=6 query="INSERT IGNORE INTO schema_migrations (version, content_hash) VALUES (9, '269ef83f083766b7f2fd2dfd2814ef36a585ae4aa18bcab0468a713d48595e48')" queryTime="2026-09-19 10:58:51.781191 -0700 PDT m=+5.787026001"
time="2026-09-19T10:58:51-07:00" level=debug msg="Starting query" connectTime="2026-09-19 10:58:49.061925 -0700 PDT m=+3.067769960" connectionDb=hq connectionID=6 query="SELECT s.table_name, s.staged FROM dolt_status s WHERE NOT EXISTS ( SELECT 1 FROM dolt_ignore di WHERE di.ignored = 1 AND s.table_name LIKE di.pattern )" queryTime="2026-09-19 10:58:51.782698 -0700 PDT m=+5.788532835"
time="2026-09-19T10:58:51-07:00" level=trace msg="beginning execution" connectTime="2026-09-19 10:58:49.061925 -0700 PDT m=+3.067769960" connectionDb=hq connectionID=6 query="SELECT s.table_name, s.staged FROM dolt_status s WHERE NOT EXISTS ( SELECT 1 FROM dolt_ignore di WHERE di.ignored = 1 AND s.table_name LIKE di.pattern )" queryTime="2026-09-19 10:58:51.782779 -0700 PDT m=+5.788613876"
time="2026-09-19T10:58:51-07:00" level=trace msg="beginning new transaction" connectTime="2026-09-19 10:58:49.061925 -0700 PDT m=+3.067769960" connectionDb=hq connectionID=6 query="SELECT s.table_name, s.staged FROM dolt_status s WHERE NOT EXISTS ( SELECT 1 FROM dolt_ignore di WHERE di.ignored = 1 AND s.table_name LIKE di.pattern )"
time="2026-09-19T10:58:51-07:00" level=trace msg="spooling result row [TEXT(\"issue_snapshots\") INT8(0)]" connectTime="2026-09-19 10:58:49.061925 -0700 PDT m=+3.067769960" connectionDb=hq connectionID=6 query="SELECT s.table_name, s.staged FROM dolt_status s WHERE NOT EXISTS ( SELECT 1 FROM dolt_ignore di WHERE di.ignored = 1 AND s.table_name LIKE di.pattern )"
time="2026-09-19T10:58:51-07:00" level=trace msg="spooling result row [TEXT(\"schema_migrations\") INT8(0)]" connectTime="2026-09-19 10:58:49.061925 -0700 PDT m=+3.067769960" connectionDb=hq connectionID=6 query="SELECT s.table_name, s.staged FROM dolt_status s WHERE NOT EXISTS ( SELECT 1 FROM dolt_ignore di WHERE di.ignored = 1 AND s.table_name LIKE di.pattern )"
time="2026-09-19T10:58:51-07:00" level=trace msg="committing transaction DoltTransaction" connectTime="2026-09-19 10:58:49.061925 -0700 PDT m=+3.067769960" connectionDb=hq connectionID=6 query="SELECT s.table_name, s.staged FROM dolt_status s WHERE NOT EXISTS ( SELECT 1 FROM dolt_ignore di WHERE di.ignored = 1 AND s.table_name LIKE di.pattern )"
time="2026-09-19T10:58:51-07:00" level=debug msg="Query finished in 9 ms" connectTime="2026-09-19 10:58:49.061925 -0700 PDT m=+3.067769960" connectionDb=hq connectionID=6 query="SELECT s.table_name, s.staged FROM dolt_status s WHERE NOT EXISTS ( SELECT 1 FROM dolt_ignore di WHERE di.ignored = 1 AND s.table_name LIKE di.pattern )" queryTime="2026-09-19 10:58:51.791791 -0700 PDT m=+5.797625418"
time="2026-09-19T10:58:51-07:00" level=debug msg="Starting query" connectTime="2026-09-19 10:58:49.061925 -0700 PDT m=+3.067769960" connectionDb=hq connectionID=6 query="CALL DOLT_ADD('-f', 'issue_snapshots')" queryTime="2026-09-19 10:58:51.799204 -0700 PDT m=+5.805038418"
time="2026-09-19T10:58:51-07:00" level=trace msg="beginning execution" connectTime="2026-09-19 10:58:49.061925 -0700 PDT m=+3.067769960" connectionDb=hq connectionID=6 query="CALL DOLT_ADD('-f', 'issue_snapshots')" queryTime="2026-09-19 10:58:51.799268 -0700 PDT m=+5.805102793"
time="2026-09-19T10:58:51-07:00" level=trace msg="beginning new transaction" connectTime="2026-09-19 10:58:49.061925 -0700 PDT m=+3.067769960" connectionDb=hq connectionID=6 query="CALL DOLT_ADD('-f', 'issue_snapshots')"
time="2026-09-19T10:58:51-07:00" level=trace msg="spooling result row [INT64(0)]" connectTime="2026-09-19 10:58:49.061925 -0700 PDT m=+3.067769960" connectionDb=hq connectionID=6 query="CALL DOLT_ADD('-f', 'issue_snapshots')"
time="2026-09-19T10:58:51-07:00" level=trace msg="committing transaction DoltTransaction" connectTime="2026-09-19 10:58:49.061925 -0700 PDT m=+3.067769960" connectionDb=hq connectionID=6 query="CALL DOLT_ADD('-f', 'issue_snapshots')"
time="2026-09-19T10:58:51-07:00" level=trace msg="returning result &{[name:\"status\" type:INT64 org_name:\"status\" column_length:20 charset:255 flags:1] 1 0  [[INT64(0)]] <nil>}" connectTime="2026-09-19 10:58:49.061925 -0700 PDT m=+3.067769960" connectionDb=hq connectionID=6 query="CALL DOLT_ADD('-f', 'issue_snapshots')"
time="2026-09-19T10:58:51-07:00" level=debug msg="Query finished in 18 ms" connectTime="2026-09-19 10:58:49.061925 -0700 PDT m=+3.067769960" connectionDb=hq connectionID=6 query="CALL DOLT_ADD('-f', 'issue_snapshots')" queryTime="2026-09-19 10:58:51.817882 -0700 PDT m=+5.823716251"
time="2026-09-19T10:58:51-07:00" level=debug msg="Starting query" connectTime="2026-09-19 10:58:49.061925 -0700 PDT m=+3.067769960" connectionDb=hq connectionID=6 query="CALL DOLT_ADD('-f', 'schema_migrations')" queryTime="2026-09-19 10:58:51.81922 -0700 PDT m=+5.825054293"
time="2026-09-19T10:58:51-07:00" level=trace msg="beginning execution" connectTime="2026-09-19 10:58:49.061925 -0700 PDT m=+3.067769960" connectionDb=hq connectionID=6 query="CALL DOLT_ADD('-f', 'schema_migrations')" queryTime="2026-09-19 10:58:51.819308 -0700 PDT m=+5.825142460"
time="2026-09-19T10:58:51-07:00" level=trace msg="beginning new transaction" connectTime="2026-09-19 10:58:49.061925 -0700 PDT m=+3.067769960" connectionDb=hq connectionID=6 query="CALL DOLT_ADD('-f', 'schema_migrations')"
time="2026-09-19T10:58:51-07:00" level=trace msg="spooling result row [INT64(0)]" connectTime="2026-09-19 10:58:49.061925 -0700 PDT m=+3.067769960" connectionDb=hq connectionID=6 query="CALL DOLT_ADD('-f', 'schema_migrations')"
time="2026-09-19T10:58:51-07:00" level=trace msg="committing transaction DoltTransaction" connectTime="2026-09-19 10:58:49.061925 -0700 PDT m=+3.067769960" connectionDb=hq connectionID=6 query="CALL DOLT_ADD('-f', 'schema_migrations')"
time="2026-09-19T10:58:51-07:00" level=trace msg="returning result &{[name:\"status\" type:INT64 org_name:\"status\" column_length:20 charset:255 flags:1] 1 0  [[INT64(0)]] <nil>}" connectTime="2026-09-19 10:58:49.061925 -0700 PDT m=+3.067769960" connectionDb=hq connectionID=6 query="CALL DOLT_ADD('-f', 'schema_migrations')"
time="2026-09-19T10:58:51-07:00" level=debug msg="Query finished in 10 ms" connectTime="2026-09-19 10:58:49.061925 -0700 PDT m=+3.067769960" connectionDb=hq connectionID=6 query="CALL DOLT_ADD('-f', 'schema_migrations')" queryTime="2026-09-19 10:58:51.829669 -0700 PDT m=+5.835503126"
time="2026-09-19T10:58:51-07:00" level=debug msg="Starting query" connectTime="2026-09-19 10:58:49.061925 -0700 PDT m=+3.067769960" connectionDb=hq connectionID=6 query="CALL DOLT_COMMIT('-m', 'schema: apply migration 0009_create_issue_snapshots.up.sql')" queryTime="2026-09-19 10:58:51.832327 -0700 PDT m=+5.838161543"
time="2026-09-19T10:58:51-07:00" level=trace msg="beginning execution" connectTime="2026-09-19 10:58:49.061925 -0700 PDT m=+3.067769960" connectionDb=hq connectionID=6 query="CALL DOLT_COMMIT('-m', 'schema: apply migration 0009_create_issue_snapshots.up.sql')" queryTime="2026-09-19 10:58:51.832438 -0700 PDT m=+5.838272085"
time="2026-09-19T10:58:51-07:00" level=trace msg="beginning new transaction" connectTime="2026-09-19 10:58:49.061925 -0700 PDT m=+3.067769960" connectionDb=hq connectionID=6 query="CALL DOLT_COMMIT('-m', 'schema: apply migration 0009_create_issue_snapshots.up.sql')"
time="2026-09-19T10:58:51-07:00" level=trace msg="spooling result row [TEXT(\"j3aqfiimgmilmsjkc2p7e898o7f6bjdc\")]" connectTime="2026-09-19 10:58:49.061925 -0700 PDT m=+3.067769960" connectionDb=hq connectionID=6 query="CALL DOLT_COMMIT('-m', 'schema: apply migration 0009_create_issue_snapshots.up.sql')"
time="2026-09-19T10:58:51-07:00" level=trace msg="returning result &{[name:\"hash\" type:TEXT org_name:\"hash\" column_length:4294967295 charset:255 flags:1] 1 0  [[TEXT(\"j3aqfiimgmilmsjkc2p7e898o7f6bjdc\")]] <nil>}" connectTime="2026-09-19 10:58:49.061925 -0700 PDT m=+3.067769960" connectionDb=hq connectionID=6 query="CALL DOLT_COMMIT('-m', 'schema: apply migration 0009_create_issue_snapshots.up.sql')"
time="2026-09-19T10:58:51-07:00" level=debug msg="Query finished in 20 ms" connectTime="2026-09-19 10:58:49.061925 -0700 PDT m=+3.067769960" connectionDb=hq connectionID=6 query="CALL DOLT_COMMIT('-m', 'schema: apply migration 0009_create_issue_snapshots.up.sql')" queryTime="2026-09-19 10:58:51.852478 -0700 PDT m=+5.858312501"
time="2026-09-19T10:58:51-07:00" level=debug msg="Starting query" connectTime="2026-09-19 10:58:49.061925 -0700 PDT m=+3.067769960" connectionDb=hq connectionID=6 query="SELECT s.table_name, s.staged FROM dolt_status s WHERE NOT EXISTS ( SELECT 1 FROM dolt_ignore di WHERE di.ignored = 1 AND s.table_name LIKE di.pattern )" queryTime="2026-09-19 10:58:51.861073 -0700 PDT m=+5.866907876"
time="2026-09-19T10:58:51-07:00" level=trace msg="beginning execution" connectTime="2026-09-19 10:58:49.061925 -0700 PDT m=+3.067769960" connectionDb=hq connectionID=6 query="SELECT s.table_name, s.staged FROM dolt_status s WHERE NOT EXISTS ( SELECT 1 FROM dolt_ignore di WHERE di.ignored = 1 AND s.table_name LIKE di.pattern )" queryTime="2026-09-19 10:58:51.861188 -0700 PDT m=+5.867022793"
time="2026-09-19T10:58:51-07:00" level=trace msg="beginning new transaction" connectTime="2026-09-19 10:58:49.061925 -0700 PDT m=+3.067769960" connectionDb=hq connectionID=6 query="SELECT s.table_name, s.staged FROM dolt_status s WHERE NOT EXISTS ( SELECT 1 FROM dolt_ignore di WHERE di.ignored = 1 AND s.table_name LIKE di.pattern )"
time="2026-09-19T10:58:51-07:00" level=trace msg="committing transaction DoltTransaction" connectTime="2026-09-19 10:58:49.061925 -0700 PDT m=+3.067769960" connectionDb=hq connectionID=6 query="SELECT s.table_name, s.staged FROM dolt_status s WHERE NOT EXISTS ( SELECT 1 FROM dolt_ignore di WHERE di.ignored = 1 AND s.table_name LIKE di.pattern )"
time="2026-09-19T10:58:51-07:00" level=trace msg="returning empty result" connectTime="2026-09-19 10:58:49.061925 -0700 PDT m=+3.067769960" connectionDb=hq connectionID=6 query="SELECT s.table_name, s.staged FROM dolt_status s WHERE NOT EXISTS ( SELECT 1 FROM dolt_ignore di WHERE di.ignored = 1 AND s.table_name LIKE di.pattern )"
time="2026-09-19T10:58:51-07:00" level=debug msg="Query finished in 40 ms" connectTime="2026-09-19 10:58:49.061925 -0700 PDT m=+3.067769960" connectionDb=hq connectionID=6 query="SELECT s.table_name, s.staged FROM dolt_status s WHERE NOT EXISTS ( SELECT 1 FROM dolt_ignore di WHERE di.ignored = 1 AND s.table_name LIKE di.pattern )" queryTime="2026-09-19 10:58:51.900816 -0700 PDT m=+5.906650168"
time="2026-09-19T10:58:51-07:00" level=debug msg="Starting query" connectTime="2026-09-19 10:58:49.061925 -0700 PDT m=+3.067769960" connectionDb=hq connectionID=6 query="CREATE TABLE IF NOT EXISTS compaction_snapshots ( id CHAR(36) NOT NULL PRIMARY KEY DEFAULT (UUID()), issue_id VARCHAR(255) NOT NULL, compaction_level INT NOT NULL, snapshot_json BLOB NOT NULL, created_at DATETIME NOT NULL DEFAULT CURRENT_TIMESTAMP, INDEX idx_comp_snap_issue (issue_id, compaction_level, created_at DESC), CONSTRAINT fk_comp_snap_issue FOREIGN KEY (issue_id) REFERENCES issues(id) ON DELETE CASCADE )" queryTime="2026-09-19 10:58:51.937253 -0700 PDT m=+5.943087460"
time="2026-09-19T10:58:51-07:00" level=trace msg="beginning execution" connectTime="2026-09-19 10:58:49.061925 -0700 PDT m=+3.067769960" connectionDb=hq connectionID=6 query="CREATE TABLE IF NOT EXISTS compaction_snapshots ( id CHAR(36) NOT NULL PRIMARY KEY DEFAULT (UUID()), issue_id VARCHAR(255) NOT NULL, compaction_level INT NOT NULL, snapshot_json BLOB NOT NULL, created_at DATETIME NOT NULL DEFAULT CURRENT_TIMESTAMP, INDEX idx_comp_snap_issue (issue_id, compaction_level, created_at DESC), CONSTRAINT fk_comp_snap_issue FOREIGN KEY (issue_id) REFERENCES issues(id) ON DELETE CASCADE )" queryTime="2026-09-19 10:58:51.937487 -0700 PDT m=+5.943320585"
time="2026-09-19T10:58:51-07:00" level=trace msg="beginning new transaction" connectTime="2026-09-19 10:58:49.061925 -0700 PDT m=+3.067769960" connectionDb=hq connectionID=6 query="CREATE TABLE IF NOT EXISTS compaction_snapshots ( id CHAR(36) NOT NULL PRIMARY KEY DEFAULT (UUID()), issue_id VARCHAR(255) NOT NULL, compaction_level INT NOT NULL, snapshot_json BLOB NOT NULL, created_at DATETIME NOT NULL DEFAULT CURRENT_TIMESTAMP, INDEX idx_comp_snap_issue (issue_id, compaction_level, created_at DESC), CONSTRAINT fk_comp_snap_issue FOREIGN KEY (issue_id) REFERENCES issues(id) ON DELETE CASCADE )"
time="2026-09-19T10:58:51-07:00" level=trace msg="committing transaction DoltTransaction" connectTime="2026-09-19 10:58:49.061925 -0700 PDT m=+3.067769960" connectionDb=hq connectionID=6 query="CREATE TABLE IF NOT EXISTS compaction_snapshots ( id CHAR(36) NOT NULL PRIMARY KEY DEFAULT (UUID()), issue_id VARCHAR(255) NOT NULL, compaction_level INT NOT NULL, snapshot_json BLOB NOT NULL, created_at DATETIME NOT NULL DEFAULT CURRENT_TIMESTAMP, INDEX idx_comp_snap_issue (issue_id, compaction_level, created_at DESC), CONSTRAINT fk_comp_snap_issue FOREIGN KEY (issue_id) REFERENCES issues(id) ON DELETE CASCADE )"
time="2026-09-19T10:58:51-07:00" level=trace msg="returning empty result" connectTime="2026-09-19 10:58:49.061925 -0700 PDT m=+3.067769960" connectionDb=hq connectionID=6 query="CREATE TABLE IF NOT EXISTS compaction_snapshots ( id CHAR(36) NOT NULL PRIMARY KEY DEFAULT (UUID()), issue_id VARCHAR(255) NOT NULL, compaction_level INT NOT NULL, snapshot_json BLOB NOT NULL, created_at DATETIME NOT NULL DEFAULT CURRENT_TIMESTAMP, INDEX idx_comp_snap_issue (issue_id, compaction_level, created_at DESC), CONSTRAINT fk_comp_snap_issue FOREIGN KEY (issue_id) REFERENCES issues(id) ON DELETE CASCADE )"
time="2026-09-19T10:58:51-07:00" level=debug msg="Query finished in 87 ms" connectTime="2026-09-19 10:58:49.061925 -0700 PDT m=+3.067769960" connectionDb=hq connectionID=6 query="CREATE TABLE IF NOT EXISTS compaction_snapshots ( id CHAR(36) NOT NULL PRIMARY KEY DEFAULT (UUID()), issue_id VARCHAR(255) NOT NULL, compaction_level INT NOT NULL, snapshot_json BLOB NOT NULL, created_at DATETIME NOT NULL DEFAULT CURRENT_TIMESTAMP, INDEX idx_comp_snap_issue (issue_id, compaction_level, created_at DESC), CONSTRAINT fk_comp_snap_issue FOREIGN KEY (issue_id) REFERENCES issues(id) ON DELETE CASCADE )" queryTime="2026-09-19 10:58:51.995707 -0700 PDT m=+6.001540835"
time="2026-09-19T10:58:51-07:00" level=debug msg="Starting query" connectTime="2026-09-19 10:58:49.061925 -0700 PDT m=+3.067769960" connectionDb=hq connectionID=6 query="INSERT IGNORE INTO schema_migrations (version, content_hash) VALUES (10, 'cb34cbe311fd89a17d72067f449a65089f2fc9a7c4b3774d54448db5ebc3d659')" queryTime="2026-09-19 10:58:51.998541 -0700 PDT m=+6.004374793"
time="2026-09-19T10:58:51-07:00" level=trace msg="beginning execution" connectTime="2026-09-19 10:58:49.061925 -0700 PDT m=+3.067769960" connectionDb=hq connectionID=6 query="INSERT IGNORE INTO schema_migrations (version, content_hash) VALUES (10, 'cb34cbe311fd89a17d72067f449a65089f2fc9a7c4b3774d54448db5ebc3d659')" queryTime="2026-09-19 10:58:51.998768 -0700 PDT m=+6.004601668"
time="2026-09-19T10:58:51-07:00" level=trace msg="beginning new transaction" connectTime="2026-09-19 10:58:49.061925 -0700 PDT m=+3.067769960" connectionDb=hq connectionID=6 query="INSERT IGNORE INTO schema_migrations (version, content_hash) VALUES (10, 'cb34cbe311fd89a17d72067f449a65089f2fc9a7c4b3774d54448db5ebc3d659')"
time="2026-09-19T10:58:52-07:00" level=trace msg="committing transaction DoltTransaction" connectTime="2026-09-19 10:58:49.061925 -0700 PDT m=+3.067769960" connectionDb=hq connectionID=6 query="INSERT IGNORE INTO schema_migrations (version, content_hash) VALUES (10, 'cb34cbe311fd89a17d72067f449a65089f2fc9a7c4b3774d54448db5ebc3d659')"
time="2026-09-19T10:58:52-07:00" level=trace msg="returning empty result" connectTime="2026-09-19 10:58:49.061925 -0700 PDT m=+3.067769960" connectionDb=hq connectionID=6 query="INSERT IGNORE INTO schema_migrations (version, content_hash) VALUES (10, 'cb34cbe311fd89a17d72067f449a65089f2fc9a7c4b3774d54448db5ebc3d659')"
time="2026-09-19T10:58:52-07:00" level=debug msg="Query finished in 10 ms" connectTime="2026-09-19 10:58:49.061925 -0700 PDT m=+3.067769960" connectionDb=hq connectionID=6 query="INSERT IGNORE INTO schema_migrations (version, content_hash) VALUES (10, 'cb34cbe311fd89a17d72067f449a65089f2fc9a7c4b3774d54448db5ebc3d659')" queryTime="2026-09-19 10:58:52.008862 -0700 PDT m=+6.014695876"
time="2026-09-19T10:58:52-07:00" level=debug msg="Starting query" connectTime="2026-09-19 10:58:49.061925 -0700 PDT m=+3.067769960" connectionDb=hq connectionID=6 query="SELECT s.table_name, s.staged FROM dolt_status s WHERE NOT EXISTS ( SELECT 1 FROM dolt_ignore di WHERE di.ignored = 1 AND s.table_name LIKE di.pattern )" queryTime="2026-09-19 10:58:52.010976 -0700 PDT m=+6.016810043"
time="2026-09-19T10:58:52-07:00" level=trace msg="beginning execution" connectTime="2026-09-19 10:58:49.061925 -0700 PDT m=+3.067769960" connectionDb=hq connectionID=6 query="SELECT s.table_name, s.staged FROM dolt_status s WHERE NOT EXISTS ( SELECT 1 FROM dolt_ignore di WHERE di.ignored = 1 AND s.table_name LIKE di.pattern )" queryTime="2026-09-19 10:58:52.011061 -0700 PDT m=+6.016894918"
time="2026-09-19T10:58:52-07:00" level=trace msg="beginning new transaction" connectTime="2026-09-19 10:58:49.061925 -0700 PDT m=+3.067769960" connectionDb=hq connectionID=6 query="SELECT s.table_name, s.staged FROM dolt_status s WHERE NOT EXISTS ( SELECT 1 FROM dolt_ignore di WHERE di.ignored = 1 AND s.table_name LIKE di.pattern )"
time="2026-09-19T10:58:52-07:00" level=trace msg="spooling result row [TEXT(\"compaction_snapshots\") INT8(0)]" connectTime="2026-09-19 10:58:49.061925 -0700 PDT m=+3.067769960" connectionDb=hq connectionID=6 query="SELECT s.table_name, s.staged FROM dolt_status s WHERE NOT EXISTS ( SELECT 1 FROM dolt_ignore di WHERE di.ignored = 1 AND s.table_name LIKE di.pattern )"
time="2026-09-19T10:58:52-07:00" level=trace msg="spooling result row [TEXT(\"schema_migrations\") INT8(0)]" connectTime="2026-09-19 10:58:49.061925 -0700 PDT m=+3.067769960" connectionDb=hq connectionID=6 query="SELECT s.table_name, s.staged FROM dolt_status s WHERE NOT EXISTS ( SELECT 1 FROM dolt_ignore di WHERE di.ignored = 1 AND s.table_name LIKE di.pattern )"
time="2026-09-19T10:58:52-07:00" level=trace msg="committing transaction DoltTransaction" connectTime="2026-09-19 10:58:49.061925 -0700 PDT m=+3.067769960" connectionDb=hq connectionID=6 query="SELECT s.table_name, s.staged FROM dolt_status s WHERE NOT EXISTS ( SELECT 1 FROM dolt_ignore di WHERE di.ignored = 1 AND s.table_name LIKE di.pattern )"
time="2026-09-19T10:58:52-07:00" level=debug msg="Query finished in 7 ms" connectTime="2026-09-19 10:58:49.061925 -0700 PDT m=+3.067769960" connectionDb=hq connectionID=6 query="SELECT s.table_name, s.staged FROM dolt_status s WHERE NOT EXISTS ( SELECT 1 FROM dolt_ignore di WHERE di.ignored = 1 AND s.table_name LIKE di.pattern )" queryTime="2026-09-19 10:58:52.018706 -0700 PDT m=+6.024540126"
time="2026-09-19T10:58:52-07:00" level=debug msg="Starting query" connectTime="2026-09-19 10:58:49.061925 -0700 PDT m=+3.067769960" connectionDb=hq connectionID=6 query="CALL DOLT_ADD('-f', 'compaction_snapshots')" queryTime="2026-09-19 10:58:52.019613 -0700 PDT m=+6.025447168"
time="2026-09-19T10:58:52-07:00" level=trace msg="beginning execution" connectTime="2026-09-19 10:58:49.061925 -0700 PDT m=+3.067769960" connectionDb=hq connectionID=6 query="CALL DOLT_ADD('-f', 'compaction_snapshots')" queryTime="2026-09-19 10:58:52.019681 -0700 PDT m=+6.025514918"
time="2026-09-19T10:58:52-07:00" level=trace msg="beginning new transaction" connectTime="2026-09-19 10:58:49.061925 -0700 PDT m=+3.067769960" connectionDb=hq connectionID=6 query="CALL DOLT_ADD('-f', 'compaction_snapshots')"
time="2026-09-19T10:58:52-07:00" level=trace msg="spooling result row [INT64(0)]" connectTime="2026-09-19 10:58:49.061925 -0700 PDT m=+3.067769960" connectionDb=hq connectionID=6 query="CALL DOLT_ADD('-f', 'compaction_snapshots')"
time="2026-09-19T10:58:52-07:00" level=trace msg="committing transaction DoltTransaction" connectTime="2026-09-19 10:58:49.061925 -0700 PDT m=+3.067769960" connectionDb=hq connectionID=6 query="CALL DOLT_ADD('-f', 'compaction_snapshots')"
time="2026-09-19T10:58:52-07:00" level=trace msg="returning result &{[name:\"status\" type:INT64 org_name:\"status\" column_length:20 charset:255 flags:1] 1 0  [[INT64(0)]] <nil>}" connectTime="2026-09-19 10:58:49.061925 -0700 PDT m=+3.067769960" connectionDb=hq connectionID=6 query="CALL DOLT_ADD('-f', 'compaction_snapshots')"
time="2026-09-19T10:58:52-07:00" level=debug msg="Query finished in 17 ms" connectTime="2026-09-19 10:58:49.061925 -0700 PDT m=+3.067769960" connectionDb=hq connectionID=6 query="CALL DOLT_ADD('-f', 'compaction_snapshots')" queryTime="2026-09-19 10:58:52.036717 -0700 PDT m=+6.042550585"
time="2026-09-19T10:58:52-07:00" level=debug msg="Starting query" connectTime="2026-09-19 10:58:49.061925 -0700 PDT m=+3.067769960" connectionDb=hq connectionID=6 query="CALL DOLT_ADD('-f', 'schema_migrations')" queryTime="2026-09-19 10:58:52.039455 -0700 PDT m=+6.045288835"
time="2026-09-19T10:58:52-07:00" level=trace msg="beginning execution" connectTime="2026-09-19 10:58:49.061925 -0700 PDT m=+3.067769960" connectionDb=hq connectionID=6 query="CALL DOLT_ADD('-f', 'schema_migrations')" queryTime="2026-09-19 10:58:52.039594 -0700 PDT m=+6.045427751"
time="2026-09-19T10:58:52-07:00" level=trace msg="beginning new transaction" connectTime="2026-09-19 10:58:49.061925 -0700 PDT m=+3.067769960" connectionDb=hq connectionID=6 query="CALL DOLT_ADD('-f', 'schema_migrations')"
time="2026-09-19T10:58:52-07:00" level=trace msg="spooling result row [INT64(0)]" connectTime="2026-09-19 10:58:49.061925 -0700 PDT m=+3.067769960" connectionDb=hq connectionID=6 query="CALL DOLT_ADD('-f', 'schema_migrations')"
time="2026-09-19T10:58:52-07:00" level=trace msg="committing transaction DoltTransaction" connectTime="2026-09-19 10:58:49.061925 -0700 PDT m=+3.067769960" connectionDb=hq connectionID=6 query="CALL DOLT_ADD('-f', 'schema_migrations')"
time="2026-09-19T10:58:52-07:00" level=trace msg="returning result &{[name:\"status\" type:INT64 org_name:\"status\" column_length:20 charset:255 flags:1] 1 0  [[INT64(0)]] <nil>}" connectTime="2026-09-19 10:58:49.061925 -0700 PDT m=+3.067769960" connectionDb=hq connectionID=6 query="CALL DOLT_ADD('-f', 'schema_migrations')"
time="2026-09-19T10:58:52-07:00" level=debug msg="Query finished in 12 ms" connectTime="2026-09-19 10:58:49.061925 -0700 PDT m=+3.067769960" connectionDb=hq connectionID=6 query="CALL DOLT_ADD('-f', 'schema_migrations')" queryTime="2026-09-19 10:58:52.051716 -0700 PDT m=+6.057549751"
time="2026-09-19T10:58:52-07:00" level=debug msg="Starting query" connectTime="2026-09-19 10:58:49.061925 -0700 PDT m=+3.067769960" connectionDb=hq connectionID=6 query="CALL DOLT_COMMIT('-m', 'schema: apply migration 0010_create_compaction_snapshots.up.sql')" queryTime="2026-09-19 10:58:52.05326 -0700 PDT m=+6.059093960"
time="2026-09-19T10:58:52-07:00" level=trace msg="beginning execution" connectTime="2026-09-19 10:58:49.061925 -0700 PDT m=+3.067769960" connectionDb=hq connectionID=6 query="CALL DOLT_COMMIT('-m', 'schema: apply migration 0010_create_compaction_snapshots.up.sql')" queryTime="2026-09-19 10:58:52.053409 -0700 PDT m=+6.059242168"
time="2026-09-19T10:58:52-07:00" level=trace msg="beginning new transaction" connectTime="2026-09-19 10:58:49.061925 -0700 PDT m=+3.067769960" connectionDb=hq connectionID=6 query="CALL DOLT_COMMIT('-m', 'schema: apply migration 0010_create_compaction_snapshots.up.sql')"
time="2026-09-19T10:58:52-07:00" level=trace msg="spooling result row [TEXT(\"1eo6pnsshpk0vsbusq2qbqm0rbpr1b8g\")]" connectTime="2026-09-19 10:58:49.061925 -0700 PDT m=+3.067769960" connectionDb=hq connectionID=6 query="CALL DOLT_COMMIT('-m', 'schema: apply migration 0010_create_compaction_snapshots.up.sql')"
time="2026-09-19T10:58:52-07:00" level=trace msg="returning result &{[name:\"hash\" type:TEXT org_name:\"hash\" column_length:4294967295 charset:255 flags:1] 1 0  [[TEXT(\"1eo6pnsshpk0vsbusq2qbqm0rbpr1b8g\")]] <nil>}" connectTime="2026-09-19 10:58:49.061925 -0700 PDT m=+3.067769960" connectionDb=hq connectionID=6 query="CALL DOLT_COMMIT('-m', 'schema: apply migration 0010_create_compaction_snapshots.up.sql')"
time="2026-09-19T10:58:52-07:00" level=debug msg="Query finished in 19 ms" connectTime="2026-09-19 10:58:49.061925 -0700 PDT m=+3.067769960" connectionDb=hq connectionID=6 query="CALL DOLT_COMMIT('-m', 'schema: apply migration 0010_create_compaction_snapshots.up.sql')" queryTime="2026-09-19 10:58:52.072307 -0700 PDT m=+6.078140460"
time="2026-09-19T10:58:52-07:00" level=debug msg="Starting query" connectTime="2026-09-19 10:58:49.061925 -0700 PDT m=+3.067769960" connectionDb=hq connectionID=6 query="SELECT s.table_name, s.staged FROM dolt_status s WHERE NOT EXISTS ( SELECT 1 FROM dolt_ignore di WHERE di.ignored = 1 AND s.table_name LIKE di.pattern )" queryTime="2026-09-19 10:58:52.078809 -0700 PDT m=+6.084642876"
time="2026-09-19T10:58:52-07:00" level=trace msg="beginning execution" connectTime="2026-09-19 10:58:49.061925 -0700 PDT m=+3.067769960" connectionDb=hq connectionID=6 query="SELECT s.table_name, s.staged FROM dolt_status s WHERE NOT EXISTS ( SELECT 1 FROM dolt_ignore di WHERE di.ignored = 1 AND s.table_name LIKE di.pattern )" queryTime="2026-09-19 10:58:52.07901 -0700 PDT m=+6.084843251"
time="2026-09-19T10:58:52-07:00" level=trace msg="beginning new transaction" connectTime="2026-09-19 10:58:49.061925 -0700 PDT m=+3.067769960" connectionDb=hq connectionID=6 query="SELECT s.table_name, s.staged FROM dolt_status s WHERE NOT EXISTS ( SELECT 1 FROM dolt_ignore di WHERE di.ignored = 1 AND s.table_name LIKE di.pattern )"
time="2026-09-19T10:58:52-07:00" level=trace msg="committing transaction DoltTransaction" connectTime="2026-09-19 10:58:49.061925 -0700 PDT m=+3.067769960" connectionDb=hq connectionID=6 query="SELECT s.table_name, s.staged FROM dolt_status s WHERE NOT EXISTS ( SELECT 1 FROM dolt_ignore di WHERE di.ignored = 1 AND s.table_name LIKE di.pattern )"
time="2026-09-19T10:58:52-07:00" level=trace msg="returning empty result" connectTime="2026-09-19 10:58:49.061925 -0700 PDT m=+3.067769960" connectionDb=hq connectionID=6 query="SELECT s.table_name, s.staged FROM dolt_status s WHERE NOT EXISTS ( SELECT 1 FROM dolt_ignore di WHERE di.ignored = 1 AND s.table_name LIKE di.pattern )"
time="2026-09-19T10:58:52-07:00" level=debug msg="Query finished in 9 ms" connectTime="2026-09-19 10:58:49.061925 -0700 PDT m=+3.067769960" connectionDb=hq connectionID=6 query="SELECT s.table_name, s.staged FROM dolt_status s WHERE NOT EXISTS ( SELECT 1 FROM dolt_ignore di WHERE di.ignored = 1 AND s.table_name LIKE di.pattern )" queryTime="2026-09-19 10:58:52.088465 -0700 PDT m=+6.094298960"
time="2026-09-19T10:58:52-07:00" level=debug msg="Starting query" connectTime="2026-09-19 10:58:49.061925 -0700 PDT m=+3.067769960" connectionDb=hq connectionID=6 query="CREATE TABLE IF NOT EXISTS repo_mtimes ( repo_path VARCHAR(512) PRIMARY KEY, jsonl_path VARCHAR(512) NOT NULL, mtime_ns BIGINT NOT NULL, last_checked DATETIME NOT NULL DEFAULT CURRENT_TIMESTAMP, INDEX idx_repo_mtimes_checked (last_checked) )" queryTime="2026-09-19 10:58:52.090534 -0700 PDT m=+6.096367918"
time="2026-09-19T10:58:52-07:00" level=trace msg="beginning execution" connectTime="2026-09-19 10:58:49.061925 -0700 PDT m=+3.067769960" connectionDb=hq connectionID=6 query="CREATE TABLE IF NOT EXISTS repo_mtimes ( repo_path VARCHAR(512) PRIMARY KEY, jsonl_path VARCHAR(512) NOT NULL, mtime_ns BIGINT NOT NULL, last_checked DATETIME NOT NULL DEFAULT CURRENT_TIMESTAMP, INDEX idx_repo_mtimes_checked (last_checked) )" queryTime="2026-09-19 10:58:52.090687 -0700 PDT m=+6.096520501"
time="2026-09-19T10:58:52-07:00" level=trace msg="beginning new transaction" connectTime="2026-09-19 10:58:49.061925 -0700 PDT m=+3.067769960" connectionDb=hq connectionID=6 query="CREATE TABLE IF NOT EXISTS repo_mtimes ( repo_path VARCHAR(512) PRIMARY KEY, jsonl_path VARCHAR(512) NOT NULL, mtime_ns BIGINT NOT NULL, last_checked DATETIME NOT NULL DEFAULT CURRENT_TIMESTAMP, INDEX idx_repo_mtimes_checked (last_checked) )"
time="2026-09-19T10:58:52-07:00" level=trace msg="committing transaction DoltTransaction" connectTime="2026-09-19 10:58:49.061925 -0700 PDT m=+3.067769960" connectionDb=hq connectionID=6 query="CREATE TABLE IF NOT EXISTS repo_mtimes ( repo_path VARCHAR(512) PRIMARY KEY, jsonl_path VARCHAR(512) NOT NULL, mtime_ns BIGINT NOT NULL, last_checked DATETIME NOT NULL DEFAULT CURRENT_TIMESTAMP, INDEX idx_repo_mtimes_checked (last_checked) )"
time="2026-09-19T10:58:52-07:00" level=trace msg="returning empty result" connectTime="2026-09-19 10:58:49.061925 -0700 PDT m=+3.067769960" connectionDb=hq connectionID=6 query="CREATE TABLE IF NOT EXISTS repo_mtimes ( repo_path VARCHAR(512) PRIMARY KEY, jsonl_path VARCHAR(512) NOT NULL, mtime_ns BIGINT NOT NULL, last_checked DATETIME NOT NULL DEFAULT CURRENT_TIMESTAMP, INDEX idx_repo_mtimes_checked (last_checked) )"
time="2026-09-19T10:58:52-07:00" level=debug msg="Query finished in 14 ms" connectTime="2026-09-19 10:58:49.061925 -0700 PDT m=+3.067769960" connectionDb=hq connectionID=6 query="CREATE TABLE IF NOT EXISTS repo_mtimes ( repo_path VARCHAR(512) PRIMARY KEY, jsonl_path VARCHAR(512) NOT NULL, mtime_ns BIGINT NOT NULL, last_checked DATETIME NOT NULL DEFAULT CURRENT_TIMESTAMP, INDEX idx_repo_mtimes_checked (last_checked) )" queryTime="2026-09-19 10:58:52.10496 -0700 PDT m=+6.110793043"
time="2026-09-19T10:58:52-07:00" level=debug msg="Starting query" connectTime="2026-09-19 10:58:49.061925 -0700 PDT m=+3.067769960" connectionDb=hq connectionID=6 query="INSERT IGNORE INTO schema_migrations (version, content_hash) VALUES (11, 'bde5204466541dddb53a652fe58561c08b6b3c1fa7feb38a0a582d432d76bda6')" queryTime="2026-09-19 10:58:52.114286 -0700 PDT m=+6.120119376"
time="2026-09-19T10:58:52-07:00" level=trace msg="beginning execution" connectTime="2026-09-19 10:58:49.061925 -0700 PDT m=+3.067769960" connectionDb=hq connectionID=6 query="INSERT IGNORE INTO schema_migrations (version, content_hash) VALUES (11, 'bde5204466541dddb53a652fe58561c08b6b3c1fa7feb38a0a582d432d76bda6')" queryTime="2026-09-19 10:58:52.114407 -0700 PDT m=+6.120240210"
time="2026-09-19T10:58:52-07:00" level=trace msg="beginning new transaction" connectTime="2026-09-19 10:58:49.061925 -0700 PDT m=+3.067769960" connectionDb=hq connectionID=6 query="INSERT IGNORE INTO schema_migrations (version, content_hash) VALUES (11, 'bde5204466541dddb53a652fe58561c08b6b3c1fa7feb38a0a582d432d76bda6')"
time="2026-09-19T10:58:52-07:00" level=trace msg="committing transaction DoltTransaction" connectTime="2026-09-19 10:58:49.061925 -0700 PDT m=+3.067769960" connectionDb=hq connectionID=6 query="INSERT IGNORE INTO schema_migrations (version, content_hash) VALUES (11, 'bde5204466541dddb53a652fe58561c08b6b3c1fa7feb38a0a582d432d76bda6')"
time="2026-09-19T10:58:52-07:00" level=trace msg="returning empty result" connectTime="2026-09-19 10:58:49.061925 -0700 PDT m=+3.067769960" connectionDb=hq connectionID=6 query="INSERT IGNORE INTO schema_migrations (version, content_hash) VALUES (11, 'bde5204466541dddb53a652fe58561c08b6b3c1fa7feb38a0a582d432d76bda6')"
time="2026-09-19T10:58:52-07:00" level=debug msg="Query finished in 15 ms" connectTime="2026-09-19 10:58:49.061925 -0700 PDT m=+3.067769960" connectionDb=hq connectionID=6 query="INSERT IGNORE INTO schema_migrations (version, content_hash) VALUES (11, 'bde5204466541dddb53a652fe58561c08b6b3c1fa7feb38a0a582d432d76bda6')" queryTime="2026-09-19 10:58:52.129272 -0700 PDT m=+6.135105001"
time="2026-09-19T10:58:52-07:00" level=debug msg="Starting query" connectTime="2026-09-19 10:58:49.061925 -0700 PDT m=+3.067769960" connectionDb=hq connectionID=6 query="SELECT s.table_name, s.staged FROM dolt_status s WHERE NOT EXISTS ( SELECT 1 FROM dolt_ignore di WHERE di.ignored = 1 AND s.table_name LIKE di.pattern )" queryTime="2026-09-19 10:58:52.132204 -0700 PDT m=+6.138037585"
time="2026-09-19T10:58:52-07:00" level=trace msg="beginning execution" connectTime="2026-09-19 10:58:49.061925 -0700 PDT m=+3.067769960" connectionDb=hq connectionID=6 query="SELECT s.table_name, s.staged FROM dolt_status s WHERE NOT EXISTS ( SELECT 1 FROM dolt_ignore di WHERE di.ignored = 1 AND s.table_name LIKE di.pattern )" queryTime="2026-09-19 10:58:52.132561 -0700 PDT m=+6.138394918"
time="2026-09-19T10:58:52-07:00" level=trace msg="beginning new transaction" connectTime="2026-09-19 10:58:49.061925 -0700 PDT m=+3.067769960" connectionDb=hq connectionID=6 query="SELECT s.table_name, s.staged FROM dolt_status s WHERE NOT EXISTS ( SELECT 1 FROM dolt_ignore di WHERE di.ignored = 1 AND s.table_name LIKE di.pattern )"
time="2026-09-19T10:58:52-07:00" level=trace msg="spooling result row [TEXT(\"schema_migrations\") INT8(0)]" connectTime="2026-09-19 10:58:49.061925 -0700 PDT m=+3.067769960" connectionDb=hq connectionID=6 query="SELECT s.table_name, s.staged FROM dolt_status s WHERE NOT EXISTS ( SELECT 1 FROM dolt_ignore di WHERE di.ignored = 1 AND s.table_name LIKE di.pattern )"
time="2026-09-19T10:58:52-07:00" level=trace msg="committing transaction DoltTransaction" connectTime="2026-09-19 10:58:49.061925 -0700 PDT m=+3.067769960" connectionDb=hq connectionID=6 query="SELECT s.table_name, s.staged FROM dolt_status s WHERE NOT EXISTS ( SELECT 1 FROM dolt_ignore di WHERE di.ignored = 1 AND s.table_name LIKE di.pattern )"
time="2026-09-19T10:58:52-07:00" level=trace msg="returning result &{[name:\"table_name\" type:TEXT table:\"s\" org_table:\"s\" database:\"hq\" org_name:\"table_name\" column_length:262140 charset:255 flags:1 name:\"staged\" type:INT8 table:\"s\" org_table:\"s\" database:\"hq\" org_name:\"staged\" column_length:4 charset:255 flags:1] 1 0  [[TEXT(\"schema_migrations\") INT8(0)]] <nil>}" connectTime="2026-09-19 10:58:49.061925 -0700 PDT m=+3.067769960" connectionDb=hq connectionID=6 query="SELECT s.table_name, s.staged FROM dolt_status s WHERE NOT EXISTS ( SELECT 1 FROM dolt_ignore di WHERE di.ignored = 1 AND s.table_name LIKE di.pattern )"
time="2026-09-19T10:58:52-07:00" level=debug msg="Query finished in 19 ms" connectTime="2026-09-19 10:58:49.061925 -0700 PDT m=+3.067769960" connectionDb=hq connectionID=6 query="SELECT s.table_name, s.staged FROM dolt_status s WHERE NOT EXISTS ( SELECT 1 FROM dolt_ignore di WHERE di.ignored = 1 AND s.table_name LIKE di.pattern )" queryTime="2026-09-19 10:58:52.151596 -0700 PDT m=+6.157429126"
time="2026-09-19T10:58:52-07:00" level=debug msg="Starting query" connectTime="2026-09-19 10:58:49.061925 -0700 PDT m=+3.067769960" connectionDb=hq connectionID=6 query="CALL DOLT_ADD('-f', 'schema_migrations')" queryTime="2026-09-19 10:58:52.153073 -0700 PDT m=+6.158906335"
time="2026-09-19T10:58:52-07:00" level=trace msg="beginning execution" connectTime="2026-09-19 10:58:49.061925 -0700 PDT m=+3.067769960" connectionDb=hq connectionID=6 query="CALL DOLT_ADD('-f', 'schema_migrations')" queryTime="2026-09-19 10:58:52.153169 -0700 PDT m=+6.159001918"
time="2026-09-19T10:58:52-07:00" level=trace msg="beginning new transaction" connectTime="2026-09-19 10:58:49.061925 -0700 PDT m=+3.067769960" connectionDb=hq connectionID=6 query="CALL DOLT_ADD('-f', 'schema_migrations')"
time="2026-09-19T10:58:52-07:00" level=trace msg="spooling result row [INT64(0)]" connectTime="2026-09-19 10:58:49.061925 -0700 PDT m=+3.067769960" connectionDb=hq connectionID=6 query="CALL DOLT_ADD('-f', 'schema_migrations')"
time="2026-09-19T10:58:52-07:00" level=trace msg="committing transaction DoltTransaction" connectTime="2026-09-19 10:58:49.061925 -0700 PDT m=+3.067769960" connectionDb=hq connectionID=6 query="CALL DOLT_ADD('-f', 'schema_migrations')"
time="2026-09-19T10:58:52-07:00" level=trace msg="returning result &{[name:\"status\" type:INT64 org_name:\"status\" column_length:20 charset:255 flags:1] 1 0  [[INT64(0)]] <nil>}" connectTime="2026-09-19 10:58:49.061925 -0700 PDT m=+3.067769960" connectionDb=hq connectionID=6 query="CALL DOLT_ADD('-f', 'schema_migrations')"
time="2026-09-19T10:58:52-07:00" level=debug msg="Query finished in 10 ms" connectTime="2026-09-19 10:58:49.061925 -0700 PDT m=+3.067769960" connectionDb=hq connectionID=6 query="CALL DOLT_ADD('-f', 'schema_migrations')" queryTime="2026-09-19 10:58:52.16359 -0700 PDT m=+6.169423126"
time="2026-09-19T10:58:52-07:00" level=debug msg="Starting query" connectTime="2026-09-19 10:58:49.061925 -0700 PDT m=+3.067769960" connectionDb=hq connectionID=6 query="CALL DOLT_COMMIT('-m', 'schema: apply migration 0011_create_repo_mtimes.up.sql')" queryTime="2026-09-19 10:58:52.165513 -0700 PDT m=+6.171346210"
time="2026-09-19T10:58:52-07:00" level=trace msg="beginning execution" connectTime="2026-09-19 10:58:49.061925 -0700 PDT m=+3.067769960" connectionDb=hq connectionID=6 query="CALL DOLT_COMMIT('-m', 'schema: apply migration 0011_create_repo_mtimes.up.sql')" queryTime="2026-09-19 10:58:52.165629 -0700 PDT m=+6.171462585"
time="2026-09-19T10:58:52-07:00" level=trace msg="beginning new transaction" connectTime="2026-09-19 10:58:49.061925 -0700 PDT m=+3.067769960" connectionDb=hq connectionID=6 query="CALL DOLT_COMMIT('-m', 'schema: apply migration 0011_create_repo_mtimes.up.sql')"
time="2026-09-19T10:58:52-07:00" level=trace msg="spooling result row [TEXT(\"s1sfnf0p28m8ot3vcthtvapduhg516n2\")]" connectTime="2026-09-19 10:58:49.061925 -0700 PDT m=+3.067769960" connectionDb=hq connectionID=6 query="CALL DOLT_COMMIT('-m', 'schema: apply migration 0011_create_repo_mtimes.up.sql')"
time="2026-09-19T10:58:52-07:00" level=trace msg="returning result &{[name:\"hash\" type:TEXT org_name:\"hash\" column_length:4294967295 charset:255 flags:1] 1 0  [[TEXT(\"s1sfnf0p28m8ot3vcthtvapduhg516n2\")]] <nil>}" connectTime="2026-09-19 10:58:49.061925 -0700 PDT m=+3.067769960" connectionDb=hq connectionID=6 query="CALL DOLT_COMMIT('-m', 'schema: apply migration 0011_create_repo_mtimes.up.sql')"
time="2026-09-19T10:58:52-07:00" level=debug msg="Query finished in 14 ms" connectTime="2026-09-19 10:58:49.061925 -0700 PDT m=+3.067769960" connectionDb=hq connectionID=6 query="CALL DOLT_COMMIT('-m', 'schema: apply migration 0011_create_repo_mtimes.up.sql')" queryTime="2026-09-19 10:58:52.180006 -0700 PDT m=+6.185839043"
time="2026-09-19T10:58:52-07:00" level=debug msg="Starting query" connectTime="2026-09-19 10:58:49.061925 -0700 PDT m=+3.067769960" connectionDb=hq connectionID=6 query="SELECT s.table_name, s.staged FROM dolt_status s WHERE NOT EXISTS ( SELECT 1 FROM dolt_ignore di WHERE di.ignored = 1 AND s.table_name LIKE di.pattern )" queryTime="2026-09-19 10:58:52.182477 -0700 PDT m=+6.188310126"
time="2026-09-19T10:58:52-07:00" level=trace msg="beginning execution" connectTime="2026-09-19 10:58:49.061925 -0700 PDT m=+3.067769960" connectionDb=hq connectionID=6 query="SELECT s.table_name, s.staged FROM dolt_status s WHERE NOT EXISTS ( SELECT 1 FROM dolt_ignore di WHERE di.ignored = 1 AND s.table_name LIKE di.pattern )" queryTime="2026-09-19 10:58:52.183138 -0700 PDT m=+6.188971501"
time="2026-09-19T10:58:52-07:00" level=trace msg="beginning new transaction" connectTime="2026-09-19 10:58:49.061925 -0700 PDT m=+3.067769960" connectionDb=hq connectionID=6 query="SELECT s.table_name, s.staged FROM dolt_status s WHERE NOT EXISTS ( SELECT 1 FROM dolt_ignore di WHERE di.ignored = 1 AND s.table_name LIKE di.pattern )"
time="2026-09-19T10:58:52-07:00" level=trace msg="committing transaction DoltTransaction" connectTime="2026-09-19 10:58:49.061925 -0700 PDT m=+3.067769960" connectionDb=hq connectionID=6 query="SELECT s.table_name, s.staged FROM dolt_status s WHERE NOT EXISTS ( SELECT 1 FROM dolt_ignore di WHERE di.ignored = 1 AND s.table_name LIKE di.pattern )"
time="2026-09-19T10:58:52-07:00" level=trace msg="returning empty result" connectTime="2026-09-19 10:58:49.061925 -0700 PDT m=+3.067769960" connectionDb=hq connectionID=6 query="SELECT s.table_name, s.staged FROM dolt_status s WHERE NOT EXISTS ( SELECT 1 FROM dolt_ignore di WHERE di.ignored = 1 AND s.table_name LIKE di.pattern )"
time="2026-09-19T10:58:52-07:00" level=debug msg="Query finished in 12 ms" connectTime="2026-09-19 10:58:49.061925 -0700 PDT m=+3.067769960" connectionDb=hq connectionID=6 query="SELECT s.table_name, s.staged FROM dolt_status s WHERE NOT EXISTS ( SELECT 1 FROM dolt_ignore di WHERE di.ignored = 1 AND s.table_name LIKE di.pattern )" queryTime="2026-09-19 10:58:52.194946 -0700 PDT m=+6.200778918"
time="2026-09-19T10:58:52-07:00" level=debug msg="Starting query" connectTime="2026-09-19 10:58:49.061925 -0700 PDT m=+3.067769960" connectionDb=hq connectionID=6 query="CREATE TABLE IF NOT EXISTS routes ( prefix VARCHAR(32) PRIMARY KEY, path VARCHAR(512) NOT NULL, created_at DATETIME NOT NULL DEFAULT CURRENT_TIMESTAMP, updated_at DATETIME NOT NULL DEFAULT CURRENT_TIMESTAMP ON UPDATE CURRENT_TIMESTAMP )" queryTime="2026-09-19 10:58:52.198032 -0700 PDT m=+6.203865293"
time="2026-09-19T10:58:52-07:00" level=trace msg="beginning execution" connectTime="2026-09-19 10:58:49.061925 -0700 PDT m=+3.067769960" connectionDb=hq connectionID=6 query="CREATE TABLE IF NOT EXISTS routes ( prefix VARCHAR(32) PRIMARY KEY, path VARCHAR(512) NOT NULL, created_at DATETIME NOT NULL DEFAULT CURRENT_TIMESTAMP, updated_at DATETIME NOT NULL DEFAULT CURRENT_TIMESTAMP ON UPDATE CURRENT_TIMESTAMP )" queryTime="2026-09-19 10:58:52.198207 -0700 PDT m=+6.204039835"
time="2026-09-19T10:58:52-07:00" level=trace msg="beginning new transaction" connectTime="2026-09-19 10:58:49.061925 -0700 PDT m=+3.067769960" connectionDb=hq connectionID=6 query="CREATE TABLE IF NOT EXISTS routes ( prefix VARCHAR(32) PRIMARY KEY, path VARCHAR(512) NOT NULL, created_at DATETIME NOT NULL DEFAULT CURRENT_TIMESTAMP, updated_at DATETIME NOT NULL DEFAULT CURRENT_TIMESTAMP ON UPDATE CURRENT_TIMESTAMP )"
time="2026-09-19T10:58:52-07:00" level=trace msg="committing transaction DoltTransaction" connectTime="2026-09-19 10:58:49.061925 -0700 PDT m=+3.067769960" connectionDb=hq connectionID=6 query="CREATE TABLE IF NOT EXISTS routes ( prefix VARCHAR(32) PRIMARY KEY, path VARCHAR(512) NOT NULL, created_at DATETIME NOT NULL DEFAULT CURRENT_TIMESTAMP, updated_at DATETIME NOT NULL DEFAULT CURRENT_TIMESTAMP ON UPDATE CURRENT_TIMESTAMP )"
time="2026-09-19T10:58:52-07:00" level=trace msg="returning empty result" connectTime="2026-09-19 10:58:49.061925 -0700 PDT m=+3.067769960" connectionDb=hq connectionID=6 query="CREATE TABLE IF NOT EXISTS routes ( prefix VARCHAR(32) PRIMARY KEY, path VARCHAR(512) NOT NULL, created_at DATETIME NOT NULL DEFAULT CURRENT_TIMESTAMP, updated_at DATETIME NOT NULL DEFAULT CURRENT_TIMESTAMP ON UPDATE CURRENT_TIMESTAMP )"
time="2026-09-19T10:58:52-07:00" level=debug msg="Query finished in 15 ms" connectTime="2026-09-19 10:58:49.061925 -0700 PDT m=+3.067769960" connectionDb=hq connectionID=6 query="CREATE TABLE IF NOT EXISTS routes ( prefix VARCHAR(32) PRIMARY KEY, path VARCHAR(512) NOT NULL, created_at DATETIME NOT NULL DEFAULT CURRENT_TIMESTAMP, updated_at DATETIME NOT NULL DEFAULT CURRENT_TIMESTAMP ON UPDATE CURRENT_TIMESTAMP )" queryTime="2026-09-19 10:58:52.212847 -0700 PDT m=+6.218680043"
time="2026-09-19T10:58:52-07:00" level=debug msg="Starting query" connectTime="2026-09-19 10:58:49.061925 -0700 PDT m=+3.067769960" connectionDb=hq connectionID=6 query="INSERT IGNORE INTO schema_migrations (version, content_hash) VALUES (12, '68e8ef1fc336e8ca6973f6b927b09d3206a7ebd96db9c4cdceab52fb8498c431')" queryTime="2026-09-19 10:58:52.21381 -0700 PDT m=+6.219642876"
time="2026-09-19T10:58:52-07:00" level=trace msg="beginning execution" connectTime="2026-09-19 10:58:49.061925 -0700 PDT m=+3.067769960" connectionDb=hq connectionID=6 query="INSERT IGNORE INTO schema_migrations (version, content_hash) VALUES (12, '68e8ef1fc336e8ca6973f6b927b09d3206a7ebd96db9c4cdceab52fb8498c431')" queryTime="2026-09-19 10:58:52.213899 -0700 PDT m=+6.219732251"
time="2026-09-19T10:58:52-07:00" level=trace msg="beginning new transaction" connectTime="2026-09-19 10:58:49.061925 -0700 PDT m=+3.067769960" connectionDb=hq connectionID=6 query="INSERT IGNORE INTO schema_migrations (version, content_hash) VALUES (12, '68e8ef1fc336e8ca6973f6b927b09d3206a7ebd96db9c4cdceab52fb8498c431')"
time="2026-09-19T10:58:52-07:00" level=trace msg="committing transaction DoltTransaction" connectTime="2026-09-19 10:58:49.061925 -0700 PDT m=+3.067769960" connectionDb=hq connectionID=6 query="INSERT IGNORE INTO schema_migrations (version, content_hash) VALUES (12, '68e8ef1fc336e8ca6973f6b927b09d3206a7ebd96db9c4cdceab52fb8498c431')"
time="2026-09-19T10:58:52-07:00" level=trace msg="returning empty result" connectTime="2026-09-19 10:58:49.061925 -0700 PDT m=+3.067769960" connectionDb=hq connectionID=6 query="INSERT IGNORE INTO schema_migrations (version, content_hash) VALUES (12, '68e8ef1fc336e8ca6973f6b927b09d3206a7ebd96db9c4cdceab52fb8498c431')"
time="2026-09-19T10:58:52-07:00" level=debug msg="Query finished in 7 ms" connectTime="2026-09-19 10:58:49.061925 -0700 PDT m=+3.067769960" connectionDb=hq connectionID=6 query="INSERT IGNORE INTO schema_migrations (version, content_hash) VALUES (12, '68e8ef1fc336e8ca6973f6b927b09d3206a7ebd96db9c4cdceab52fb8498c431')" queryTime="2026-09-19 10:58:52.221085 -0700 PDT m=+6.226917793"
time="2026-09-19T10:58:52-07:00" level=debug msg="Starting query" connectTime="2026-09-19 10:58:49.061925 -0700 PDT m=+3.067769960" connectionDb=hq connectionID=6 query="SELECT s.table_name, s.staged FROM dolt_status s WHERE NOT EXISTS ( SELECT 1 FROM dolt_ignore di WHERE di.ignored = 1 AND s.table_name LIKE di.pattern )" queryTime="2026-09-19 10:58:52.22416 -0700 PDT m=+6.229992918"
time="2026-09-19T10:58:52-07:00" level=trace msg="beginning execution" connectTime="2026-09-19 10:58:49.061925 -0700 PDT m=+3.067769960" connectionDb=hq connectionID=6 query="SELECT s.table_name, s.staged FROM dolt_status s WHERE NOT EXISTS ( SELECT 1 FROM dolt_ignore di WHERE di.ignored = 1 AND s.table_name LIKE di.pattern )" queryTime="2026-09-19 10:58:52.224309 -0700 PDT m=+6.230141668"
time="2026-09-19T10:58:52-07:00" level=trace msg="beginning new transaction" connectTime="2026-09-19 10:58:49.061925 -0700 PDT m=+3.067769960" connectionDb=hq connectionID=6 query="SELECT s.table_name, s.staged FROM dolt_status s WHERE NOT EXISTS ( SELECT 1 FROM dolt_ignore di WHERE di.ignored = 1 AND s.table_name LIKE di.pattern )"
time="2026-09-19T10:58:52-07:00" level=trace msg="spooling result row [TEXT(\"routes\") INT8(0)]" connectTime="2026-09-19 10:58:49.061925 -0700 PDT m=+3.067769960" connectionDb=hq connectionID=6 query="SELECT s.table_name, s.staged FROM dolt_status s WHERE NOT EXISTS ( SELECT 1 FROM dolt_ignore di WHERE di.ignored = 1 AND s.table_name LIKE di.pattern )"
time="2026-09-19T10:58:52-07:00" level=trace msg="spooling result row [TEXT(\"schema_migrations\") INT8(0)]" connectTime="2026-09-19 10:58:49.061925 -0700 PDT m=+3.067769960" connectionDb=hq connectionID=6 query="SELECT s.table_name, s.staged FROM dolt_status s WHERE NOT EXISTS ( SELECT 1 FROM dolt_ignore di WHERE di.ignored = 1 AND s.table_name LIKE di.pattern )"
time="2026-09-19T10:58:52-07:00" level=trace msg="committing transaction DoltTransaction" connectTime="2026-09-19 10:58:49.061925 -0700 PDT m=+3.067769960" connectionDb=hq connectionID=6 query="SELECT s.table_name, s.staged FROM dolt_status s WHERE NOT EXISTS ( SELECT 1 FROM dolt_ignore di WHERE di.ignored = 1 AND s.table_name LIKE di.pattern )"
time="2026-09-19T10:58:52-07:00" level=debug msg="Query finished in 13 ms" connectTime="2026-09-19 10:58:49.061925 -0700 PDT m=+3.067769960" connectionDb=hq connectionID=6 query="SELECT s.table_name, s.staged FROM dolt_status s WHERE NOT EXISTS ( SELECT 1 FROM dolt_ignore di WHERE di.ignored = 1 AND s.table_name LIKE di.pattern )" queryTime="2026-09-19 10:58:52.237491 -0700 PDT m=+6.243324126"
time="2026-09-19T10:58:52-07:00" level=debug msg="Starting query" connectTime="2026-09-19 10:58:49.061925 -0700 PDT m=+3.067769960" connectionDb=hq connectionID=6 query="CALL DOLT_ADD('-f', 'routes')" queryTime="2026-09-19 10:58:52.243269 -0700 PDT m=+6.249102251"
time="2026-09-19T10:58:52-07:00" level=trace msg="beginning execution" connectTime="2026-09-19 10:58:49.061925 -0700 PDT m=+3.067769960" connectionDb=hq connectionID=6 query="CALL DOLT_ADD('-f', 'routes')" queryTime="2026-09-19 10:58:52.243446 -0700 PDT m=+6.249278543"
time="2026-09-19T10:58:52-07:00" level=trace msg="beginning new transaction" connectTime="2026-09-19 10:58:49.061925 -0700 PDT m=+3.067769960" connectionDb=hq connectionID=6 query="CALL DOLT_ADD('-f', 'routes')"
time="2026-09-19T10:58:52-07:00" level=trace msg="spooling result row [INT64(0)]" connectTime="2026-09-19 10:58:49.061925 -0700 PDT m=+3.067769960" connectionDb=hq connectionID=6 query="CALL DOLT_ADD('-f', 'routes')"
time="2026-09-19T10:58:52-07:00" level=trace msg="committing transaction DoltTransaction" connectTime="2026-09-19 10:58:49.061925 -0700 PDT m=+3.067769960" connectionDb=hq connectionID=6 query="CALL DOLT_ADD('-f', 'routes')"
time="2026-09-19T10:58:52-07:00" level=trace msg="returning result &{[name:\"status\" type:INT64 org_name:\"status\" column_length:20 charset:255 flags:1] 1 0  [[INT64(0)]] <nil>}" connectTime="2026-09-19 10:58:49.061925 -0700 PDT m=+3.067769960" connectionDb=hq connectionID=6 query="CALL DOLT_ADD('-f', 'routes')"
time="2026-09-19T10:58:52-07:00" level=debug msg="Query finished in 13 ms" connectTime="2026-09-19 10:58:49.061925 -0700 PDT m=+3.067769960" connectionDb=hq connectionID=6 query="CALL DOLT_ADD('-f', 'routes')" queryTime="2026-09-19 10:58:52.25565 -0700 PDT m=+6.261482376"
time="2026-09-19T10:58:52-07:00" level=debug msg="Starting query" connectTime="2026-09-19 10:58:49.061925 -0700 PDT m=+3.067769960" connectionDb=hq connectionID=6 query="CALL DOLT_ADD('-f', 'schema_migrations')" queryTime="2026-09-19 10:58:52.258366 -0700 PDT m=+6.264199085"
time="2026-09-19T10:58:52-07:00" level=trace msg="beginning execution" connectTime="2026-09-19 10:58:49.061925 -0700 PDT m=+3.067769960" connectionDb=hq connectionID=6 query="CALL DOLT_ADD('-f', 'schema_migrations')" queryTime="2026-09-19 10:58:52.258589 -0700 PDT m=+6.264421626"
time="2026-09-19T10:58:52-07:00" level=trace msg="beginning new transaction" connectTime="2026-09-19 10:58:49.061925 -0700 PDT m=+3.067769960" connectionDb=hq connectionID=6 query="CALL DOLT_ADD('-f', 'schema_migrations')"
time="2026-09-19T10:58:52-07:00" level=trace msg="spooling result row [INT64(0)]" connectTime="2026-09-19 10:58:49.061925 -0700 PDT m=+3.067769960" connectionDb=hq connectionID=6 query="CALL DOLT_ADD('-f', 'schema_migrations')"
time="2026-09-19T10:58:52-07:00" level=trace msg="committing transaction DoltTransaction" connectTime="2026-09-19 10:58:49.061925 -0700 PDT m=+3.067769960" connectionDb=hq connectionID=6 query="CALL DOLT_ADD('-f', 'schema_migrations')"
time="2026-09-19T10:58:52-07:00" level=trace msg="returning result &{[name:\"status\" type:INT64 org_name:\"status\" column_length:20 charset:255 flags:1] 1 0  [[INT64(0)]] <nil>}" connectTime="2026-09-19 10:58:49.061925 -0700 PDT m=+3.067769960" connectionDb=hq connectionID=6 query="CALL DOLT_ADD('-f', 'schema_migrations')"
time="2026-09-19T10:58:52-07:00" level=debug msg="Query finished in 22 ms" connectTime="2026-09-19 10:58:49.061925 -0700 PDT m=+3.067769960" connectionDb=hq connectionID=6 query="CALL DOLT_ADD('-f', 'schema_migrations')" queryTime="2026-09-19 10:58:52.281184 -0700 PDT m=+6.287016418"
time="2026-09-19T10:58:52-07:00" level=debug msg="Starting query" connectTime="2026-09-19 10:58:49.061925 -0700 PDT m=+3.067769960" connectionDb=hq connectionID=6 query="CALL DOLT_COMMIT('-m', 'schema: apply migration 0012_create_routes.up.sql')" queryTime="2026-09-19 10:58:52.282269 -0700 PDT m=+6.288101668"
time="2026-09-19T10:58:52-07:00" level=trace msg="beginning execution" connectTime="2026-09-19 10:58:49.061925 -0700 PDT m=+3.067769960" connectionDb=hq connectionID=6 query="CALL DOLT_COMMIT('-m', 'schema: apply migration 0012_create_routes.up.sql')" queryTime="2026-09-19 10:58:52.282327 -0700 PDT m=+6.288159668"
time="2026-09-19T10:58:52-07:00" level=trace msg="beginning new transaction" connectTime="2026-09-19 10:58:49.061925 -0700 PDT m=+3.067769960" connectionDb=hq connectionID=6 query="CALL DOLT_COMMIT('-m', 'schema: apply migration 0012_create_routes.up.sql')"
time="2026-09-19T10:58:52-07:00" level=trace msg="spooling result row [TEXT(\"k2jn78tosqrvpe281sqleg2kjlspfbtc\")]" connectTime="2026-09-19 10:58:49.061925 -0700 PDT m=+3.067769960" connectionDb=hq connectionID=6 query="CALL DOLT_COMMIT('-m', 'schema: apply migration 0012_create_routes.up.sql')"
time="2026-09-19T10:58:52-07:00" level=trace msg="returning result &{[name:\"hash\" type:TEXT org_name:\"hash\" column_length:4294967295 charset:255 flags:1] 1 0  [[TEXT(\"k2jn78tosqrvpe281sqleg2kjlspfbtc\")]] <nil>}" connectTime="2026-09-19 10:58:49.061925 -0700 PDT m=+3.067769960" connectionDb=hq connectionID=6 query="CALL DOLT_COMMIT('-m', 'schema: apply migration 0012_create_routes.up.sql')"
time="2026-09-19T10:58:52-07:00" level=debug msg="Query finished in 14 ms" connectTime="2026-09-19 10:58:49.061925 -0700 PDT m=+3.067769960" connectionDb=hq connectionID=6 query="CALL DOLT_COMMIT('-m', 'schema: apply migration 0012_create_routes.up.sql')" queryTime="2026-09-19 10:58:52.296712 -0700 PDT m=+6.302544876"
time="2026-09-19T10:58:52-07:00" level=debug msg="Starting query" connectTime="2026-09-19 10:58:49.061925 -0700 PDT m=+3.067769960" connectionDb=hq connectionID=6 query="SELECT s.table_name, s.staged FROM dolt_status s WHERE NOT EXISTS ( SELECT 1 FROM dolt_ignore di WHERE di.ignored = 1 AND s.table_name LIKE di.pattern )" queryTime="2026-09-19 10:58:52.298241 -0700 PDT m=+6.304073668"
time="2026-09-19T10:58:52-07:00" level=trace msg="beginning execution" connectTime="2026-09-19 10:58:49.061925 -0700 PDT m=+3.067769960" connectionDb=hq connectionID=6 query="SELECT s.table_name, s.staged FROM dolt_status s WHERE NOT EXISTS ( SELECT 1 FROM dolt_ignore di WHERE di.ignored = 1 AND s.table_name LIKE di.pattern )" queryTime="2026-09-19 10:58:52.298376 -0700 PDT m=+6.304208168"
time="2026-09-19T10:58:52-07:00" level=trace msg="beginning new transaction" connectTime="2026-09-19 10:58:49.061925 -0700 PDT m=+3.067769960" connectionDb=hq connectionID=6 query="SELECT s.table_name, s.staged FROM dolt_status s WHERE NOT EXISTS ( SELECT 1 FROM dolt_ignore di WHERE di.ignored = 1 AND s.table_name LIKE di.pattern )"
time="2026-09-19T10:58:52-07:00" level=trace msg="committing transaction DoltTransaction" connectTime="2026-09-19 10:58:49.061925 -0700 PDT m=+3.067769960" connectionDb=hq connectionID=6 query="SELECT s.table_name, s.staged FROM dolt_status s WHERE NOT EXISTS ( SELECT 1 FROM dolt_ignore di WHERE di.ignored = 1 AND s.table_name LIKE di.pattern )"
time="2026-09-19T10:58:52-07:00" level=trace msg="returning empty result" connectTime="2026-09-19 10:58:49.061925 -0700 PDT m=+3.067769960" connectionDb=hq connectionID=6 query="SELECT s.table_name, s.staged FROM dolt_status s WHERE NOT EXISTS ( SELECT 1 FROM dolt_ignore di WHERE di.ignored = 1 AND s.table_name LIKE di.pattern )"
time="2026-09-19T10:58:52-07:00" level=debug msg="Query finished in 10 ms" connectTime="2026-09-19 10:58:49.061925 -0700 PDT m=+3.067769960" connectionDb=hq connectionID=6 query="SELECT s.table_name, s.staged FROM dolt_status s WHERE NOT EXISTS ( SELECT 1 FROM dolt_ignore di WHERE di.ignored = 1 AND s.table_name LIKE di.pattern )" queryTime="2026-09-19 10:58:52.308159 -0700 PDT m=+6.313992001"
time="2026-09-19T10:58:52-07:00" level=debug msg="Starting query" connectTime="2026-09-19 10:58:49.061925 -0700 PDT m=+3.067769960" connectionDb=hq connectionID=6 query="CREATE TABLE IF NOT EXISTS issue_counter ( prefix VARCHAR(255) PRIMARY KEY, last_id INT NOT NULL DEFAULT 0 )" queryTime="2026-09-19 10:58:52.312848 -0700 PDT m=+6.318680293"
time="2026-09-19T10:58:52-07:00" level=trace msg="beginning execution" connectTime="2026-09-19 10:58:49.061925 -0700 PDT m=+3.067769960" connectionDb=hq connectionID=6 query="CREATE TABLE IF NOT EXISTS issue_counter ( prefix VARCHAR(255) PRIMARY KEY, last_id INT NOT NULL DEFAULT 0 )" queryTime="2026-09-19 10:58:52.312964 -0700 PDT m=+6.318796793"
time="2026-09-19T10:58:52-07:00" level=trace msg="beginning new transaction" connectTime="2026-09-19 10:58:49.061925 -0700 PDT m=+3.067769960" connectionDb=hq connectionID=6 query="CREATE TABLE IF NOT EXISTS issue_counter ( prefix VARCHAR(255) PRIMARY KEY, last_id INT NOT NULL DEFAULT 0 )"
time="2026-09-19T10:58:52-07:00" level=trace msg="committing transaction DoltTransaction" connectTime="2026-09-19 10:58:49.061925 -0700 PDT m=+3.067769960" connectionDb=hq connectionID=6 query="CREATE TABLE IF NOT EXISTS issue_counter ( prefix VARCHAR(255) PRIMARY KEY, last_id INT NOT NULL DEFAULT 0 )"
time="2026-09-19T10:58:52-07:00" level=trace msg="returning empty result" connectTime="2026-09-19 10:58:49.061925 -0700 PDT m=+3.067769960" connectionDb=hq connectionID=6 query="CREATE TABLE IF NOT EXISTS issue_counter ( prefix VARCHAR(255) PRIMARY KEY, last_id INT NOT NULL DEFAULT 0 )"
time="2026-09-19T10:58:52-07:00" level=debug msg="Query finished in 12 ms" connectTime="2026-09-19 10:58:49.061925 -0700 PDT m=+3.067769960" connectionDb=hq connectionID=6 query="CREATE TABLE IF NOT EXISTS issue_counter ( prefix VARCHAR(255) PRIMARY KEY, last_id INT NOT NULL DEFAULT 0 )" queryTime="2026-09-19 10:58:52.324618 -0700 PDT m=+6.330450043"
time="2026-09-19T10:58:52-07:00" level=debug msg="Starting query" connectTime="2026-09-19 10:58:49.061925 -0700 PDT m=+3.067769960" connectionDb=hq connectionID=6 query="INSERT IGNORE INTO schema_migrations (version, content_hash) VALUES (13, '7ddb30dabe32a66197de78f62400f41d000cf43d0ba8ba2a3943536504dddcdb')" queryTime="2026-09-19 10:58:52.330953 -0700 PDT m=+6.336785043"
time="2026-09-19T10:58:52-07:00" level=trace msg="beginning execution" connectTime="2026-09-19 10:58:49.061925 -0700 PDT m=+3.067769960" connectionDb=hq connectionID=6 query="INSERT IGNORE INTO schema_migrations (version, content_hash) VALUES (13, '7ddb30dabe32a66197de78f62400f41d000cf43d0ba8ba2a3943536504dddcdb')" queryTime="2026-09-19 10:58:52.331216 -0700 PDT m=+6.337048001"
time="2026-09-19T10:58:52-07:00" level=trace msg="beginning new transaction" connectTime="2026-09-19 10:58:49.061925 -0700 PDT m=+3.067769960" connectionDb=hq connectionID=6 query="INSERT IGNORE INTO schema_migrations (version, content_hash) VALUES (13, '7ddb30dabe32a66197de78f62400f41d000cf43d0ba8ba2a3943536504dddcdb')"
time="2026-09-19T10:58:52-07:00" level=trace msg="committing transaction DoltTransaction" connectTime="2026-09-19 10:58:49.061925 -0700 PDT m=+3.067769960" connectionDb=hq connectionID=6 query="INSERT IGNORE INTO schema_migrations (version, content_hash) VALUES (13, '7ddb30dabe32a66197de78f62400f41d000cf43d0ba8ba2a3943536504dddcdb')"
time="2026-09-19T10:58:52-07:00" level=trace msg="returning empty result" connectTime="2026-09-19 10:58:49.061925 -0700 PDT m=+3.067769960" connectionDb=hq connectionID=6 query="INSERT IGNORE INTO schema_migrations (version, content_hash) VALUES (13, '7ddb30dabe32a66197de78f62400f41d000cf43d0ba8ba2a3943536504dddcdb')"
time="2026-09-19T10:58:52-07:00" level=debug msg="Query finished in 9 ms" connectTime="2026-09-19 10:58:49.061925 -0700 PDT m=+3.067769960" connectionDb=hq connectionID=6 query="INSERT IGNORE INTO schema_migrations (version, content_hash) VALUES (13, '7ddb30dabe32a66197de78f62400f41d000cf43d0ba8ba2a3943536504dddcdb')" queryTime="2026-09-19 10:58:52.339981 -0700 PDT m=+6.345813376"
time="2026-09-19T10:58:52-07:00" level=debug msg="Starting query" connectTime="2026-09-19 10:58:49.061925 -0700 PDT m=+3.067769960" connectionDb=hq connectionID=6 query="SELECT s.table_name, s.staged FROM dolt_status s WHERE NOT EXISTS ( SELECT 1 FROM dolt_ignore di WHERE di.ignored = 1 AND s.table_name LIKE di.pattern )" queryTime="2026-09-19 10:58:52.342595 -0700 PDT m=+6.348427126"
time="2026-09-19T10:58:52-07:00" level=trace msg="beginning execution" connectTime="2026-09-19 10:58:49.061925 -0700 PDT m=+3.067769960" connectionDb=hq connectionID=6 query="SELECT s.table_name, s.staged FROM dolt_status s WHERE NOT EXISTS ( SELECT 1 FROM dolt_ignore di WHERE di.ignored = 1 AND s.table_name LIKE di.pattern )" queryTime="2026-09-19 10:58:52.342706 -0700 PDT m=+6.348538418"
time="2026-09-19T10:58:52-07:00" level=trace msg="beginning new transaction" connectTime="2026-09-19 10:58:49.061925 -0700 PDT m=+3.067769960" connectionDb=hq connectionID=6 query="SELECT s.table_name, s.staged FROM dolt_status s WHERE NOT EXISTS ( SELECT 1 FROM dolt_ignore di WHERE di.ignored = 1 AND s.table_name LIKE di.pattern )"
time="2026-09-19T10:58:52-07:00" level=trace msg="spooling result row [TEXT(\"issue_counter\") INT8(0)]" connectTime="2026-09-19 10:58:49.061925 -0700 PDT m=+3.067769960" connectionDb=hq connectionID=6 query="SELECT s.table_name, s.staged FROM dolt_status s WHERE NOT EXISTS ( SELECT 1 FROM dolt_ignore di WHERE di.ignored = 1 AND s.table_name LIKE di.pattern )"
time="2026-09-19T10:58:52-07:00" level=trace msg="spooling result row [TEXT(\"schema_migrations\") INT8(0)]" connectTime="2026-09-19 10:58:49.061925 -0700 PDT m=+3.067769960" connectionDb=hq connectionID=6 query="SELECT s.table_name, s.staged FROM dolt_status s WHERE NOT EXISTS ( SELECT 1 FROM dolt_ignore di WHERE di.ignored = 1 AND s.table_name LIKE di.pattern )"
time="2026-09-19T10:58:52-07:00" level=trace msg="committing transaction DoltTransaction" connectTime="2026-09-19 10:58:49.061925 -0700 PDT m=+3.067769960" connectionDb=hq connectionID=6 query="SELECT s.table_name, s.staged FROM dolt_status s WHERE NOT EXISTS ( SELECT 1 FROM dolt_ignore di WHERE di.ignored = 1 AND s.table_name LIKE di.pattern )"
time="2026-09-19T10:58:52-07:00" level=debug msg="Query finished in 18 ms" connectTime="2026-09-19 10:58:49.061925 -0700 PDT m=+3.067769960" connectionDb=hq connectionID=6 query="SELECT s.table_name, s.staged FROM dolt_status s WHERE NOT EXISTS ( SELECT 1 FROM dolt_ignore di WHERE di.ignored = 1 AND s.table_name LIKE di.pattern )" queryTime="2026-09-19 10:58:52.360489 -0700 PDT m=+6.366321793"
time="2026-09-19T10:58:52-07:00" level=debug msg="Starting query" connectTime="2026-09-19 10:58:49.061925 -0700 PDT m=+3.067769960" connectionDb=hq connectionID=6 query="CALL DOLT_ADD('-f', 'issue_counter')" queryTime="2026-09-19 10:58:52.364136 -0700 PDT m=+6.369968251"
time="2026-09-19T10:58:52-07:00" level=trace msg="beginning execution" connectTime="2026-09-19 10:58:49.061925 -0700 PDT m=+3.067769960" connectionDb=hq connectionID=6 query="CALL DOLT_ADD('-f', 'issue_counter')" queryTime="2026-09-19 10:58:52.364233 -0700 PDT m=+6.370065168"
time="2026-09-19T10:58:52-07:00" level=trace msg="beginning new transaction" connectTime="2026-09-19 10:58:49.061925 -0700 PDT m=+3.067769960" connectionDb=hq connectionID=6 query="CALL DOLT_ADD('-f', 'issue_counter')"
time="2026-09-19T10:58:52-07:00" level=trace msg="spooling result row [INT64(0)]" connectTime="2026-09-19 10:58:49.061925 -0700 PDT m=+3.067769960" connectionDb=hq connectionID=6 query="CALL DOLT_ADD('-f', 'issue_counter')"
time="2026-09-19T10:58:52-07:00" level=trace msg="committing transaction DoltTransaction" connectTime="2026-09-19 10:58:49.061925 -0700 PDT m=+3.067769960" connectionDb=hq connectionID=6 query="CALL DOLT_ADD('-f', 'issue_counter')"
time="2026-09-19T10:58:52-07:00" level=trace msg="returning result &{[name:\"status\" type:INT64 org_name:\"status\" column_length:20 charset:255 flags:1] 1 0  [[INT64(0)]] <nil>}" connectTime="2026-09-19 10:58:49.061925 -0700 PDT m=+3.067769960" connectionDb=hq connectionID=6 query="CALL DOLT_ADD('-f', 'issue_counter')"
time="2026-09-19T10:58:52-07:00" level=debug msg="Query finished in 37 ms" connectTime="2026-09-19 10:58:49.061925 -0700 PDT m=+3.067769960" connectionDb=hq connectionID=6 query="CALL DOLT_ADD('-f', 'issue_counter')" queryTime="2026-09-19 10:58:52.401649 -0700 PDT m=+6.407481710"
time="2026-09-19T10:58:52-07:00" level=debug msg="Starting query" connectTime="2026-09-19 10:58:49.061925 -0700 PDT m=+3.067769960" connectionDb=hq connectionID=6 query="CALL DOLT_ADD('-f', 'schema_migrations')" queryTime="2026-09-19 10:58:52.403426 -0700 PDT m=+6.409258585"
time="2026-09-19T10:58:52-07:00" level=trace msg="beginning execution" connectTime="2026-09-19 10:58:49.061925 -0700 PDT m=+3.067769960" connectionDb=hq connectionID=6 query="CALL DOLT_ADD('-f', 'schema_migrations')" queryTime="2026-09-19 10:58:52.403523 -0700 PDT m=+6.409354835"
time="2026-09-19T10:58:52-07:00" level=trace msg="beginning new transaction" connectTime="2026-09-19 10:58:49.061925 -0700 PDT m=+3.067769960" connectionDb=hq connectionID=6 query="CALL DOLT_ADD('-f', 'schema_migrations')"
time="2026-09-19T10:58:52-07:00" level=trace msg="spooling result row [INT64(0)]" connectTime="2026-09-19 10:58:49.061925 -0700 PDT m=+3.067769960" connectionDb=hq connectionID=6 query="CALL DOLT_ADD('-f', 'schema_migrations')"
time="2026-09-19T10:58:52-07:00" level=trace msg="committing transaction DoltTransaction" connectTime="2026-09-19 10:58:49.061925 -0700 PDT m=+3.067769960" connectionDb=hq connectionID=6 query="CALL DOLT_ADD('-f', 'schema_migrations')"
time="2026-09-19T10:58:52-07:00" level=trace msg="returning result &{[name:\"status\" type:INT64 org_name:\"status\" column_length:20 charset:255 flags:1] 1 0  [[INT64(0)]] <nil>}" connectTime="2026-09-19 10:58:49.061925 -0700 PDT m=+3.067769960" connectionDb=hq connectionID=6 query="CALL DOLT_ADD('-f', 'schema_migrations')"
time="2026-09-19T10:58:52-07:00" level=debug msg="Query finished in 32 ms" connectTime="2026-09-19 10:58:49.061925 -0700 PDT m=+3.067769960" connectionDb=hq connectionID=6 query="CALL DOLT_ADD('-f', 'schema_migrations')" queryTime="2026-09-19 10:58:52.435568 -0700 PDT m=+6.441400460"
time="2026-09-19T10:58:52-07:00" level=debug msg="Starting query" connectTime="2026-09-19 10:58:49.061925 -0700 PDT m=+3.067769960" connectionDb=hq connectionID=6 query="CALL DOLT_COMMIT('-m', 'schema: apply migration 0013_create_issue_counter.up.sql')" queryTime="2026-09-19 10:58:52.442279 -0700 PDT m=+6.448111293"
time="2026-09-19T10:58:52-07:00" level=trace msg="beginning execution" connectTime="2026-09-19 10:58:49.061925 -0700 PDT m=+3.067769960" connectionDb=hq connectionID=6 query="CALL DOLT_COMMIT('-m', 'schema: apply migration 0013_create_issue_counter.up.sql')" queryTime="2026-09-19 10:58:52.44613 -0700 PDT m=+6.451961585"
time="2026-09-19T10:58:52-07:00" level=trace msg="beginning new transaction" connectTime="2026-09-19 10:58:49.061925 -0700 PDT m=+3.067769960" connectionDb=hq connectionID=6 query="CALL DOLT_COMMIT('-m', 'schema: apply migration 0013_create_issue_counter.up.sql')"
time="2026-09-19T10:58:52-07:00" level=trace msg="spooling result row [TEXT(\"3po45d75c80rgbut2osqdc4f9favrdk2\")]" connectTime="2026-09-19 10:58:49.061925 -0700 PDT m=+3.067769960" connectionDb=hq connectionID=6 query="CALL DOLT_COMMIT('-m', 'schema: apply migration 0013_create_issue_counter.up.sql')"
time="2026-09-19T10:58:52-07:00" level=trace msg="returning result &{[name:\"hash\" type:TEXT org_name:\"hash\" column_length:4294967295 charset:255 flags:1] 1 0  [[TEXT(\"3po45d75c80rgbut2osqdc4f9favrdk2\")]] <nil>}" connectTime="2026-09-19 10:58:49.061925 -0700 PDT m=+3.067769960" connectionDb=hq connectionID=6 query="CALL DOLT_COMMIT('-m', 'schema: apply migration 0013_create_issue_counter.up.sql')"
time="2026-09-19T10:58:52-07:00" level=debug msg="Query finished in 45 ms" connectTime="2026-09-19 10:58:49.061925 -0700 PDT m=+3.067769960" connectionDb=hq connectionID=6 query="CALL DOLT_COMMIT('-m', 'schema: apply migration 0013_create_issue_counter.up.sql')" queryTime="2026-09-19 10:58:52.482551 -0700 PDT m=+6.488383418"
time="2026-09-19T10:58:52-07:00" level=debug msg="Starting query" connectTime="2026-09-19 10:58:49.061925 -0700 PDT m=+3.067769960" connectionDb=hq connectionID=6 query="SELECT s.table_name, s.staged FROM dolt_status s WHERE NOT EXISTS ( SELECT 1 FROM dolt_ignore di WHERE di.ignored = 1 AND s.table_name LIKE di.pattern )" queryTime="2026-09-19 10:58:52.48561 -0700 PDT m=+6.491441543"
time="2026-09-19T10:58:52-07:00" level=trace msg="beginning execution" connectTime="2026-09-19 10:58:49.061925 -0700 PDT m=+3.067769960" connectionDb=hq connectionID=6 query="SELECT s.table_name, s.staged FROM dolt_status s WHERE NOT EXISTS ( SELECT 1 FROM dolt_ignore di WHERE di.ignored = 1 AND s.table_name LIKE di.pattern )" queryTime="2026-09-19 10:58:52.485709 -0700 PDT m=+6.491540501"
time="2026-09-19T10:58:52-07:00" level=trace msg="beginning new transaction" connectTime="2026-09-19 10:58:49.061925 -0700 PDT m=+3.067769960" connectionDb=hq connectionID=6 query="SELECT s.table_name, s.staged FROM dolt_status s WHERE NOT EXISTS ( SELECT 1 FROM dolt_ignore di WHERE di.ignored = 1 AND s.table_name LIKE di.pattern )"
time="2026-09-19T10:58:52-07:00" level=trace msg="committing transaction DoltTransaction" connectTime="2026-09-19 10:58:49.061925 -0700 PDT m=+3.067769960" connectionDb=hq connectionID=6 query="SELECT s.table_name, s.staged FROM dolt_status s WHERE NOT EXISTS ( SELECT 1 FROM dolt_ignore di WHERE di.ignored = 1 AND s.table_name LIKE di.pattern )"
time="2026-09-19T10:58:52-07:00" level=trace msg="returning empty result" connectTime="2026-09-19 10:58:49.061925 -0700 PDT m=+3.067769960" connectionDb=hq connectionID=6 query="SELECT s.table_name, s.staged FROM dolt_status s WHERE NOT EXISTS ( SELECT 1 FROM dolt_ignore di WHERE di.ignored = 1 AND s.table_name LIKE di.pattern )"
time="2026-09-19T10:58:52-07:00" level=debug msg="Query finished in 13 ms" connectTime="2026-09-19 10:58:49.061925 -0700 PDT m=+3.067769960" connectionDb=hq connectionID=6 query="SELECT s.table_name, s.staged FROM dolt_status s WHERE NOT EXISTS ( SELECT 1 FROM dolt_ignore di WHERE di.ignored = 1 AND s.table_name LIKE di.pattern )" queryTime="2026-09-19 10:58:52.498371 -0700 PDT m=+6.504202543"
time="2026-09-19T10:58:52-07:00" level=debug msg="Starting query" connectTime="2026-09-19 10:58:49.061925 -0700 PDT m=+3.067769960" connectionDb=hq connectionID=6 query="CREATE TABLE IF NOT EXISTS interactions ( id VARCHAR(32) PRIMARY KEY, kind VARCHAR(64) NOT NULL, created_at DATETIME NOT NULL, actor VARCHAR(255), issue_id VARCHAR(255), model VARCHAR(255), prompt TEXT, response TEXT, error TEXT, tool_name VARCHAR(255), exit_code INT, parent_id VARCHAR(32), label VARCHAR(64), reason TEXT, extra JSON, INDEX idx_interactions_kind (kind), INDEX idx_interactions_created_at (created_at), INDEX idx_interactions_issue_id (issue_id), INDEX idx_interactions_parent_id (parent_id) )" queryTime="2026-09-19 10:58:52.499933 -0700 PDT m=+6.505764918"
time="2026-09-19T10:58:52-07:00" level=trace msg="beginning execution" connectTime="2026-09-19 10:58:49.061925 -0700 PDT m=+3.067769960" connectionDb=hq connectionID=6 query="CREATE TABLE IF NOT EXISTS interactions ( id VARCHAR(32) PRIMARY KEY, kind VARCHAR(64) NOT NULL, created_at DATETIME NOT NULL, actor VARCHAR(255), issue_id VARCHAR(255), model VARCHAR(255), prompt TEXT, response TEXT, error TEXT, tool_name VARCHAR(255), exit_code INT, parent_id VARCHAR(32), label VARCHAR(64), reason TEXT, extra JSON, INDEX idx_interactions_kind (kind), INDEX idx_interactions_created_at (created_at), INDEX idx_interactions_issue_id (issue_id), INDEX idx_interactions_parent_id (parent_id) )" queryTime="2026-09-19 10:58:52.500049 -0700 PDT m=+6.505880793"
time="2026-09-19T10:58:52-07:00" level=trace msg="beginning new transaction" connectTime="2026-09-19 10:58:49.061925 -0700 PDT m=+3.067769960" connectionDb=hq connectionID=6 query="CREATE TABLE IF NOT EXISTS interactions ( id VARCHAR(32) PRIMARY KEY, kind VARCHAR(64) NOT NULL, created_at DATETIME NOT NULL, actor VARCHAR(255), issue_id VARCHAR(255), model VARCHAR(255), prompt TEXT, response TEXT, error TEXT, tool_name VARCHAR(255), exit_code INT, parent_id VARCHAR(32), label VARCHAR(64), reason TEXT, extra JSON, INDEX idx_interactions_kind (kind), INDEX idx_interactions_created_at (created_at), INDEX idx_interactions_issue_id (issue_id), INDEX idx_interactions_parent_id (parent_id) )"
time="2026-09-19T10:58:52-07:00" level=trace msg="committing transaction DoltTransaction" connectTime="2026-09-19 10:58:49.061925 -0700 PDT m=+3.067769960" connectionDb=hq connectionID=6 query="CREATE TABLE IF NOT EXISTS interactions ( id VARCHAR(32) PRIMARY KEY, kind VARCHAR(64) NOT NULL, created_at DATETIME NOT NULL, actor VARCHAR(255), issue_id VARCHAR(255), model VARCHAR(255), prompt TEXT, response TEXT, error TEXT, tool_name VARCHAR(255), exit_code INT, parent_id VARCHAR(32), label VARCHAR(64), reason TEXT, extra JSON, INDEX idx_interactions_kind (kind), INDEX idx_interactions_created_at (created_at), INDEX idx_interactions_issue_id (issue_id), INDEX idx_interactions_parent_id (parent_id) )"
time="2026-09-19T10:58:52-07:00" level=trace msg="returning empty result" connectTime="2026-09-19 10:58:49.061925 -0700 PDT m=+3.067769960" connectionDb=hq connectionID=6 query="CREATE TABLE IF NOT EXISTS interactions ( id VARCHAR(32) PRIMARY KEY, kind VARCHAR(64) NOT NULL, created_at DATETIME NOT NULL, actor VARCHAR(255), issue_id VARCHAR(255), model VARCHAR(255), prompt TEXT, response TEXT, error TEXT, tool_name VARCHAR(255), exit_code INT, parent_id VARCHAR(32), label VARCHAR(64), reason TEXT, extra JSON, INDEX idx_interactions_kind (kind), INDEX idx_interactions_created_at (created_at), INDEX idx_interactions_issue_id (issue_id), INDEX idx_interactions_parent_id (parent_id) )"
time="2026-09-19T10:58:52-07:00" level=debug msg="Query finished in 55 ms" connectTime="2026-09-19 10:58:49.061925 -0700 PDT m=+3.067769960" connectionDb=hq connectionID=6 query="CREATE TABLE IF NOT EXISTS interactions ( id VARCHAR(32) PRIMARY KEY, kind VARCHAR(64) NOT NULL, created_at DATETIME NOT NULL, actor VARCHAR(255), issue_id VARCHAR(255), model VARCHAR(255), prompt TEXT, response TEXT, error TEXT, tool_name VARCHAR(255), exit_code INT, parent_id VARCHAR(32), label VARCHAR(64), reason TEXT, extra JSON, INDEX idx_interactions_kind (kind), INDEX idx_interactions_created_at (created_at), INDEX idx_interactions_issue_id (issue_id), INDEX idx_interactions_parent_id (parent_id) )" queryTime="2026-09-19 10:58:52.554929 -0700 PDT m=+6.560761085"
time="2026-09-19T10:58:52-07:00" level=debug msg="Starting query" connectTime="2026-09-19 10:58:49.061925 -0700 PDT m=+3.067769960" connectionDb=hq connectionID=6 query="INSERT IGNORE INTO schema_migrations (version, content_hash) VALUES (14, '0e17f1cb9fc5ee5a7c43ca8e02b9fd59814f8fd4372f9ffb17b50c34388614ce')" queryTime="2026-09-19 10:58:52.574058 -0700 PDT m=+6.579889126"
time="2026-09-19T10:58:52-07:00" level=trace msg="beginning execution" connectTime="2026-09-19 10:58:49.061925 -0700 PDT m=+3.067769960" connectionDb=hq connectionID=6 query="INSERT IGNORE INTO schema_migrations (version, content_hash) VALUES (14, '0e17f1cb9fc5ee5a7c43ca8e02b9fd59814f8fd4372f9ffb17b50c34388614ce')" queryTime="2026-09-19 10:58:52.57426 -0700 PDT m=+6.580091418"
time="2026-09-19T10:58:52-07:00" level=trace msg="beginning new transaction" connectTime="2026-09-19 10:58:49.061925 -0700 PDT m=+3.067769960" connectionDb=hq connectionID=6 query="INSERT IGNORE INTO schema_migrations (version, content_hash) VALUES (14, '0e17f1cb9fc5ee5a7c43ca8e02b9fd59814f8fd4372f9ffb17b50c34388614ce')"
time="2026-09-19T10:58:52-07:00" level=trace msg="committing transaction DoltTransaction" connectTime="2026-09-19 10:58:49.061925 -0700 PDT m=+3.067769960" connectionDb=hq connectionID=6 query="INSERT IGNORE INTO schema_migrations (version, content_hash) VALUES (14, '0e17f1cb9fc5ee5a7c43ca8e02b9fd59814f8fd4372f9ffb17b50c34388614ce')"
time="2026-09-19T10:58:52-07:00" level=trace msg="returning empty result" connectTime="2026-09-19 10:58:49.061925 -0700 PDT m=+3.067769960" connectionDb=hq connectionID=6 query="INSERT IGNORE INTO schema_migrations (version, content_hash) VALUES (14, '0e17f1cb9fc5ee5a7c43ca8e02b9fd59814f8fd4372f9ffb17b50c34388614ce')"
time="2026-09-19T10:58:52-07:00" level=debug msg="Query finished in 35 ms" connectTime="2026-09-19 10:58:49.061925 -0700 PDT m=+3.067769960" connectionDb=hq connectionID=6 query="INSERT IGNORE INTO schema_migrations (version, content_hash) VALUES (14, '0e17f1cb9fc5ee5a7c43ca8e02b9fd59814f8fd4372f9ffb17b50c34388614ce')" queryTime="2026-09-19 10:58:52.605381 -0700 PDT m=+6.611212168"
time="2026-09-19T10:58:52-07:00" level=debug msg="Starting query" connectTime="2026-09-19 10:58:49.061925 -0700 PDT m=+3.067769960" connectionDb=hq connectionID=6 query="SELECT s.table_name, s.staged FROM dolt_status s WHERE NOT EXISTS ( SELECT 1 FROM dolt_ignore di WHERE di.ignored = 1 AND s.table_name LIKE di.pattern )" queryTime="2026-09-19 10:58:52.623025 -0700 PDT m=+6.628856710"
time="2026-09-19T10:58:52-07:00" level=trace msg="beginning execution" connectTime="2026-09-19 10:58:49.061925 -0700 PDT m=+3.067769960" connectionDb=hq connectionID=6 query="SELECT s.table_name, s.staged FROM dolt_status s WHERE NOT EXISTS ( SELECT 1 FROM dolt_ignore di WHERE di.ignored = 1 AND s.table_name LIKE di.pattern )" queryTime="2026-09-19 10:58:52.623311 -0700 PDT m=+6.629142210"
time="2026-09-19T10:58:52-07:00" level=trace msg="beginning new transaction" connectTime="2026-09-19 10:58:49.061925 -0700 PDT m=+3.067769960" connectionDb=hq connectionID=6 query="SELECT s.table_name, s.staged FROM dolt_status s WHERE NOT EXISTS ( SELECT 1 FROM dolt_ignore di WHERE di.ignored = 1 AND s.table_name LIKE di.pattern )"
time="2026-09-19T10:58:52-07:00" level=trace msg="spooling result row [TEXT(\"interactions\") INT8(0)]" connectTime="2026-09-19 10:58:49.061925 -0700 PDT m=+3.067769960" connectionDb=hq connectionID=6 query="SELECT s.table_name, s.staged FROM dolt_status s WHERE NOT EXISTS ( SELECT 1 FROM dolt_ignore di WHERE di.ignored = 1 AND s.table_name LIKE di.pattern )"
time="2026-09-19T10:58:52-07:00" level=trace msg="spooling result row [TEXT(\"schema_migrations\") INT8(0)]" connectTime="2026-09-19 10:58:49.061925 -0700 PDT m=+3.067769960" connectionDb=hq connectionID=6 query="SELECT s.table_name, s.staged FROM dolt_status s WHERE NOT EXISTS ( SELECT 1 FROM dolt_ignore di WHERE di.ignored = 1 AND s.table_name LIKE di.pattern )"
time="2026-09-19T10:58:52-07:00" level=trace msg="committing transaction DoltTransaction" connectTime="2026-09-19 10:58:49.061925 -0700 PDT m=+3.067769960" connectionDb=hq connectionID=6 query="SELECT s.table_name, s.staged FROM dolt_status s WHERE NOT EXISTS ( SELECT 1 FROM dolt_ignore di WHERE di.ignored = 1 AND s.table_name LIKE di.pattern )"
time="2026-09-19T10:58:52-07:00" level=debug msg="Query finished in 95 ms" connectTime="2026-09-19 10:58:49.061925 -0700 PDT m=+3.067769960" connectionDb=hq connectionID=6 query="SELECT s.table_name, s.staged FROM dolt_status s WHERE NOT EXISTS ( SELECT 1 FROM dolt_ignore di WHERE di.ignored = 1 AND s.table_name LIKE di.pattern )" queryTime="2026-09-19 10:58:52.707527 -0700 PDT m=+6.713358085"
time="2026-09-19T10:58:52-07:00" level=debug msg="Starting query" connectTime="2026-09-19 10:58:49.061925 -0700 PDT m=+3.067769960" connectionDb=hq connectionID=6 query="CALL DOLT_ADD('-f', 'interactions')" queryTime="2026-09-19 10:58:52.734209 -0700 PDT m=+6.740039501"
time="2026-09-19T10:58:52-07:00" level=trace msg="beginning execution" connectTime="2026-09-19 10:58:49.061925 -0700 PDT m=+3.067769960" connectionDb=hq connectionID=6 query="CALL DOLT_ADD('-f', 'interactions')" queryTime="2026-09-19 10:58:52.737624 -0700 PDT m=+6.743455126"
time="2026-09-19T10:58:52-07:00" level=trace msg="beginning new transaction" connectTime="2026-09-19 10:58:49.061925 -0700 PDT m=+3.067769960" connectionDb=hq connectionID=6 query="CALL DOLT_ADD('-f', 'interactions')"
time="2026-09-19T10:58:52-07:00" level=trace msg="spooling result row [INT64(0)]" connectTime="2026-09-19 10:58:49.061925 -0700 PDT m=+3.067769960" connectionDb=hq connectionID=6 query="CALL DOLT_ADD('-f', 'interactions')"
time="2026-09-19T10:58:52-07:00" level=trace msg="committing transaction DoltTransaction" connectTime="2026-09-19 10:58:49.061925 -0700 PDT m=+3.067769960" connectionDb=hq connectionID=6 query="CALL DOLT_ADD('-f', 'interactions')"
time="2026-09-19T10:58:52-07:00" level=trace msg="returning result &{[name:\"status\" type:INT64 org_name:\"status\" column_length:20 charset:255 flags:1] 1 0  [[INT64(0)]] <nil>}" connectTime="2026-09-19 10:58:49.061925 -0700 PDT m=+3.067769960" connectionDb=hq connectionID=6 query="CALL DOLT_ADD('-f', 'interactions')"
time="2026-09-19T10:58:52-07:00" level=debug msg="Query finished in 46 ms" connectTime="2026-09-19 10:58:49.061925 -0700 PDT m=+3.067769960" connectionDb=hq connectionID=6 query="CALL DOLT_ADD('-f', 'interactions')" queryTime="2026-09-19 10:58:52.779655 -0700 PDT m=+6.785486210"
time="2026-09-19T10:58:52-07:00" level=debug msg="Starting query" connectTime="2026-09-19 10:58:49.061925 -0700 PDT m=+3.067769960" connectionDb=hq connectionID=6 query="CALL DOLT_ADD('-f', 'schema_migrations')" queryTime="2026-09-19 10:58:52.780759 -0700 PDT m=+6.786589626"
time="2026-09-19T10:58:52-07:00" level=trace msg="beginning execution" connectTime="2026-09-19 10:58:49.061925 -0700 PDT m=+3.067769960" connectionDb=hq connectionID=6 query="CALL DOLT_ADD('-f', 'schema_migrations')" queryTime="2026-09-19 10:58:52.780948 -0700 PDT m=+6.786778793"
time="2026-09-19T10:58:52-07:00" level=trace msg="beginning new transaction" connectTime="2026-09-19 10:58:49.061925 -0700 PDT m=+3.067769960" connectionDb=hq connectionID=6 query="CALL DOLT_ADD('-f', 'schema_migrations')"
time="2026-09-19T10:58:52-07:00" level=trace msg="spooling result row [INT64(0)]" connectTime="2026-09-19 10:58:49.061925 -0700 PDT m=+3.067769960" connectionDb=hq connectionID=6 query="CALL DOLT_ADD('-f', 'schema_migrations')"
time="2026-09-19T10:58:52-07:00" level=trace msg="committing transaction DoltTransaction" connectTime="2026-09-19 10:58:49.061925 -0700 PDT m=+3.067769960" connectionDb=hq connectionID=6 query="CALL DOLT_ADD('-f', 'schema_migrations')"
time="2026-09-19T10:58:52-07:00" level=trace msg="returning result &{[name:\"status\" type:INT64 org_name:\"status\" column_length:20 charset:255 flags:1] 1 0  [[INT64(0)]] <nil>}" connectTime="2026-09-19 10:58:49.061925 -0700 PDT m=+3.067769960" connectionDb=hq connectionID=6 query="CALL DOLT_ADD('-f', 'schema_migrations')"
time="2026-09-19T10:58:52-07:00" level=debug msg="Query finished in 27 ms" connectTime="2026-09-19 10:58:49.061925 -0700 PDT m=+3.067769960" connectionDb=hq connectionID=6 query="CALL DOLT_ADD('-f', 'schema_migrations')" queryTime="2026-09-19 10:58:52.808278 -0700 PDT m=+6.814108251"
time="2026-09-19T10:58:52-07:00" level=debug msg="Starting query" connectTime="2026-09-19 10:58:49.061925 -0700 PDT m=+3.067769960" connectionDb=hq connectionID=6 query="CALL DOLT_COMMIT('-m', 'schema: apply migration 0014_create_interactions.up.sql')" queryTime="2026-09-19 10:58:52.81073 -0700 PDT m=+6.816560460"
time="2026-09-19T10:58:52-07:00" level=trace msg="beginning execution" connectTime="2026-09-19 10:58:49.061925 -0700 PDT m=+3.067769960" connectionDb=hq connectionID=6 query="CALL DOLT_COMMIT('-m', 'schema: apply migration 0014_create_interactions.up.sql')" queryTime="2026-09-19 10:58:52.81083 -0700 PDT m=+6.816660710"
time="2026-09-19T10:58:52-07:00" level=trace msg="beginning new transaction" connectTime="2026-09-19 10:58:49.061925 -0700 PDT m=+3.067769960" connectionDb=hq connectionID=6 query="CALL DOLT_COMMIT('-m', 'schema: apply migration 0014_create_interactions.up.sql')"
time="2026-09-19T10:58:52-07:00" level=trace msg="spooling result row [TEXT(\"9g6sj5d0oa9rnm5qiagmto0kkqqvb2p1\")]" connectTime="2026-09-19 10:58:49.061925 -0700 PDT m=+3.067769960" connectionDb=hq connectionID=6 query="CALL DOLT_COMMIT('-m', 'schema: apply migration 0014_create_interactions.up.sql')"
time="2026-09-19T10:58:52-07:00" level=trace msg="returning result &{[name:\"hash\" type:TEXT org_name:\"hash\" column_length:4294967295 charset:255 flags:1] 1 0  [[TEXT(\"9g6sj5d0oa9rnm5qiagmto0kkqqvb2p1\")]] <nil>}" connectTime="2026-09-19 10:58:49.061925 -0700 PDT m=+3.067769960" connectionDb=hq connectionID=6 query="CALL DOLT_COMMIT('-m', 'schema: apply migration 0014_create_interactions.up.sql')"
time="2026-09-19T10:58:52-07:00" level=debug msg="Query finished in 27 ms" connectTime="2026-09-19 10:58:49.061925 -0700 PDT m=+3.067769960" connectionDb=hq connectionID=6 query="CALL DOLT_COMMIT('-m', 'schema: apply migration 0014_create_interactions.up.sql')" queryTime="2026-09-19 10:58:52.837792 -0700 PDT m=+6.843622543"
time="2026-09-19T10:58:52-07:00" level=debug msg="Starting query" connectTime="2026-09-19 10:58:49.061925 -0700 PDT m=+3.067769960" connectionDb=hq connectionID=6 query="SELECT s.table_name, s.staged FROM dolt_status s WHERE NOT EXISTS ( SELECT 1 FROM dolt_ignore di WHERE di.ignored = 1 AND s.table_name LIKE di.pattern )" queryTime="2026-09-19 10:58:52.848272 -0700 PDT m=+6.854102585"
time="2026-09-19T10:58:52-07:00" level=trace msg="beginning execution" connectTime="2026-09-19 10:58:49.061925 -0700 PDT m=+3.067769960" connectionDb=hq connectionID=6 query="SELECT s.table_name, s.staged FROM dolt_status s WHERE NOT EXISTS ( SELECT 1 FROM dolt_ignore di WHERE di.ignored = 1 AND s.table_name LIKE di.pattern )" queryTime="2026-09-19 10:58:52.850664 -0700 PDT m=+6.856494418"
time="2026-09-19T10:58:52-07:00" level=trace msg="beginning new transaction" connectTime="2026-09-19 10:58:49.061925 -0700 PDT m=+3.067769960" connectionDb=hq connectionID=6 query="SELECT s.table_name, s.staged FROM dolt_status s WHERE NOT EXISTS ( SELECT 1 FROM dolt_ignore di WHERE di.ignored = 1 AND s.table_name LIKE di.pattern )"
time="2026-09-19T10:58:52-07:00" level=trace msg="committing transaction DoltTransaction" connectTime="2026-09-19 10:58:49.061925 -0700 PDT m=+3.067769960" connectionDb=hq connectionID=6 query="SELECT s.table_name, s.staged FROM dolt_status s WHERE NOT EXISTS ( SELECT 1 FROM dolt_ignore di WHERE di.ignored = 1 AND s.table_name LIKE di.pattern )"
time="2026-09-19T10:58:52-07:00" level=trace msg="returning empty result" connectTime="2026-09-19 10:58:49.061925 -0700 PDT m=+3.067769960" connectionDb=hq connectionID=6 query="SELECT s.table_name, s.staged FROM dolt_status s WHERE NOT EXISTS ( SELECT 1 FROM dolt_ignore di WHERE di.ignored = 1 AND s.table_name LIKE di.pattern )"
time="2026-09-19T10:58:52-07:00" level=debug msg="Query finished in 38 ms" connectTime="2026-09-19 10:58:49.061925 -0700 PDT m=+3.067769960" connectionDb=hq connectionID=6 query="SELECT s.table_name, s.staged FROM dolt_status s WHERE NOT EXISTS ( SELECT 1 FROM dolt_ignore di WHERE di.ignored = 1 AND s.table_name LIKE di.pattern )" queryTime="2026-09-19 10:58:52.879424 -0700 PDT m=+6.885253876"
time="2026-09-19T10:58:52-07:00" level=debug msg="Starting query" connectTime="2026-09-19 10:58:49.061925 -0700 PDT m=+3.067769960" connectionDb=hq connectionID=6 query="CREATE TABLE IF NOT EXISTS federation_peers ( name VARCHAR(255) PRIMARY KEY, remote_url VARCHAR(1024) NOT NULL, username VARCHAR(255), password_encrypted BLOB, sovereignty VARCHAR(8) DEFAULT '', last_sync DATETIME, created_at DATETIME NOT NULL DEFAULT CURRENT_TIMESTAMP, updated_at DATETIME NOT NULL DEFAULT CURRENT_TIMESTAMP ON UPDATE CURRENT_TIMESTAMP, INDEX idx_federation_peers_sovereignty (sovereignty) )" queryTime="2026-09-19 10:58:52.97145 -0700 PDT m=+6.977280835"
time="2026-09-19T10:58:52-07:00" level=trace msg="beginning execution" connectTime="2026-09-19 10:58:49.061925 -0700 PDT m=+3.067769960" connectionDb=hq connectionID=6 query="CREATE TABLE IF NOT EXISTS federation_peers ( name VARCHAR(255) PRIMARY KEY, remote_url VARCHAR(1024) NOT NULL, username VARCHAR(255), password_encrypted BLOB, sovereignty VARCHAR(8) DEFAULT '', last_sync DATETIME, created_at DATETIME NOT NULL DEFAULT CURRENT_TIMESTAMP, updated_at DATETIME NOT NULL DEFAULT CURRENT_TIMESTAMP ON UPDATE CURRENT_TIMESTAMP, INDEX idx_federation_peers_sovereignty (sovereignty) )" queryTime="2026-09-19 10:58:52.972693 -0700 PDT m=+6.978522668"
time="2026-09-19T10:58:52-07:00" level=trace msg="beginning new transaction" connectTime="2026-09-19 10:58:49.061925 -0700 PDT m=+3.067769960" connectionDb=hq connectionID=6 query="CREATE TABLE IF NOT EXISTS federation_peers ( name VARCHAR(255) PRIMARY KEY, remote_url VARCHAR(1024) NOT NULL, username VARCHAR(255), password_encrypted BLOB, sovereignty VARCHAR(8) DEFAULT '', last_sync DATETIME, created_at DATETIME NOT NULL DEFAULT CURRENT_TIMESTAMP, updated_at DATETIME NOT NULL DEFAULT CURRENT_TIMESTAMP ON UPDATE CURRENT_TIMESTAMP, INDEX idx_federation_peers_sovereignty (sovereignty) )"
time="2026-09-19T10:58:53-07:00" level=trace msg="committing transaction DoltTransaction" connectTime="2026-09-19 10:58:49.061925 -0700 PDT m=+3.067769960" connectionDb=hq connectionID=6 query="CREATE TABLE IF NOT EXISTS federation_peers ( name VARCHAR(255) PRIMARY KEY, remote_url VARCHAR(1024) NOT NULL, username VARCHAR(255), password_encrypted BLOB, sovereignty VARCHAR(8) DEFAULT '', last_sync DATETIME, created_at DATETIME NOT NULL DEFAULT CURRENT_TIMESTAMP, updated_at DATETIME NOT NULL DEFAULT CURRENT_TIMESTAMP ON UPDATE CURRENT_TIMESTAMP, INDEX idx_federation_peers_sovereignty (sovereignty) )"
time="2026-09-19T10:58:53-07:00" level=trace msg="returning empty result" connectTime="2026-09-19 10:58:49.061925 -0700 PDT m=+3.067769960" connectionDb=hq connectionID=6 query="CREATE TABLE IF NOT EXISTS federation_peers ( name VARCHAR(255) PRIMARY KEY, remote_url VARCHAR(1024) NOT NULL, username VARCHAR(255), password_encrypted BLOB, sovereignty VARCHAR(8) DEFAULT '', last_sync DATETIME, created_at DATETIME NOT NULL DEFAULT CURRENT_TIMESTAMP, updated_at DATETIME NOT NULL DEFAULT CURRENT_TIMESTAMP ON UPDATE CURRENT_TIMESTAMP, INDEX idx_federation_peers_sovereignty (sovereignty) )"
time="2026-09-19T10:58:53-07:00" level=debug msg="Query finished in 126 ms" connectTime="2026-09-19 10:58:49.061925 -0700 PDT m=+3.067769960" connectionDb=hq connectionID=6 query="CREATE TABLE IF NOT EXISTS federation_peers ( name VARCHAR(255) PRIMARY KEY, remote_url VARCHAR(1024) NOT NULL, username VARCHAR(255), password_encrypted BLOB, sovereignty VARCHAR(8) DEFAULT '', last_sync DATETIME, created_at DATETIME NOT NULL DEFAULT CURRENT_TIMESTAMP, updated_at DATETIME NOT NULL DEFAULT CURRENT_TIMESTAMP ON UPDATE CURRENT_TIMESTAMP, INDEX idx_federation_peers_sovereignty (sovereignty) )" queryTime="2026-09-19 10:58:53.067514 -0700 PDT m=+7.073344085"
time="2026-09-19T10:58:53-07:00" level=debug msg="Starting query" connectTime="2026-09-19 10:58:49.061925 -0700 PDT m=+3.067769960" connectionDb=hq connectionID=6 query="INSERT IGNORE INTO schema_migrations (version, content_hash) VALUES (15, '6aa04b3f66566b243c9a4fc09136af5c17f0ffe947a489245e3c451b995a59b9')" queryTime="2026-09-19 10:58:53.073812 -0700 PDT m=+7.079641793"
time="2026-09-19T10:58:53-07:00" level=trace msg="beginning execution" connectTime="2026-09-19 10:58:49.061925 -0700 PDT m=+3.067769960" connectionDb=hq connectionID=6 query="INSERT IGNORE INTO schema_migrations (version, content_hash) VALUES (15, '6aa04b3f66566b243c9a4fc09136af5c17f0ffe947a489245e3c451b995a59b9')" queryTime="2026-09-19 10:58:53.079467 -0700 PDT m=+7.085297043"
time="2026-09-19T10:58:53-07:00" level=trace msg="beginning new transaction" connectTime="2026-09-19 10:58:49.061925 -0700 PDT m=+3.067769960" connectionDb=hq connectionID=6 query="INSERT IGNORE INTO schema_migrations (version, content_hash) VALUES (15, '6aa04b3f66566b243c9a4fc09136af5c17f0ffe947a489245e3c451b995a59b9')"
time="2026-09-19T10:58:53-07:00" level=trace msg="committing transaction DoltTransaction" connectTime="2026-09-19 10:58:49.061925 -0700 PDT m=+3.067769960" connectionDb=hq connectionID=6 query="INSERT IGNORE INTO schema_migrations (version, content_hash) VALUES (15, '6aa04b3f66566b243c9a4fc09136af5c17f0ffe947a489245e3c451b995a59b9')"
time="2026-09-19T10:58:53-07:00" level=trace msg="returning empty result" connectTime="2026-09-19 10:58:49.061925 -0700 PDT m=+3.067769960" connectionDb=hq connectionID=6 query="INSERT IGNORE INTO schema_migrations (version, content_hash) VALUES (15, '6aa04b3f66566b243c9a4fc09136af5c17f0ffe947a489245e3c451b995a59b9')"
time="2026-09-19T10:58:53-07:00" level=debug msg="Query finished in 20 ms" connectTime="2026-09-19 10:58:49.061925 -0700 PDT m=+3.067769960" connectionDb=hq connectionID=6 query="INSERT IGNORE INTO schema_migrations (version, content_hash) VALUES (15, '6aa04b3f66566b243c9a4fc09136af5c17f0ffe947a489245e3c451b995a59b9')" queryTime="2026-09-19 10:58:53.094165 -0700 PDT m=+7.099995001"
time="2026-09-19T10:58:53-07:00" level=debug msg="Starting query" connectTime="2026-09-19 10:58:49.061925 -0700 PDT m=+3.067769960" connectionDb=hq connectionID=6 query="SELECT s.table_name, s.staged FROM dolt_status s WHERE NOT EXISTS ( SELECT 1 FROM dolt_ignore di WHERE di.ignored = 1 AND s.table_name LIKE di.pattern )" queryTime="2026-09-19 10:58:53.096895 -0700 PDT m=+7.102724460"
time="2026-09-19T10:58:53-07:00" level=trace msg="beginning execution" connectTime="2026-09-19 10:58:49.061925 -0700 PDT m=+3.067769960" connectionDb=hq connectionID=6 query="SELECT s.table_name, s.staged FROM dolt_status s WHERE NOT EXISTS ( SELECT 1 FROM dolt_ignore di WHERE di.ignored = 1 AND s.table_name LIKE di.pattern )" queryTime="2026-09-19 10:58:53.096996 -0700 PDT m=+7.102825418"
time="2026-09-19T10:58:53-07:00" level=trace msg="beginning new transaction" connectTime="2026-09-19 10:58:49.061925 -0700 PDT m=+3.067769960" connectionDb=hq connectionID=6 query="SELECT s.table_name, s.staged FROM dolt_status s WHERE NOT EXISTS ( SELECT 1 FROM dolt_ignore di WHERE di.ignored = 1 AND s.table_name LIKE di.pattern )"
time="2026-09-19T10:58:53-07:00" level=trace msg="spooling result row [TEXT(\"federation_peers\") INT8(0)]" connectTime="2026-09-19 10:58:49.061925 -0700 PDT m=+3.067769960" connectionDb=hq connectionID=6 query="SELECT s.table_name, s.staged FROM dolt_status s WHERE NOT EXISTS ( SELECT 1 FROM dolt_ignore di WHERE di.ignored = 1 AND s.table_name LIKE di.pattern )"
time="2026-09-19T10:58:53-07:00" level=trace msg="spooling result row [TEXT(\"schema_migrations\") INT8(0)]" connectTime="2026-09-19 10:58:49.061925 -0700 PDT m=+3.067769960" connectionDb=hq connectionID=6 query="SELECT s.table_name, s.staged FROM dolt_status s WHERE NOT EXISTS ( SELECT 1 FROM dolt_ignore di WHERE di.ignored = 1 AND s.table_name LIKE di.pattern )"
time="2026-09-19T10:58:53-07:00" level=trace msg="committing transaction DoltTransaction" connectTime="2026-09-19 10:58:49.061925 -0700 PDT m=+3.067769960" connectionDb=hq connectionID=6 query="SELECT s.table_name, s.staged FROM dolt_status s WHERE NOT EXISTS ( SELECT 1 FROM dolt_ignore di WHERE di.ignored = 1 AND s.table_name LIKE di.pattern )"
time="2026-09-19T10:58:53-07:00" level=debug msg="Query finished in 17 ms" connectTime="2026-09-19 10:58:49.061925 -0700 PDT m=+3.067769960" connectionDb=hq connectionID=6 query="SELECT s.table_name, s.staged FROM dolt_status s WHERE NOT EXISTS ( SELECT 1 FROM dolt_ignore di WHERE di.ignored = 1 AND s.table_name LIKE di.pattern )" queryTime="2026-09-19 10:58:53.114387 -0700 PDT m=+7.120216085"
time="2026-09-19T10:58:53-07:00" level=debug msg="Starting query" connectTime="2026-09-19 10:58:49.061925 -0700 PDT m=+3.067769960" connectionDb=hq connectionID=6 query="CALL DOLT_ADD('-f', 'federation_peers')" queryTime="2026-09-19 10:58:53.120886 -0700 PDT m=+7.126715543"
time="2026-09-19T10:58:53-07:00" level=trace msg="beginning execution" connectTime="2026-09-19 10:58:49.061925 -0700 PDT m=+3.067769960" connectionDb=hq connectionID=6 query="CALL DOLT_ADD('-f', 'federation_peers')" queryTime="2026-09-19 10:58:53.120995 -0700 PDT m=+7.126824668"
time="2026-09-19T10:58:53-07:00" level=trace msg="beginning new transaction" connectTime="2026-09-19 10:58:49.061925 -0700 PDT m=+3.067769960" connectionDb=hq connectionID=6 query="CALL DOLT_ADD('-f', 'federation_peers')"
time="2026-09-19T10:58:53-07:00" level=trace msg="spooling result row [INT64(0)]" connectTime="2026-09-19 10:58:49.061925 -0700 PDT m=+3.067769960" connectionDb=hq connectionID=6 query="CALL DOLT_ADD('-f', 'federation_peers')"
time="2026-09-19T10:58:53-07:00" level=trace msg="committing transaction DoltTransaction" connectTime="2026-09-19 10:58:49.061925 -0700 PDT m=+3.067769960" connectionDb=hq connectionID=6 query="CALL DOLT_ADD('-f', 'federation_peers')"
time="2026-09-19T10:58:53-07:00" level=trace msg="returning result &{[name:\"status\" type:INT64 org_name:\"status\" column_length:20 charset:255 flags:1] 1 0  [[INT64(0)]] <nil>}" connectTime="2026-09-19 10:58:49.061925 -0700 PDT m=+3.067769960" connectionDb=hq connectionID=6 query="CALL DOLT_ADD('-f', 'federation_peers')"
time="2026-09-19T10:58:53-07:00" level=debug msg="Query finished in 21 ms" connectTime="2026-09-19 10:58:49.061925 -0700 PDT m=+3.067769960" connectionDb=hq connectionID=6 query="CALL DOLT_ADD('-f', 'federation_peers')" queryTime="2026-09-19 10:58:53.142042 -0700 PDT m=+7.147871001"
time="2026-09-19T10:58:53-07:00" level=debug msg="Starting query" connectTime="2026-09-19 10:58:49.061925 -0700 PDT m=+3.067769960" connectionDb=hq connectionID=6 query="CALL DOLT_ADD('-f', 'schema_migrations')" queryTime="2026-09-19 10:58:53.146128 -0700 PDT m=+7.151957835"
time="2026-09-19T10:58:53-07:00" level=trace msg="beginning execution" connectTime="2026-09-19 10:58:49.061925 -0700 PDT m=+3.067769960" connectionDb=hq connectionID=6 query="CALL DOLT_ADD('-f', 'schema_migrations')" queryTime="2026-09-19 10:58:53.146336 -0700 PDT m=+7.152164876"
time="2026-09-19T10:58:53-07:00" level=trace msg="beginning new transaction" connectTime="2026-09-19 10:58:49.061925 -0700 PDT m=+3.067769960" connectionDb=hq connectionID=6 query="CALL DOLT_ADD('-f', 'schema_migrations')"
time="2026-09-19T10:58:53-07:00" level=trace msg="spooling result row [INT64(0)]" connectTime="2026-09-19 10:58:49.061925 -0700 PDT m=+3.067769960" connectionDb=hq connectionID=6 query="CALL DOLT_ADD('-f', 'schema_migrations')"
time="2026-09-19T10:58:53-07:00" level=trace msg="committing transaction DoltTransaction" connectTime="2026-09-19 10:58:49.061925 -0700 PDT m=+3.067769960" connectionDb=hq connectionID=6 query="CALL DOLT_ADD('-f', 'schema_migrations')"
time="2026-09-19T10:58:53-07:00" level=trace msg="returning result &{[name:\"status\" type:INT64 org_name:\"status\" column_length:20 charset:255 flags:1] 1 0  [[INT64(0)]] <nil>}" connectTime="2026-09-19 10:58:49.061925 -0700 PDT m=+3.067769960" connectionDb=hq connectionID=6 query="CALL DOLT_ADD('-f', 'schema_migrations')"
time="2026-09-19T10:58:53-07:00" level=debug msg="Query finished in 16 ms" connectTime="2026-09-19 10:58:49.061925 -0700 PDT m=+3.067769960" connectionDb=hq connectionID=6 query="CALL DOLT_ADD('-f', 'schema_migrations')" queryTime="2026-09-19 10:58:53.16229 -0700 PDT m=+7.168118710"
time="2026-09-19T10:58:53-07:00" level=debug msg="Starting query" connectTime="2026-09-19 10:58:49.061925 -0700 PDT m=+3.067769960" connectionDb=hq connectionID=6 query="CALL DOLT_COMMIT('-m', 'schema: apply migration 0015_create_federation_peers.up.sql')" queryTime="2026-09-19 10:58:53.1631 -0700 PDT m=+7.168929085"
time="2026-09-19T10:58:53-07:00" level=trace msg="beginning execution" connectTime="2026-09-19 10:58:49.061925 -0700 PDT m=+3.067769960" connectionDb=hq connectionID=6 query="CALL DOLT_COMMIT('-m', 'schema: apply migration 0015_create_federation_peers.up.sql')" queryTime="2026-09-19 10:58:53.16317 -0700 PDT m=+7.168998793"
time="2026-09-19T10:58:53-07:00" level=trace msg="beginning new transaction" connectTime="2026-09-19 10:58:49.061925 -0700 PDT m=+3.067769960" connectionDb=hq connectionID=6 query="CALL DOLT_COMMIT('-m', 'schema: apply migration 0015_create_federation_peers.up.sql')"
time="2026-09-19T10:58:53-07:00" level=trace msg="spooling result row [TEXT(\"cbd4rjp5j9mddmrg8u9q3ffvcv1ge1fp\")]" connectTime="2026-09-19 10:58:49.061925 -0700 PDT m=+3.067769960" connectionDb=hq connectionID=6 query="CALL DOLT_COMMIT('-m', 'schema: apply migration 0015_create_federation_peers.up.sql')"
time="2026-09-19T10:58:53-07:00" level=trace msg="returning result &{[name:\"hash\" type:TEXT org_name:\"hash\" column_length:4294967295 charset:255 flags:1] 1 0  [[TEXT(\"cbd4rjp5j9mddmrg8u9q3ffvcv1ge1fp\")]] <nil>}" connectTime="2026-09-19 10:58:49.061925 -0700 PDT m=+3.067769960" connectionDb=hq connectionID=6 query="CALL DOLT_COMMIT('-m', 'schema: apply migration 0015_create_federation_peers.up.sql')"
time="2026-09-19T10:58:53-07:00" level=debug msg="Query finished in 16 ms" connectTime="2026-09-19 10:58:49.061925 -0700 PDT m=+3.067769960" connectionDb=hq connectionID=6 query="CALL DOLT_COMMIT('-m', 'schema: apply migration 0015_create_federation_peers.up.sql')" queryTime="2026-09-19 10:58:53.179768 -0700 PDT m=+7.185597001"
time="2026-09-19T10:58:53-07:00" level=debug msg="Starting query" connectTime="2026-09-19 10:58:49.061925 -0700 PDT m=+3.067769960" connectionDb=hq connectionID=6 query="SELECT s.table_name, s.staged FROM dolt_status s WHERE NOT EXISTS ( SELECT 1 FROM dolt_ignore di WHERE di.ignored = 1 AND s.table_name LIKE di.pattern )" queryTime="2026-09-19 10:58:53.181467 -0700 PDT m=+7.187295751"
time="2026-09-19T10:58:53-07:00" level=trace msg="beginning execution" connectTime="2026-09-19 10:58:49.061925 -0700 PDT m=+3.067769960" connectionDb=hq connectionID=6 query="SELECT s.table_name, s.staged FROM dolt_status s WHERE NOT EXISTS ( SELECT 1 FROM dolt_ignore di WHERE di.ignored = 1 AND s.table_name LIKE di.pattern )" queryTime="2026-09-19 10:58:53.181546 -0700 PDT m=+7.187375543"
time="2026-09-19T10:58:53-07:00" level=trace msg="beginning new transaction" connectTime="2026-09-19 10:58:49.061925 -0700 PDT m=+3.067769960" connectionDb=hq connectionID=6 query="SELECT s.table_name, s.staged FROM dolt_status s WHERE NOT EXISTS ( SELECT 1 FROM dolt_ignore di WHERE di.ignored = 1 AND s.table_name LIKE di.pattern )"
time="2026-09-19T10:58:53-07:00" level=trace msg="committing transaction DoltTransaction" connectTime="2026-09-19 10:58:49.061925 -0700 PDT m=+3.067769960" connectionDb=hq connectionID=6 query="SELECT s.table_name, s.staged FROM dolt_status s WHERE NOT EXISTS ( SELECT 1 FROM dolt_ignore di WHERE di.ignored = 1 AND s.table_name LIKE di.pattern )"
time="2026-09-19T10:58:53-07:00" level=trace msg="returning empty result" connectTime="2026-09-19 10:58:49.061925 -0700 PDT m=+3.067769960" connectionDb=hq connectionID=6 query="SELECT s.table_name, s.staged FROM dolt_status s WHERE NOT EXISTS ( SELECT 1 FROM dolt_ignore di WHERE di.ignored = 1 AND s.table_name LIKE di.pattern )"
time="2026-09-19T10:58:53-07:00" level=debug msg="Query finished in 6 ms" connectTime="2026-09-19 10:58:49.061925 -0700 PDT m=+3.067769960" connectionDb=hq connectionID=6 query="SELECT s.table_name, s.staged FROM dolt_status s WHERE NOT EXISTS ( SELECT 1 FROM dolt_ignore di WHERE di.ignored = 1 AND s.table_name LIKE di.pattern )" queryTime="2026-09-19 10:58:53.187683 -0700 PDT m=+7.193512585"
time="2026-09-19T10:58:53-07:00" level=debug msg="Starting query" connectTime="2026-09-19 10:58:49.061925 -0700 PDT m=+3.067769960" connectionDb=hq connectionID=6 query="INSERT IGNORE INTO config (`key`, value) VALUES ('compaction_enabled', 'false'), ('compact_tier1_days', '30'), ('compact_tier1_dep_levels', '2'), ('compact_tier2_days', '90'), ('compact_tier2_dep_levels', '5'), ('compact_tier2_commits', '100'), ('compact_batch_size', '50'), ('compact_parallel_workers', '5'), ('auto_compact_enabled', 'false')" queryTime="2026-09-19 10:58:53.1898 -0700 PDT m=+7.195629293"
time="2026-09-19T10:58:53-07:00" level=trace msg="beginning execution" connectTime="2026-09-19 10:58:49.061925 -0700 PDT m=+3.067769960" connectionDb=hq connectionID=6 query="INSERT IGNORE INTO config (`key`, value) VALUES ('compaction_enabled', 'false'), ('compact_tier1_days', '30'), ('compact_tier1_dep_levels', '2'), ('compact_tier2_days', '90'), ('compact_tier2_dep_levels', '5'), ('compact_tier2_commits', '100'), ('compact_batch_size', '50'), ('compact_parallel_workers', '5'), ('auto_compact_enabled', 'false')" queryTime="2026-09-19 10:58:53.189905 -0700 PDT m=+7.195734460"
time="2026-09-19T10:58:53-07:00" level=trace msg="beginning new transaction" connectTime="2026-09-19 10:58:49.061925 -0700 PDT m=+3.067769960" connectionDb=hq connectionID=6 query="INSERT IGNORE INTO config (`key`, value) VALUES ('compaction_enabled', 'false'), ('compact_tier1_days', '30'), ('compact_tier1_dep_levels', '2'), ('compact_tier2_days', '90'), ('compact_tier2_dep_levels', '5'), ('compact_tier2_commits', '100'), ('compact_batch_size', '50'), ('compact_parallel_workers', '5'), ('auto_compact_enabled', 'false')"
time="2026-09-19T10:58:53-07:00" level=trace msg="committing transaction DoltTransaction" connectTime="2026-09-19 10:58:49.061925 -0700 PDT m=+3.067769960" connectionDb=hq connectionID=6 query="INSERT IGNORE INTO config (`key`, value) VALUES ('compaction_enabled', 'false'), ('compact_tier1_days', '30'), ('compact_tier1_dep_levels', '2'), ('compact_tier2_days', '90'), ('compact_tier2_dep_levels', '5'), ('compact_tier2_commits', '100'), ('compact_batch_size', '50'), ('compact_parallel_workers', '5'), ('auto_compact_enabled', 'false')"
time="2026-09-19T10:58:53-07:00" level=trace msg="returning empty result" connectTime="2026-09-19 10:58:49.061925 -0700 PDT m=+3.067769960" connectionDb=hq connectionID=6 query="INSERT IGNORE INTO config (`key`, value) VALUES ('compaction_enabled', 'false'), ('compact_tier1_days', '30'), ('compact_tier1_dep_levels', '2'), ('compact_tier2_days', '90'), ('compact_tier2_dep_levels', '5'), ('compact_tier2_commits', '100'), ('compact_batch_size', '50'), ('compact_parallel_workers', '5'), ('auto_compact_enabled', 'false')"
time="2026-09-19T10:58:53-07:00" level=debug msg="Query finished in 8 ms" connectTime="2026-09-19 10:58:49.061925 -0700 PDT m=+3.067769960" connectionDb=hq connectionID=6 query="INSERT IGNORE INTO config (`key`, value) VALUES ('compaction_enabled', 'false'), ('compact_tier1_days', '30'), ('compact_tier1_dep_levels', '2'), ('compact_tier2_days', '90'), ('compact_tier2_dep_levels', '5'), ('compact_tier2_commits', '100'), ('compact_batch_size', '50'), ('compact_parallel_workers', '5'), ('auto_compact_enabled', 'false')" queryTime="2026-09-19 10:58:53.197943 -0700 PDT m=+7.203771585"
time="2026-09-19T10:58:53-07:00" level=debug msg="Starting query" connectTime="2026-09-19 10:58:49.061925 -0700 PDT m=+3.067769960" connectionDb=hq connectionID=6 query="INSERT IGNORE INTO schema_migrations (version, content_hash) VALUES (16, '5d556c01404eb06acfb9df2b20fde36a2e91bd8a7d14462acbd3c0ae928ea286')" queryTime="2026-09-19 10:58:53.198508 -0700 PDT m=+7.204336918"
time="2026-09-19T10:58:53-07:00" level=trace msg="beginning execution" connectTime="2026-09-19 10:58:49.061925 -0700 PDT m=+3.067769960" connectionDb=hq connectionID=6 query="INSERT IGNORE INTO schema_migrations (version, content_hash) VALUES (16, '5d556c01404eb06acfb9df2b20fde36a2e91bd8a7d14462acbd3c0ae928ea286')" queryTime="2026-09-19 10:58:53.198554 -0700 PDT m=+7.204383335"
time="2026-09-19T10:58:53-07:00" level=trace msg="beginning new transaction" connectTime="2026-09-19 10:58:49.061925 -0700 PDT m=+3.067769960" connectionDb=hq connectionID=6 query="INSERT IGNORE INTO schema_migrations (version, content_hash) VALUES (16, '5d556c01404eb06acfb9df2b20fde36a2e91bd8a7d14462acbd3c0ae928ea286')"
time="2026-09-19T10:58:53-07:00" level=trace msg="committing transaction DoltTransaction" connectTime="2026-09-19 10:58:49.061925 -0700 PDT m=+3.067769960" connectionDb=hq connectionID=6 query="INSERT IGNORE INTO schema_migrations (version, content_hash) VALUES (16, '5d556c01404eb06acfb9df2b20fde36a2e91bd8a7d14462acbd3c0ae928ea286')"
time="2026-09-19T10:58:53-07:00" level=trace msg="returning empty result" connectTime="2026-09-19 10:58:49.061925 -0700 PDT m=+3.067769960" connectionDb=hq connectionID=6 query="INSERT IGNORE INTO schema_migrations (version, content_hash) VALUES (16, '5d556c01404eb06acfb9df2b20fde36a2e91bd8a7d14462acbd3c0ae928ea286')"
time="2026-09-19T10:58:53-07:00" level=debug msg="Query finished in 16 ms" connectTime="2026-09-19 10:58:49.061925 -0700 PDT m=+3.067769960" connectionDb=hq connectionID=6 query="INSERT IGNORE INTO schema_migrations (version, content_hash) VALUES (16, '5d556c01404eb06acfb9df2b20fde36a2e91bd8a7d14462acbd3c0ae928ea286')" queryTime="2026-09-19 10:58:53.214485 -0700 PDT m=+7.220313710"
time="2026-09-19T10:58:53-07:00" level=debug msg="Starting query" connectTime="2026-09-19 10:58:49.061925 -0700 PDT m=+3.067769960" connectionDb=hq connectionID=6 query="SELECT s.table_name, s.staged FROM dolt_status s WHERE NOT EXISTS ( SELECT 1 FROM dolt_ignore di WHERE di.ignored = 1 AND s.table_name LIKE di.pattern )" queryTime="2026-09-19 10:58:53.216421 -0700 PDT m=+7.222249876"
time="2026-09-19T10:58:53-07:00" level=trace msg="beginning execution" connectTime="2026-09-19 10:58:49.061925 -0700 PDT m=+3.067769960" connectionDb=hq connectionID=6 query="SELECT s.table_name, s.staged FROM dolt_status s WHERE NOT EXISTS ( SELECT 1 FROM dolt_ignore di WHERE di.ignored = 1 AND s.table_name LIKE di.pattern )" queryTime="2026-09-19 10:58:53.216524 -0700 PDT m=+7.222352751"
time="2026-09-19T10:58:53-07:00" level=trace msg="beginning new transaction" connectTime="2026-09-19 10:58:49.061925 -0700 PDT m=+3.067769960" connectionDb=hq connectionID=6 query="SELECT s.table_name, s.staged FROM dolt_status s WHERE NOT EXISTS ( SELECT 1 FROM dolt_ignore di WHERE di.ignored = 1 AND s.table_name LIKE di.pattern )"
time="2026-09-19T10:58:53-07:00" level=trace msg="spooling result row [TEXT(\"config\") INT8(0)]" connectTime="2026-09-19 10:58:49.061925 -0700 PDT m=+3.067769960" connectionDb=hq connectionID=6 query="SELECT s.table_name, s.staged FROM dolt_status s WHERE NOT EXISTS ( SELECT 1 FROM dolt_ignore di WHERE di.ignored = 1 AND s.table_name LIKE di.pattern )"
time="2026-09-19T10:58:53-07:00" level=trace msg="spooling result row [TEXT(\"schema_migrations\") INT8(0)]" connectTime="2026-09-19 10:58:49.061925 -0700 PDT m=+3.067769960" connectionDb=hq connectionID=6 query="SELECT s.table_name, s.staged FROM dolt_status s WHERE NOT EXISTS ( SELECT 1 FROM dolt_ignore di WHERE di.ignored = 1 AND s.table_name LIKE di.pattern )"
time="2026-09-19T10:58:53-07:00" level=trace msg="committing transaction DoltTransaction" connectTime="2026-09-19 10:58:49.061925 -0700 PDT m=+3.067769960" connectionDb=hq connectionID=6 query="SELECT s.table_name, s.staged FROM dolt_status s WHERE NOT EXISTS ( SELECT 1 FROM dolt_ignore di WHERE di.ignored = 1 AND s.table_name LIKE di.pattern )"
time="2026-09-19T10:58:53-07:00" level=debug msg="Query finished in 23 ms" connectTime="2026-09-19 10:58:49.061925 -0700 PDT m=+3.067769960" connectionDb=hq connectionID=6 query="SELECT s.table_name, s.staged FROM dolt_status s WHERE NOT EXISTS ( SELECT 1 FROM dolt_ignore di WHERE di.ignored = 1 AND s.table_name LIKE di.pattern )" queryTime="2026-09-19 10:58:53.240177 -0700 PDT m=+7.246006085"
time="2026-09-19T10:58:53-07:00" level=debug msg="Starting query" connectTime="2026-09-19 10:58:49.061925 -0700 PDT m=+3.067769960" connectionDb=hq connectionID=6 query="CALL DOLT_ADD('-f', 'config')" queryTime="2026-09-19 10:58:53.242188 -0700 PDT m=+7.248017460"
time="2026-09-19T10:58:53-07:00" level=trace msg="beginning execution" connectTime="2026-09-19 10:58:49.061925 -0700 PDT m=+3.067769960" connectionDb=hq connectionID=6 query="CALL DOLT_ADD('-f', 'config')" queryTime="2026-09-19 10:58:53.242351 -0700 PDT m=+7.248180376"
time="2026-09-19T10:58:53-07:00" level=trace msg="beginning new transaction" connectTime="2026-09-19 10:58:49.061925 -0700 PDT m=+3.067769960" connectionDb=hq connectionID=6 query="CALL DOLT_ADD('-f', 'config')"
time="2026-09-19T10:58:53-07:00" level=trace msg="spooling result row [INT64(0)]" connectTime="2026-09-19 10:58:49.061925 -0700 PDT m=+3.067769960" connectionDb=hq connectionID=6 query="CALL DOLT_ADD('-f', 'config')"
time="2026-09-19T10:58:53-07:00" level=trace msg="committing transaction DoltTransaction" connectTime="2026-09-19 10:58:49.061925 -0700 PDT m=+3.067769960" connectionDb=hq connectionID=6 query="CALL DOLT_ADD('-f', 'config')"
time="2026-09-19T10:58:53-07:00" level=trace msg="returning result &{[name:\"status\" type:INT64 org_name:\"status\" column_length:20 charset:255 flags:1] 1 0  [[INT64(0)]] <nil>}" connectTime="2026-09-19 10:58:49.061925 -0700 PDT m=+3.067769960" connectionDb=hq connectionID=6 query="CALL DOLT_ADD('-f', 'config')"
time="2026-09-19T10:58:53-07:00" level=debug msg="Query finished in 20 ms" connectTime="2026-09-19 10:58:49.061925 -0700 PDT m=+3.067769960" connectionDb=hq connectionID=6 query="CALL DOLT_ADD('-f', 'config')" queryTime="2026-09-19 10:58:53.262358 -0700 PDT m=+7.268186918"
time="2026-09-19T10:58:53-07:00" level=debug msg="Starting query" connectTime="2026-09-19 10:58:49.061925 -0700 PDT m=+3.067769960" connectionDb=hq connectionID=6 query="CALL DOLT_ADD('-f', 'schema_migrations')" queryTime="2026-09-19 10:58:53.264812 -0700 PDT m=+7.270640876"
time="2026-09-19T10:58:53-07:00" level=trace msg="beginning execution" connectTime="2026-09-19 10:58:49.061925 -0700 PDT m=+3.067769960" connectionDb=hq connectionID=6 query="CALL DOLT_ADD('-f', 'schema_migrations')" queryTime="2026-09-19 10:58:53.264918 -0700 PDT m=+7.270747168"
time="2026-09-19T10:58:53-07:00" level=trace msg="beginning new transaction" connectTime="2026-09-19 10:58:49.061925 -0700 PDT m=+3.067769960" connectionDb=hq connectionID=6 query="CALL DOLT_ADD('-f', 'schema_migrations')"
time="2026-09-19T10:58:53-07:00" level=trace msg="spooling result row [INT64(0)]" connectTime="2026-09-19 10:58:49.061925 -0700 PDT m=+3.067769960" connectionDb=hq connectionID=6 query="CALL DOLT_ADD('-f', 'schema_migrations')"
time="2026-09-19T10:58:53-07:00" level=trace msg="committing transaction DoltTransaction" connectTime="2026-09-19 10:58:49.061925 -0700 PDT m=+3.067769960" connectionDb=hq connectionID=6 query="CALL DOLT_ADD('-f', 'schema_migrations')"
time="2026-09-19T10:58:53-07:00" level=trace msg="returning result &{[name:\"status\" type:INT64 org_name:\"status\" column_length:20 charset:255 flags:1] 1 0  [[INT64(0)]] <nil>}" connectTime="2026-09-19 10:58:49.061925 -0700 PDT m=+3.067769960" connectionDb=hq connectionID=6 query="CALL DOLT_ADD('-f', 'schema_migrations')"
time="2026-09-19T10:58:53-07:00" level=debug msg="Query finished in 30 ms" connectTime="2026-09-19 10:58:49.061925 -0700 PDT m=+3.067769960" connectionDb=hq connectionID=6 query="CALL DOLT_ADD('-f', 'schema_migrations')" queryTime="2026-09-19 10:58:53.295514 -0700 PDT m=+7.301342876"
time="2026-09-19T10:58:53-07:00" level=info msg=ConnectionClosed connectionID=6
time="2026-09-19T10:58:53-07:00" level=info msg=ConnectionClosed connectionID=5
time="2026-09-19T10:58:53-07:00" level=info msg=NewConnection DisableClientMultiStatements=false connectionID=7
time="2026-09-19T10:58:53-07:00" level=info msg=ConnectionClosed connectionID=7
time="2026-09-19T10:58:53-07:00" level=info msg=NewConnection DisableClientMultiStatements=false connectionID=8
time="2026-09-19T10:58:53-07:00" level=debug msg="Starting query" connectTime="2026-09-19 10:58:53.823743 -0700 PDT m=+7.829569543" connectionID=8 query="SELECT @@max_allowed_packet" queryTime="2026-09-19 10:58:53.840859 -0700 PDT m=+7.846685626"
time="2026-09-19T10:58:53-07:00" level=trace msg="beginning execution" connectTime="2026-09-19 10:58:53.823743 -0700 PDT m=+7.829569543" connectionID=8 query="SELECT @@max_allowed_packet" queryTime="2026-09-19 10:58:53.841071 -0700 PDT m=+7.846897251"
time="2026-09-19T10:58:53-07:00" level=trace msg="beginning new transaction" connectTime="2026-09-19 10:58:53.823743 -0700 PDT m=+7.829569543" connectionID=8 query="SELECT @@max_allowed_packet"
time="2026-09-19T10:58:53-07:00" level=trace msg="spooling result row [UINT64(1073741824)]" connectTime="2026-09-19 10:58:53.823743 -0700 PDT m=+7.829569543" connectionID=8 query="SELECT @@max_allowed_packet"
time="2026-09-19T10:58:53-07:00" level=trace msg="committing transaction DoltTransaction" connectTime="2026-09-19 10:58:53.823743 -0700 PDT m=+7.829569543" connectionID=8 query="SELECT @@max_allowed_packet"
time="2026-09-19T10:58:53-07:00" level=trace msg="returning result &{[name:\"@@max_allowed_packet\" type:UINT64 org_name:\"@@max_allowed_packet\" column_length:20 charset:255 flags:32] 1 0  [[UINT64(1073741824)]] <nil>}" connectTime="2026-09-19 10:58:53.823743 -0700 PDT m=+7.829569543" connectionID=8 query="SELECT @@max_allowed_packet"
time="2026-09-19T10:58:53-07:00" level=debug msg="Query finished in 36 ms" connectTime="2026-09-19 10:58:53.823743 -0700 PDT m=+7.829569543" connectionID=8 query="SELECT @@max_allowed_packet" queryTime="2026-09-19 10:58:53.861486 -0700 PDT m=+7.867312835"
time="2026-09-19T10:58:53-07:00" level=debug msg="Starting query" connectTime="2026-09-19 10:58:53.823743 -0700 PDT m=+7.829569543" connectionID=8 query="SHOW DATABASES" queryTime="2026-09-19 10:58:53.864834 -0700 PDT m=+7.870660418"
time="2026-09-19T10:58:53-07:00" level=trace msg="beginning execution" connectTime="2026-09-19 10:58:53.823743 -0700 PDT m=+7.829569543" connectionID=8 query="SHOW DATABASES" queryTime="2026-09-19 10:58:53.86501 -0700 PDT m=+7.870836585"
time="2026-09-19T10:58:53-07:00" level=trace msg="beginning new transaction" connectTime="2026-09-19 10:58:53.823743 -0700 PDT m=+7.829569543" connectionID=8 query="SHOW DATABASES"
time="2026-09-19T10:58:53-07:00" level=trace msg="spooling result row [TEXT(\"hq\")]" connectTime="2026-09-19 10:58:53.823743 -0700 PDT m=+7.829569543" connectionID=8 query="SHOW DATABASES"
time="2026-09-19T10:58:53-07:00" level=trace msg="spooling result row [TEXT(\"information_schema\")]" connectTime="2026-09-19 10:58:53.823743 -0700 PDT m=+7.829569543" connectionID=8 query="SHOW DATABASES"
time="2026-09-19T10:58:53-07:00" level=trace msg="spooling result row [TEXT(\"mysql\")]" connectTime="2026-09-19 10:58:53.823743 -0700 PDT m=+7.829569543" connectionID=8 query="SHOW DATABASES"
time="2026-09-19T10:58:53-07:00" level=trace msg="committing transaction DoltTransaction" connectTime="2026-09-19 10:58:53.823743 -0700 PDT m=+7.829569543" connectionID=8 query="SHOW DATABASES"
time="2026-09-19T10:58:53-07:00" level=debug msg="Query finished in 2 ms" connectTime="2026-09-19 10:58:53.823743 -0700 PDT m=+7.829569543" connectionID=8 query="SHOW DATABASES" queryTime="2026-09-19 10:58:53.866642 -0700 PDT m=+7.872468460"
time="2026-09-19T10:58:53-07:00" level=info msg=NewConnection DisableClientMultiStatements=false connectionID=9
time="2026-09-19T10:58:53-07:00" level=debug msg="Starting query" connectTime="2026-09-19 10:58:53.871998 -0700 PDT m=+7.877824460" connectionDb=hq connectionID=9 query="SELECT @@max_allowed_packet" queryTime="2026-09-19 10:58:53.879085 -0700 PDT m=+7.884911793"
time="2026-09-19T10:58:53-07:00" level=trace msg="beginning execution" connectTime="2026-09-19 10:58:53.871998 -0700 PDT m=+7.877824460" connectionDb=hq connectionID=9 query="SELECT @@max_allowed_packet" queryTime="2026-09-19 10:58:53.879188 -0700 PDT m=+7.885014210"
time="2026-09-19T10:58:53-07:00" level=trace msg="beginning new transaction" connectTime="2026-09-19 10:58:53.871998 -0700 PDT m=+7.877824460" connectionDb=hq connectionID=9 query="SELECT @@max_allowed_packet"
time="2026-09-19T10:58:53-07:00" level=trace msg="spooling result row [UINT64(1073741824)]" connectTime="2026-09-19 10:58:53.871998 -0700 PDT m=+7.877824460" connectionDb=hq connectionID=9 query="SELECT @@max_allowed_packet"
time="2026-09-19T10:58:53-07:00" level=trace msg="committing transaction DoltTransaction" connectTime="2026-09-19 10:58:53.871998 -0700 PDT m=+7.877824460" connectionDb=hq connectionID=9 query="SELECT @@max_allowed_packet"
time="2026-09-19T10:58:53-07:00" level=trace msg="returning result &{[name:\"@@max_allowed_packet\" type:UINT64 org_name:\"@@max_allowed_packet\" column_length:20 charset:255 flags:32] 1 0  [[UINT64(1073741824)]] <nil>}" connectTime="2026-09-19 10:58:53.871998 -0700 PDT m=+7.877824460" connectionDb=hq connectionID=9 query="SELECT @@max_allowed_packet"
time="2026-09-19T10:58:53-07:00" level=debug msg="Query finished in 15 ms" connectTime="2026-09-19 10:58:53.871998 -0700 PDT m=+7.877824460" connectionDb=hq connectionID=9 query="SELECT @@max_allowed_packet" queryTime="2026-09-19 10:58:53.892052 -0700 PDT m=+7.897878418"
time="2026-09-19T10:58:53-07:00" level=info msg=ConnectionClosed connectionID=8
time="2026-09-19T10:58:53-07:00" level=debug msg="Starting query" connectTime="2026-09-19 10:58:53.871998 -0700 PDT m=+7.877824460" connectionDb=hq connectionID=9 query="SELECT COUNT(*) FROM information_schema.tables WHERE table_schema = DATABASE() AND table_name = 'schema_migrations'" queryTime="2026-09-19 10:58:53.897709 -0700 PDT m=+7.903535001"
time="2026-09-19T10:58:53-07:00" level=trace msg="beginning execution" connectTime="2026-09-19 10:58:53.871998 -0700 PDT m=+7.877824460" connectionDb=hq connectionID=9 query="SELECT COUNT(*) FROM information_schema.tables WHERE table_schema = DATABASE() AND table_name = 'schema_migrations'" queryTime="2026-09-19 10:58:53.897865 -0700 PDT m=+7.903691001"
time="2026-09-19T10:58:53-07:00" level=trace msg="beginning new transaction" connectTime="2026-09-19 10:58:53.871998 -0700 PDT m=+7.877824460" connectionDb=hq connectionID=9 query="SELECT COUNT(*) FROM information_schema.tables WHERE table_schema = DATABASE() AND table_name = 'schema_migrations'"
time="2026-09-19T10:58:53-07:00" level=trace msg="spooling result row [INT64(1)]" connectTime="2026-09-19 10:58:53.871998 -0700 PDT m=+7.877824460" connectionDb=hq connectionID=9 query="SELECT COUNT(*) FROM information_schema.tables WHERE table_schema = DATABASE() AND table_name = 'schema_migrations'"
time="2026-09-19T10:58:53-07:00" level=trace msg="committing transaction DoltTransaction" connectTime="2026-09-19 10:58:53.871998 -0700 PDT m=+7.877824460" connectionDb=hq connectionID=9 query="SELECT COUNT(*) FROM information_schema.tables WHERE table_schema = DATABASE() AND table_name = 'schema_migrations'"
time="2026-09-19T10:58:53-07:00" level=trace msg="returning result &{[name:\"COUNT(*)\" type:INT64 org_name:\"COUNT(*)\" column_length:20 charset:255 flags:1] 1 0  [[INT64(1)]] <nil>}" connectTime="2026-09-19 10:58:53.871998 -0700 PDT m=+7.877824460" connectionDb=hq connectionID=9 query="SELECT COUNT(*) FROM information_schema.tables WHERE table_schema = DATABASE() AND table_name = 'schema_migrations'"
time="2026-09-19T10:58:53-07:00" level=debug msg="Query finished in 11 ms" connectTime="2026-09-19 10:58:53.871998 -0700 PDT m=+7.877824460" connectionDb=hq connectionID=9 query="SELECT COUNT(*) FROM information_schema.tables WHERE table_schema = DATABASE() AND table_name = 'schema_migrations'" queryTime="2026-09-19 10:58:53.908813 -0700 PDT m=+7.914639585"
time="2026-09-19T10:58:53-07:00" level=debug msg="Starting query" connectTime="2026-09-19 10:58:53.871998 -0700 PDT m=+7.877824460" connectionDb=hq connectionID=9 query="SELECT COALESCE(MAX(version), 0) FROM schema_migrations" queryTime="2026-09-19 10:58:53.909484 -0700 PDT m=+7.915310335"
time="2026-09-19T10:58:53-07:00" level=trace msg="beginning execution" connectTime="2026-09-19 10:58:53.871998 -0700 PDT m=+7.877824460" connectionDb=hq connectionID=9 query="SELECT COALESCE(MAX(version), 0) FROM schema_migrations" queryTime="2026-09-19 10:58:53.909582 -0700 PDT m=+7.915408626"
time="2026-09-19T10:58:53-07:00" level=trace msg="beginning new transaction" connectTime="2026-09-19 10:58:53.871998 -0700 PDT m=+7.877824460" connectionDb=hq connectionID=9 query="SELECT COALESCE(MAX(version), 0) FROM schema_migrations"
time="2026-09-19T10:58:53-07:00" level=trace msg="spooling result row [INT32(16)]" connectTime="2026-09-19 10:58:53.871998 -0700 PDT m=+7.877824460" connectionDb=hq connectionID=9 query="SELECT COALESCE(MAX(version), 0) FROM schema_migrations"
time="2026-09-19T10:58:53-07:00" level=trace msg="committing transaction DoltTransaction" connectTime="2026-09-19 10:58:53.871998 -0700 PDT m=+7.877824460" connectionDb=hq connectionID=9 query="SELECT COALESCE(MAX(version), 0) FROM schema_migrations"
time="2026-09-19T10:58:53-07:00" level=trace msg="returning result &{[name:\"COALESCE(MAX(version), 0)\" type:INT32 org_name:\"COALESCE(MAX(version), 0)\" column_length:11 charset:255 flags:1] 1 0  [[INT32(16)]] <nil>}" connectTime="2026-09-19 10:58:53.871998 -0700 PDT m=+7.877824460" connectionDb=hq connectionID=9 query="SELECT COALESCE(MAX(version), 0) FROM schema_migrations"
time="2026-09-19T10:58:53-07:00" level=debug msg="Query finished in 6 ms" connectTime="2026-09-19 10:58:53.871998 -0700 PDT m=+7.877824460" connectionDb=hq connectionID=9 query="SELECT COALESCE(MAX(version), 0) FROM schema_migrations" queryTime="2026-09-19 10:58:53.916041 -0700 PDT m=+7.921867043"
time="2026-09-19T10:58:53-07:00" level=info msg=NewConnection DisableClientMultiStatements=false connectionID=10
time="2026-09-19T10:58:53-07:00" level=debug msg="Starting query" connectTime="2026-09-19 10:58:53.924988 -0700 PDT m=+7.930814543" connectionDb=hq connectionID=10 query="SELECT @@max_allowed_packet" queryTime="2026-09-19 10:58:53.926179 -0700 PDT m=+7.932005710"
time="2026-09-19T10:58:53-07:00" level=trace msg="beginning execution" connectTime="2026-09-19 10:58:53.924988 -0700 PDT m=+7.930814543" connectionDb=hq connectionID=10 query="SELECT @@max_allowed_packet" queryTime="2026-09-19 10:58:53.926282 -0700 PDT m=+7.932108085"
time="2026-09-19T10:58:53-07:00" level=trace msg="beginning new transaction" connectTime="2026-09-19 10:58:53.924988 -0700 PDT m=+7.930814543" connectionDb=hq connectionID=10 query="SELECT @@max_allowed_packet"
time="2026-09-19T10:58:53-07:00" level=trace msg="spooling result row [UINT64(1073741824)]" connectTime="2026-09-19 10:58:53.924988 -0700 PDT m=+7.930814543" connectionDb=hq connectionID=10 query="SELECT @@max_allowed_packet"
time="2026-09-19T10:58:53-07:00" level=trace msg="committing transaction DoltTransaction" connectTime="2026-09-19 10:58:53.924988 -0700 PDT m=+7.930814543" connectionDb=hq connectionID=10 query="SELECT @@max_allowed_packet"
time="2026-09-19T10:58:53-07:00" level=trace msg="returning result &{[name:\"@@max_allowed_packet\" type:UINT64 org_name:\"@@max_allowed_packet\" column_length:20 charset:255 flags:32] 1 0  [[UINT64(1073741824)]] <nil>}" connectTime="2026-09-19 10:58:53.924988 -0700 PDT m=+7.930814543" connectionDb=hq connectionID=10 query="SELECT @@max_allowed_packet"
time="2026-09-19T10:58:53-07:00" level=debug msg="Query finished in 16 ms" connectTime="2026-09-19 10:58:53.924988 -0700 PDT m=+7.930814543" connectionDb=hq connectionID=10 query="SELECT @@max_allowed_packet" queryTime="2026-09-19 10:58:53.942243 -0700 PDT m=+7.948069460"
time="2026-09-19T10:58:53-07:00" level=debug msg="Starting query" connectTime="2026-09-19 10:58:53.924988 -0700 PDT m=+7.930814543" connectionDb=hq connectionID=10 query="SELECT COUNT(*) FROM information_schema.tables WHERE table_schema = DATABASE() AND table_name = 'schema_migrations'" queryTime="2026-09-19 10:58:53.943361 -0700 PDT m=+7.949187210"
time="2026-09-19T10:58:53-07:00" level=trace msg="beginning execution" connectTime="2026-09-19 10:58:53.924988 -0700 PDT m=+7.930814543" connectionDb=hq connectionID=10 query="SELECT COUNT(*) FROM information_schema.tables WHERE table_schema = DATABASE() AND table_name = 'schema_migrations'" queryTime="2026-09-19 10:58:53.943443 -0700 PDT m=+7.949269210"
time="2026-09-19T10:58:53-07:00" level=trace msg="beginning new transaction" connectTime="2026-09-19 10:58:53.924988 -0700 PDT m=+7.930814543" connectionDb=hq connectionID=10 query="SELECT COUNT(*) FROM information_schema.tables WHERE table_schema = DATABASE() AND table_name = 'schema_migrations'"
time="2026-09-19T10:58:53-07:00" level=trace msg="spooling result row [INT64(1)]" connectTime="2026-09-19 10:58:53.924988 -0700 PDT m=+7.930814543" connectionDb=hq connectionID=10 query="SELECT COUNT(*) FROM information_schema.tables WHERE table_schema = DATABASE() AND table_name = 'schema_migrations'"
time="2026-09-19T10:58:53-07:00" level=trace msg="committing transaction DoltTransaction" connectTime="2026-09-19 10:58:53.924988 -0700 PDT m=+7.930814543" connectionDb=hq connectionID=10 query="SELECT COUNT(*) FROM information_schema.tables WHERE table_schema = DATABASE() AND table_name = 'schema_migrations'"
time="2026-09-19T10:58:53-07:00" level=trace msg="returning result &{[name:\"COUNT(*)\" type:INT64 org_name:\"COUNT(*)\" column_length:20 charset:255 flags:1] 1 0  [[INT64(1)]] <nil>}" connectTime="2026-09-19 10:58:53.924988 -0700 PDT m=+7.930814543" connectionDb=hq connectionID=10 query="SELECT COUNT(*) FROM information_schema.tables WHERE table_schema = DATABASE() AND table_name = 'schema_migrations'"
time="2026-09-19T10:58:53-07:00" level=debug msg="Query finished in 9 ms" connectTime="2026-09-19 10:58:53.924988 -0700 PDT m=+7.930814543" connectionDb=hq connectionID=10 query="SELECT COUNT(*) FROM information_schema.tables WHERE table_schema = DATABASE() AND table_name = 'schema_migrations'" queryTime="2026-09-19 10:58:53.952247 -0700 PDT m=+7.958073210"
time="2026-09-19T10:58:53-07:00" level=debug msg="Starting query" connectTime="2026-09-19 10:58:53.924988 -0700 PDT m=+7.930814543" connectionDb=hq connectionID=10 query="SELECT COALESCE(MAX(version), 0) FROM schema_migrations" queryTime="2026-09-19 10:58:53.952835 -0700 PDT m=+7.958660793"
time="2026-09-19T10:58:53-07:00" level=trace msg="beginning execution" connectTime="2026-09-19 10:58:53.924988 -0700 PDT m=+7.930814543" connectionDb=hq connectionID=10 query="SELECT COALESCE(MAX(version), 0) FROM schema_migrations" queryTime="2026-09-19 10:58:53.952886 -0700 PDT m=+7.958712543"
time="2026-09-19T10:58:53-07:00" level=trace msg="beginning new transaction" connectTime="2026-09-19 10:58:53.924988 -0700 PDT m=+7.930814543" connectionDb=hq connectionID=10 query="SELECT COALESCE(MAX(version), 0) FROM schema_migrations"
time="2026-09-19T10:58:53-07:00" level=trace msg="spooling result row [INT32(16)]" connectTime="2026-09-19 10:58:53.924988 -0700 PDT m=+7.930814543" connectionDb=hq connectionID=10 query="SELECT COALESCE(MAX(version), 0) FROM schema_migrations"
time="2026-09-19T10:58:53-07:00" level=trace msg="committing transaction DoltTransaction" connectTime="2026-09-19 10:58:53.924988 -0700 PDT m=+7.930814543" connectionDb=hq connectionID=10 query="SELECT COALESCE(MAX(version), 0) FROM schema_migrations"
time="2026-09-19T10:58:53-07:00" level=trace msg="returning result &{[name:\"COALESCE(MAX(version), 0)\" type:INT32 org_name:\"COALESCE(MAX(version), 0)\" column_length:11 charset:255 flags:1] 1 0  [[INT32(16)]] <nil>}" connectTime="2026-09-19 10:58:53.924988 -0700 PDT m=+7.930814543" connectionDb=hq connectionID=10 query="SELECT COALESCE(MAX(version), 0) FROM schema_migrations"
time="2026-09-19T10:58:53-07:00" level=debug msg="Query finished in 1 ms" connectTime="2026-09-19 10:58:53.924988 -0700 PDT m=+7.930814543" connectionDb=hq connectionID=10 query="SELECT COALESCE(MAX(version), 0) FROM schema_migrations" queryTime="2026-09-19 10:58:53.954538 -0700 PDT m=+7.960363668"
time="2026-09-19T10:58:53-07:00" level=debug msg="Starting query" connectTime="2026-09-19 10:58:53.924988 -0700 PDT m=+7.930814543" connectionDb=hq connectionID=10 query="SELECT COUNT(*) FROM information_schema.tables WHERE table_schema = DATABASE() AND table_name = 'schema_migrations'" queryTime="2026-09-19 10:58:53.955318 -0700 PDT m=+7.961144335"
time="2026-09-19T10:58:53-07:00" level=trace msg="beginning execution" connectTime="2026-09-19 10:58:53.924988 -0700 PDT m=+7.930814543" connectionDb=hq connectionID=10 query="SELECT COUNT(*) FROM information_schema.tables WHERE table_schema = DATABASE() AND table_name = 'schema_migrations'" queryTime="2026-09-19 10:58:53.955399 -0700 PDT m=+7.961225376"
time="2026-09-19T10:58:53-07:00" level=trace msg="beginning new transaction" connectTime="2026-09-19 10:58:53.924988 -0700 PDT m=+7.930814543" connectionDb=hq connectionID=10 query="SELECT COUNT(*) FROM information_schema.tables WHERE table_schema = DATABASE() AND table_name = 'schema_migrations'"
time="2026-09-19T10:58:53-07:00" level=trace msg="spooling result row [INT64(1)]" connectTime="2026-09-19 10:58:53.924988 -0700 PDT m=+7.930814543" connectionDb=hq connectionID=10 query="SELECT COUNT(*) FROM information_schema.tables WHERE table_schema = DATABASE() AND table_name = 'schema_migrations'"
time="2026-09-19T10:58:53-07:00" level=trace msg="committing transaction DoltTransaction" connectTime="2026-09-19 10:58:53.924988 -0700 PDT m=+7.930814543" connectionDb=hq connectionID=10 query="SELECT COUNT(*) FROM information_schema.tables WHERE table_schema = DATABASE() AND table_name = 'schema_migrations'"
time="2026-09-19T10:58:53-07:00" level=trace msg="returning result &{[name:\"COUNT(*)\" type:INT64 org_name:\"COUNT(*)\" column_length:20 charset:255 flags:1] 1 0  [[INT64(1)]] <nil>}" connectTime="2026-09-19 10:58:53.924988 -0700 PDT m=+7.930814543" connectionDb=hq connectionID=10 query="SELECT COUNT(*) FROM information_schema.tables WHERE table_schema = DATABASE() AND table_name = 'schema_migrations'"
time="2026-09-19T10:58:53-07:00" level=debug msg="Query finished in 2 ms" connectTime="2026-09-19 10:58:53.924988 -0700 PDT m=+7.930814543" connectionDb=hq connectionID=10 query="SELECT COUNT(*) FROM information_schema.tables WHERE table_schema = DATABASE() AND table_name = 'schema_migrations'" queryTime="2026-09-19 10:58:53.957226 -0700 PDT m=+7.963051876"
time="2026-09-19T10:58:53-07:00" level=debug msg="Starting query" connectTime="2026-09-19 10:58:53.924988 -0700 PDT m=+7.930814543" connectionDb=hq connectionID=10 query="SELECT COALESCE(MAX(version), 0) FROM schema_migrations" queryTime="2026-09-19 10:58:53.957942 -0700 PDT m=+7.963768085"
time="2026-09-19T10:58:53-07:00" level=trace msg="beginning execution" connectTime="2026-09-19 10:58:53.924988 -0700 PDT m=+7.930814543" connectionDb=hq connectionID=10 query="SELECT COALESCE(MAX(version), 0) FROM schema_migrations" queryTime="2026-09-19 10:58:53.958013 -0700 PDT m=+7.963838793"
time="2026-09-19T10:58:53-07:00" level=trace msg="beginning new transaction" connectTime="2026-09-19 10:58:53.924988 -0700 PDT m=+7.930814543" connectionDb=hq connectionID=10 query="SELECT COALESCE(MAX(version), 0) FROM schema_migrations"
time="2026-09-19T10:58:53-07:00" level=trace msg="spooling result row [INT32(16)]" connectTime="2026-09-19 10:58:53.924988 -0700 PDT m=+7.930814543" connectionDb=hq connectionID=10 query="SELECT COALESCE(MAX(version), 0) FROM schema_migrations"
time="2026-09-19T10:58:53-07:00" level=trace msg="committing transaction DoltTransaction" connectTime="2026-09-19 10:58:53.924988 -0700 PDT m=+7.930814543" connectionDb=hq connectionID=10 query="SELECT COALESCE(MAX(version), 0) FROM schema_migrations"
time="2026-09-19T10:58:53-07:00" level=trace msg="returning result &{[name:\"COALESCE(MAX(version), 0)\" type:INT32 org_name:\"COALESCE(MAX(version), 0)\" column_length:11 charset:255 flags:1] 1 0  [[INT32(16)]] <nil>}" connectTime="2026-09-19 10:58:53.924988 -0700 PDT m=+7.930814543" connectionDb=hq connectionID=10 query="SELECT COALESCE(MAX(version), 0) FROM schema_migrations"
time="2026-09-19T10:58:53-07:00" level=debug msg="Query finished in 1 ms" connectTime="2026-09-19 10:58:53.924988 -0700 PDT m=+7.930814543" connectionDb=hq connectionID=10 query="SELECT COALESCE(MAX(version), 0) FROM schema_migrations" queryTime="2026-09-19 10:58:53.959647 -0700 PDT m=+7.965472668"
time="2026-09-19T10:58:53-07:00" level=debug msg="Starting query" connectTime="2026-09-19 10:58:53.924988 -0700 PDT m=+7.930814543" connectionDb=hq connectionID=10 query="SELECT COUNT(*) FROM dolt_remotes" queryTime="2026-09-19 10:58:53.961416 -0700 PDT m=+7.967242418"
time="2026-09-19T10:58:53-07:00" level=trace msg="beginning execution" connectTime="2026-09-19 10:58:53.924988 -0700 PDT m=+7.930814543" connectionDb=hq connectionID=10 query="SELECT COUNT(*) FROM dolt_remotes" queryTime="2026-09-19 10:58:53.961515 -0700 PDT m=+7.967341085"
time="2026-09-19T10:58:53-07:00" level=trace msg="beginning new transaction" connectTime="2026-09-19 10:58:53.924988 -0700 PDT m=+7.930814543" connectionDb=hq connectionID=10 query="SELECT COUNT(*) FROM dolt_remotes"
time="2026-09-19T10:58:53-07:00" level=trace msg="spooling result row [INT64(0)]" connectTime="2026-09-19 10:58:53.924988 -0700 PDT m=+7.930814543" connectionDb=hq connectionID=10 query="SELECT COUNT(*) FROM dolt_remotes"
time="2026-09-19T10:58:53-07:00" level=trace msg="committing transaction DoltTransaction" connectTime="2026-09-19 10:58:53.924988 -0700 PDT m=+7.930814543" connectionDb=hq connectionID=10 query="SELECT COUNT(*) FROM dolt_remotes"
time="2026-09-19T10:58:53-07:00" level=trace msg="returning result &{[name:\"COUNT(*)\" type:INT64 org_name:\"COUNT(*)\" column_length:20 charset:255 flags:1] 1 0  [[INT64(0)]] <nil>}" connectTime="2026-09-19 10:58:53.924988 -0700 PDT m=+7.930814543" connectionDb=hq connectionID=10 query="SELECT COUNT(*) FROM dolt_remotes"
time="2026-09-19T10:58:53-07:00" level=debug msg="Query finished in 2 ms" connectTime="2026-09-19 10:58:53.924988 -0700 PDT m=+7.930814543" connectionDb=hq connectionID=10 query="SELECT COUNT(*) FROM dolt_remotes" queryTime="2026-09-19 10:58:53.96358 -0700 PDT m=+7.969406210"
time="2026-09-19T10:58:53-07:00" level=info msg=ConnectionClosed connectionID=10
time="2026-09-19T10:58:53-07:00" level=info msg=ConnectionClosed connectionID=9
time="2026-09-19T10:58:54-07:00" level=info msg=NewConnection DisableClientMultiStatements=false connectionID=11
time="2026-09-19T10:58:54-07:00" level=debug msg="Starting query" connectTime="2026-09-19 10:58:54.494351 -0700 PDT m=+8.500174918" connectionID=11 query="SHOW VARIABLES WHERE Variable_name IN ('dolt_author_name','dolt_author_email','dolt_committer_name','dolt_committer_email')" queryTime="2026-09-19 10:58:54.503969 -0700 PDT m=+8.509793543"
time="2026-09-19T10:58:54-07:00" level=trace msg="beginning execution" connectTime="2026-09-19 10:58:54.494351 -0700 PDT m=+8.500174918" connectionID=11 query="SHOW VARIABLES WHERE Variable_name IN ('dolt_author_name','dolt_author_email','dolt_committer_name','dolt_committer_email')" queryTime="2026-09-19 10:58:54.505941 -0700 PDT m=+8.511765418"
time="2026-09-19T10:58:54-07:00" level=trace msg="beginning new transaction" connectTime="2026-09-19 10:58:54.494351 -0700 PDT m=+8.500174918" connectionID=11 query="SHOW VARIABLES WHERE Variable_name IN ('dolt_author_name','dolt_author_email','dolt_committer_name','dolt_committer_email')"
time="2026-09-19T10:58:54-07:00" level=trace msg="spooling result row [VARCHAR(\"dolt_author_email\") VARCHAR(\"\")]" connectTime="2026-09-19 10:58:54.494351 -0700 PDT m=+8.500174918" connectionID=11 query="SHOW VARIABLES WHERE Variable_name IN ('dolt_author_name','dolt_author_email','dolt_committer_name','dolt_committer_email')"
time="2026-09-19T10:58:54-07:00" level=trace msg="spooling result row [VARCHAR(\"dolt_author_name\") VARCHAR(\"\")]" connectTime="2026-09-19 10:58:54.494351 -0700 PDT m=+8.500174918" connectionID=11 query="SHOW VARIABLES WHERE Variable_name IN ('dolt_author_name','dolt_author_email','dolt_committer_name','dolt_committer_email')"
time="2026-09-19T10:58:54-07:00" level=trace msg="spooling result row [VARCHAR(\"dolt_committer_email\") VARCHAR(\"\")]" connectTime="2026-09-19 10:58:54.494351 -0700 PDT m=+8.500174918" connectionID=11 query="SHOW VARIABLES WHERE Variable_name IN ('dolt_author_name','dolt_author_email','dolt_committer_name','dolt_committer_email')"
time="2026-09-19T10:58:54-07:00" level=trace msg="spooling result row [VARCHAR(\"dolt_committer_name\") VARCHAR(\"\")]" connectTime="2026-09-19 10:58:54.494351 -0700 PDT m=+8.500174918" connectionID=11 query="SHOW VARIABLES WHERE Variable_name IN ('dolt_author_name','dolt_author_email','dolt_committer_name','dolt_committer_email')"
time="2026-09-19T10:58:54-07:00" level=trace msg="committing transaction DoltTransaction" connectTime="2026-09-19 10:58:54.494351 -0700 PDT m=+8.500174918" connectionID=11 query="SHOW VARIABLES WHERE Variable_name IN ('dolt_author_name','dolt_author_email','dolt_committer_name','dolt_committer_email')"
time="2026-09-19T10:58:54-07:00" level=debug msg="Query finished in 29 ms" connectTime="2026-09-19 10:58:54.494351 -0700 PDT m=+8.500174918" connectionID=11 query="SHOW VARIABLES WHERE Variable_name IN ('dolt_author_name','dolt_author_email','dolt_committer_name','dolt_committer_email')" queryTime="2026-09-19 10:58:54.527696 -0700 PDT m=+8.533520168"
time="2026-09-19T10:58:54-07:00" level=debug msg="Starting query" connectTime="2026-09-19 10:58:54.494351 -0700 PDT m=+8.500174918" connectionID=11 query="SET @@SESSION.dolt_author_email = \"diagnostic@example.invalid\", @@SESSION.dolt_author_name = \"Diagnostic\", @@SESSION.dolt_committer_email = \"diagnostic@example.invalid\", @@SESSION.dolt_committer_name = \"Diagnostic\"" queryTime="2026-09-19 10:58:54.52897 -0700 PDT m=+8.534794251"
time="2026-09-19T10:58:54-07:00" level=trace msg="beginning execution" connectTime="2026-09-19 10:58:54.494351 -0700 PDT m=+8.500174918" connectionID=11 query="SET @@SESSION.dolt_author_email = \"diagnostic@example.invalid\", @@SESSION.dolt_author_name = \"Diagnostic\", @@SESSION.dolt_committer_email = \"diagnostic@example.invalid\", @@SESSION.dolt_committer_name = \"Diagnostic\"" queryTime="2026-09-19 10:58:54.529072 -0700 PDT m=+8.534896001"
time="2026-09-19T10:58:54-07:00" level=trace msg="beginning new transaction" connectTime="2026-09-19 10:58:54.494351 -0700 PDT m=+8.500174918" connectionID=11 query="SET @@SESSION.dolt_author_email = \"diagnostic@example.invalid\", @@SESSION.dolt_author_name = \"Diagnostic\", @@SESSION.dolt_committer_email = \"diagnostic@example.invalid\", @@SESSION.dolt_committer_name = \"Diagnostic\""
time="2026-09-19T10:58:54-07:00" level=trace msg="committing transaction DoltTransaction" connectTime="2026-09-19 10:58:54.494351 -0700 PDT m=+8.500174918" connectionID=11 query="SET @@SESSION.dolt_author_email = \"diagnostic@example.invalid\", @@SESSION.dolt_author_name = \"Diagnostic\", @@SESSION.dolt_committer_email = \"diagnostic@example.invalid\", @@SESSION.dolt_committer_name = \"Diagnostic\""
time="2026-09-19T10:58:54-07:00" level=trace msg="returning empty result" connectTime="2026-09-19 10:58:54.494351 -0700 PDT m=+8.500174918" connectionID=11 query="SET @@SESSION.dolt_author_email = \"diagnostic@example.invalid\", @@SESSION.dolt_author_name = \"Diagnostic\", @@SESSION.dolt_committer_email = \"diagnostic@example.invalid\", @@SESSION.dolt_committer_name = \"Diagnostic\""
time="2026-09-19T10:58:54-07:00" level=debug msg="Query finished in 1 ms" connectTime="2026-09-19 10:58:54.494351 -0700 PDT m=+8.500174918" connectionID=11 query="SET @@SESSION.dolt_author_email = \"diagnostic@example.invalid\", @@SESSION.dolt_author_name = \"Diagnostic\", @@SESSION.dolt_committer_email = \"diagnostic@example.invalid\", @@SESSION.dolt_committer_name = \"Diagnostic\"" queryTime="2026-09-19 10:58:54.530726 -0700 PDT m=+8.536549751"
time="2026-09-19T10:58:54-07:00" level=debug msg="Starting query" connectTime="2026-09-19 10:58:54.494351 -0700 PDT m=+8.500174918" connectionID=11 query="USE hq" queryTime="2026-09-19 10:58:54.533965 -0700 PDT m=+8.539789210"
time="2026-09-19T10:58:54-07:00" level=trace msg="beginning execution" connectTime="2026-09-19 10:58:54.494351 -0700 PDT m=+8.500174918" connectionID=11 query="USE hq" queryTime="2026-09-19 10:58:54.53406 -0700 PDT m=+8.539884293"
time="2026-09-19T10:58:54-07:00" level=trace msg="beginning new transaction" connectTime="2026-09-19 10:58:54.494351 -0700 PDT m=+8.500174918" connectionID=11 query="USE hq"
time="2026-09-19T10:58:54-07:00" level=trace msg="committing transaction DoltTransaction" connectTime="2026-09-19 10:58:54.494351 -0700 PDT m=+8.500174918" connectionDb=hq connectionID=11 query="USE hq"
time="2026-09-19T10:58:54-07:00" level=trace msg="returning empty result" connectTime="2026-09-19 10:58:54.494351 -0700 PDT m=+8.500174918" connectionDb=hq connectionID=11 query="USE hq"
time="2026-09-19T10:58:54-07:00" level=debug msg="Query finished in 6 ms" connectTime="2026-09-19 10:58:54.494351 -0700 PDT m=+8.500174918" connectionDb=hq connectionID=11 query="USE hq" queryTime="2026-09-19 10:58:54.540771 -0700 PDT m=+8.546594751"
time="2026-09-19T10:58:54-07:00" level=debug msg="Starting query" connectTime="2026-09-19 10:58:54.494351 -0700 PDT m=+8.500174918" connectionDb=hq connectionID=11 query="SELECT MAX(version) AS version FROM schema_migrations" queryTime="2026-09-19 10:58:54.541915 -0700 PDT m=+8.547738668"
time="2026-09-19T10:58:54-07:00" level=trace msg="beginning execution" connectTime="2026-09-19 10:58:54.494351 -0700 PDT m=+8.500174918" connectionDb=hq connectionID=11 query="SELECT MAX(version) AS version FROM schema_migrations" queryTime="2026-09-19 10:58:54.541981 -0700 PDT m=+8.547804751"
time="2026-09-19T10:58:54-07:00" level=trace msg="beginning new transaction" connectTime="2026-09-19 10:58:54.494351 -0700 PDT m=+8.500174918" connectionDb=hq connectionID=11 query="SELECT MAX(version) AS version FROM schema_migrations"
time="2026-09-19T10:58:54-07:00" level=trace msg="spooling result row [INT32(16)]" connectTime="2026-09-19 10:58:54.494351 -0700 PDT m=+8.500174918" connectionDb=hq connectionID=11 query="SELECT MAX(version) AS version FROM schema_migrations"
time="2026-09-19T10:58:54-07:00" level=trace msg="committing transaction DoltTransaction" connectTime="2026-09-19 10:58:54.494351 -0700 PDT m=+8.500174918" connectionDb=hq connectionID=11 query="SELECT MAX(version) AS version FROM schema_migrations"
time="2026-09-19T10:58:54-07:00" level=trace msg="returning result &{[name:\"version\" type:INT32 org_name:\"version\" column_length:11 charset:255 flags:1] 1 0  [[INT32(16)]] <nil>}" connectTime="2026-09-19 10:58:54.494351 -0700 PDT m=+8.500174918" connectionDb=hq connectionID=11 query="SELECT MAX(version) AS version FROM schema_migrations"
time="2026-09-19T10:58:54-07:00" level=debug msg="Query finished in 13 ms" connectTime="2026-09-19 10:58:54.494351 -0700 PDT m=+8.500174918" connectionDb=hq connectionID=11 query="SELECT MAX(version) AS version FROM schema_migrations" queryTime="2026-09-19 10:58:54.555388 -0700 PDT m=+8.561211668"
time="2026-09-19T10:58:54-07:00" level=debug msg="Starting query" connectTime="2026-09-19 10:58:54.494351 -0700 PDT m=+8.500174918" connectionDb=hq connectionID=11 query="SELECT * FROM dolt_status" queryTime="2026-09-19 10:58:54.556562 -0700 PDT m=+8.562386001"
time="2026-09-19T10:58:54-07:00" level=trace msg="beginning execution" connectTime="2026-09-19 10:58:54.494351 -0700 PDT m=+8.500174918" connectionDb=hq connectionID=11 query="SELECT * FROM dolt_status" queryTime="2026-09-19 10:58:54.556642 -0700 PDT m=+8.562465418"
time="2026-09-19T10:58:54-07:00" level=trace msg="beginning new transaction" connectTime="2026-09-19 10:58:54.494351 -0700 PDT m=+8.500174918" connectionDb=hq connectionID=11 query="SELECT * FROM dolt_status"
time="2026-09-19T10:58:54-07:00" level=trace msg="spooling result row [TEXT(\"config\") INT8(1) TEXT(\"modified\")]" connectTime="2026-09-19 10:58:54.494351 -0700 PDT m=+8.500174918" connectionDb=hq connectionID=11 query="SELECT * FROM dolt_status"
time="2026-09-19T10:58:54-07:00" level=trace msg="spooling result row [TEXT(\"schema_migrations\") INT8(1) TEXT(\"modified\")]" connectTime="2026-09-19 10:58:54.494351 -0700 PDT m=+8.500174918" connectionDb=hq connectionID=11 query="SELECT * FROM dolt_status"
time="2026-09-19T10:58:54-07:00" level=trace msg="committing transaction DoltTransaction" connectTime="2026-09-19 10:58:54.494351 -0700 PDT m=+8.500174918" connectionDb=hq connectionID=11 query="SELECT * FROM dolt_status"
time="2026-09-19T10:58:54-07:00" level=debug msg="Query finished in 48 ms" connectTime="2026-09-19 10:58:54.494351 -0700 PDT m=+8.500174918" connectionDb=hq connectionID=11 query="SELECT * FROM dolt_status" queryTime="2026-09-19 10:58:54.605156 -0700 PDT m=+8.610980168"
time="2026-09-19T10:58:54-07:00" level=info msg=ConnectionClosed connectionID=11
time="2026-09-19T10:58:54-07:00" level=info msg="Server closing listener. No longer accepting connections."
time="2026-09-19T10:58:54-07:00" level=trace msg="Stopping eventExecutor"
